week_start,week_end,year,gasolina_premium,gasolina_regular,gasoil_regular,gasoil_optimo,glp,source_file,record_status,source_verified,quality_flag,source_sheet,source_row,source_period_text,date_action,validation_reference
2000-12-09,2000-12-15,2000,38.22,33.44,24.79,26.87,,HISTORICO_PRECIOS_COMBUSTIBLES_SERIE_2000_-_2018_SEPTIEMBRE.xls :: Prom.Precs.Anual Pub. 2000,observed,official_xls,ok,Prom.Precs.Anual Pub. 2000,7,09-DIC AL 15 DIC 2000,rebuilt_from_official_weekly_sequence,https://micm.gob.do/transparencia/images/pdf/transparencia/Estadisticas_Institucionales/2018/HISTORICO_PRECIOS_COMBUSTIBLES_SERIE_2000_-_2018_SEPTIEMBRE.xls
2000-12-16,2000-12-22,2000,38.39,33.64,24.16,26.24,,HISTORICO_PRECIOS_COMBUSTIBLES_SERIE_2000_-_2018_SEPTIEMBRE.xls :: Prom.Precs.Anual Pub. 2000,observed,official_xls,ok,Prom.Precs.Anual Pub. 2000,8,16 DIC AL 22 DIC 2000,rebuilt_from_official_weekly_sequence,https://micm.gob.do/transparencia/images/pdf/transparencia/Estadisticas_Institucionales/2018/HISTORICO_PRECIOS_COMBUSTIBLES_SERIE_2000_-_2018_SEPTIEMBRE.xls
2000-12-23,2000-12-29,2000,38.75,34.02,23.50,25.58,,HISTORICO_PRECIOS_COMBUSTIBLES_SERIE_2000_-_2018_SEPTIEMBRE.xls :: Prom.Precs.Anual Pub. 2000,observed,official_xls,ok,Prom.Precs.Anual Pub. 2000,9,23 DIC AL 29 DIC 2000,rebuilt_from_official_weekly_sequence,https://micm.gob.do/transparencia/images/pdf/transparencia/Estadisticas_Institucionales/2018/HISTORICO_PRECIOS_COMBUSTIBLES_SERIE_2000_-_2018_SEPTIEMBRE.xls
2000-12-30,2001-01-05,2000,38.65,33.80,23.34,25.41,,HISTORICO_PRECIOS_COMBUSTIBLES_SERIE_2000_-_2018_SEPTIEMBRE.xls :: Prom.Precs.Anual Combusts.2001,observed,official_xls,ok,Prom.Precs.Anual Combusts.2001,7,30 DIC 2000 AL 05 ENE 2001,rebuilt_from_official_weekly_sequence,https://micm.gob.do/transparencia/images/pdf/transparencia/Estadisticas_Institucionales/2018/HISTORICO_PRECIOS_COMBUSTIBLES_SERIE_2000_-_2018_SEPTIEMBRE.xls
2001-01-06,2001-01-12,2001,40.38,35.53,23.88,25.95,,HISTORICO_PRECIOS_COMBUSTIBLES_SERIE_2000_-_2018_SEPTIEMBRE.xls :: Prom.Precs.Anual Combusts.2001,observed,official_xls,ok,Prom.Precs.Anual Combusts.2001,8,06 AL 12 ENE 2001,rebuilt_from_official_weekly_sequence,https://micm.gob.do/transparencia/images/pdf/transparencia/Estadisticas_Institucionales/2018/HISTORICO_PRECIOS_COMBUSTIBLES_SERIE_2000_-_2018_SEPTIEMBRE.xls
2001-01-13,2001-01-19,2001,41.73,36.48,23.28,25.35,,HISTORICO_PRECIOS_COMBUSTIBLES_SERIE_2000_-_2018_SEPTIEMBRE.xls :: Prom.Precs.Anual Combusts.2001,observed,official_xls,ok,Prom.Precs.Anual Combusts.2001,9,13 AL 19 ENE 2001,rebuilt_from_official_weekly_sequence,https://micm.gob.do/transparencia/images/pdf/transparencia/Estadisticas_Institucionales/2018/HISTORICO_PRECIOS_COMBUSTIBLES_SERIE_2000_-_2018_SEPTIEMBRE.xls
2001-01-20,2001-01-26,2001,42.00,36.69,24.14,26.22,,HISTORICO_PRECIOS_COMBUSTIBLES_SERIE_2000_-_2018_SEPTIEMBRE.xls :: Prom.Precs.Anual Combusts.2001,observed,official_xls,ok,Prom.Precs.Anual Combusts.2001,10,20 AL 26 ENE 2001,rebuilt_from_official_weekly_sequence,https://micm.gob.do/transparencia/images/pdf/transparencia/Estadisticas_Institucionales/2018/HISTORICO_PRECIOS_COMBUSTIBLES_SERIE_2000_-_2018_SEPTIEMBRE.xls
2001-01-27,2001-02-02,2001,41.56,36.33,25.00,27.08,,HISTORICO_PRECIOS_COMBUSTIBLES_SERIE_2000_-_2018_SEPTIEMBRE.xls :: Prom.Precs.Anual Combusts.2001,observed,official_xls,ok,Prom.Precs.Anual Combusts.2001,11,27 ENE AL 02 FEB 2001,rebuilt_from_official_weekly_sequence,https://micm.gob.do/transparencia/images/pdf/transparencia/Estadisticas_Institucionales/2018/HISTORICO_PRECIOS_COMBUSTIBLES_SERIE_2000_-_2018_SEPTIEMBRE.xls
2001-02-03,2001-02-09,2001,40.93,35.54,23.56,25.61,,HISTORICO_PRECIOS_COMBUSTIBLES_SERIE_2000_-_2018_SEPTIEMBRE.xls :: Prom.Precs.Anual Combusts.2001,observed,official_xls,ok,Prom.Precs.Anual Combusts.2001,12,03 AL 19 FEB 2001,rebuilt_from_official_weekly_sequence,https://micm.gob.do/transparencia/images/pdf/transparencia/Estadisticas_Institucionales/2018/HISTORICO_PRECIOS_COMBUSTIBLES_SERIE_2000_-_2018_SEPTIEMBRE.xls
2001-02-10,2001-02-16,2001,41.94,36.83,24.24,26.29,,HISTORICO_PRECIOS_COMBUSTIBLES_SERIE_2000_-_2018_SEPTIEMBRE.xls :: Prom.Precs.Anual Combusts.2001,observed,official_xls,ok,Prom.Precs.Anual Combusts.2001,13,10 AL 16 FEB 2001,rebuilt_from_official_weekly_sequence,https://micm.gob.do/transparencia/images/pdf/transparencia/Estadisticas_Institucionales/2018/HISTORICO_PRECIOS_COMBUSTIBLES_SERIE_2000_-_2018_SEPTIEMBRE.xls
2001-02-17,2001-02-23,2001,41.25,36.17,22.77,24.83,,HISTORICO_PRECIOS_COMBUSTIBLES_SERIE_2000_-_2018_SEPTIEMBRE.xls :: Prom.Precs.Anual Combusts.2001,observed,official_xls,ok,Prom.Precs.Anual Combusts.2001,14,17 AL 23 FEB 2001,rebuilt_from_official_weekly_sequence,https://micm.gob.do/transparencia/images/pdf/transparencia/Estadisticas_Institucionales/2018/HISTORICO_PRECIOS_COMBUSTIBLES_SERIE_2000_-_2018_SEPTIEMBRE.xls
2001-02-24,2001-03-02,2001,39.82,34.86,22.12,24.17,,HISTORICO_PRECIOS_COMBUSTIBLES_SERIE_2000_-_2018_SEPTIEMBRE.xls :: Prom.Precs.Anual Combusts.2001,observed,official_xls,ok,Prom.Precs.Anual Combusts.2001,15,24 FEB AL 02 MAR 2001,rebuilt_from_official_weekly_sequence,https://micm.gob.do/transparencia/images/pdf/transparencia/Estadisticas_Institucionales/2018/HISTORICO_PRECIOS_COMBUSTIBLES_SERIE_2000_-_2018_SEPTIEMBRE.xls
2001-03-03,2001-03-09,2001,39.93,35.02,21.69,23.77,,HISTORICO_PRECIOS_COMBUSTIBLES_SERIE_2000_-_2018_SEPTIEMBRE.xls :: Prom.Precs.Anual Combusts.2001,observed,official_xls,ok,Prom.Precs.Anual Combusts.2001,16,03 AL 09 MAR 2001,rebuilt_from_official_weekly_sequence,https://micm.gob.do/transparencia/images/pdf/transparencia/Estadisticas_Institucionales/2018/HISTORICO_PRECIOS_COMBUSTIBLES_SERIE_2000_-_2018_SEPTIEMBRE.xls
2001-03-10,2001-03-16,2001,40.08,34.61,21.74,23.83,,HISTORICO_PRECIOS_COMBUSTIBLES_SERIE_2000_-_2018_SEPTIEMBRE.xls :: Prom.Precs.Anual Combusts.2001,observed,official_xls,ok,Prom.Precs.Anual Combusts.2001,17,10 AL 16 MAR 2001,rebuilt_from_official_weekly_sequence,https://micm.gob.do/transparencia/images/pdf/transparencia/Estadisticas_Institucionales/2018/HISTORICO_PRECIOS_COMBUSTIBLES_SERIE_2000_-_2018_SEPTIEMBRE.xls
2001-03-17,2001-03-23,2001,40.65,34.58,21.76,23.83,,HISTORICO_PRECIOS_COMBUSTIBLES_SERIE_2000_-_2018_SEPTIEMBRE.xls :: Prom.Precs.Anual Combusts.2001,observed,official_xls,ok,Prom.Precs.Anual Combusts.2001,18,17 AL 23 MAR 2001,rebuilt_from_official_weekly_sequence,https://micm.gob.do/transparencia/images/pdf/transparencia/Estadisticas_Institucionales/2018/HISTORICO_PRECIOS_COMBUSTIBLES_SERIE_2000_-_2018_SEPTIEMBRE.xls
2001-03-24,2001-03-30,2001,40.62,34.19,20.86,22.94,,HISTORICO_PRECIOS_COMBUSTIBLES_SERIE_2000_-_2018_SEPTIEMBRE.xls :: Prom.Precs.Anual Combusts.2001,observed,official_xls,ok,Prom.Precs.Anual Combusts.2001,19,24 AL 30 MAR 2001,rebuilt_from_official_weekly_sequence,https://micm.gob.do/transparencia/images/pdf/transparencia/Estadisticas_Institucionales/2018/HISTORICO_PRECIOS_COMBUSTIBLES_SERIE_2000_-_2018_SEPTIEMBRE.xls
2001-03-31,2001-04-06,2001,41.61,36.01,22.00,24.38,,HISTORICO_PRECIOS_COMBUSTIBLES_SERIE_2000_-_2018_SEPTIEMBRE.xls :: Prom.Precs.Anual Combusts.2001,observed,official_xls,ok,Prom.Precs.Anual Combusts.2001,20,31 MAR AL 06 ABR 2001,rebuilt_from_official_weekly_sequence,https://micm.gob.do/transparencia/images/pdf/transparencia/Estadisticas_Institucionales/2018/HISTORICO_PRECIOS_COMBUSTIBLES_SERIE_2000_-_2018_SEPTIEMBRE.xls
2001-04-07,2001-04-13,2001,42.25,36.53,21.44,23.52,,HISTORICO_PRECIOS_COMBUSTIBLES_SERIE_2000_-_2018_SEPTIEMBRE.xls :: Prom.Precs.Anual Combusts.2001,observed,official_xls,ok,Prom.Precs.Anual Combusts.2001,21,07 AL 13 ABRIL 2001,rebuilt_from_official_weekly_sequence,https://micm.gob.do/transparencia/images/pdf/transparencia/Estadisticas_Institucionales/2018/HISTORICO_PRECIOS_COMBUSTIBLES_SERIE_2000_-_2018_SEPTIEMBRE.xls
2001-04-14,2001-04-20,2001,43.82,38.56,23.14,25.42,,HISTORICO_PRECIOS_COMBUSTIBLES_SERIE_2000_-_2018_SEPTIEMBRE.xls :: Prom.Precs.Anual Combusts.2001,observed,official_xls,ok,Prom.Precs.Anual Combusts.2001,22,14 AL 20 ABRIL 2001,rebuilt_from_official_weekly_sequence,https://micm.gob.do/transparencia/images/pdf/transparencia/Estadisticas_Institucionales/2018/HISTORICO_PRECIOS_COMBUSTIBLES_SERIE_2000_-_2018_SEPTIEMBRE.xls
2001-04-21,2001-04-27,2001,43.82,38.16,22.75,25.00,,HISTORICO_PRECIOS_COMBUSTIBLES_SERIE_2000_-_2018_SEPTIEMBRE.xls :: Prom.Precs.Anual Combusts.2001,observed,official_xls,ok,Prom.Precs.Anual Combusts.2001,23,21 AL 27 ABRIL 2001,rebuilt_from_official_weekly_sequence,https://micm.gob.do/transparencia/images/pdf/transparencia/Estadisticas_Institucionales/2018/HISTORICO_PRECIOS_COMBUSTIBLES_SERIE_2000_-_2018_SEPTIEMBRE.xls
2001-04-28,2001-05-04,2001,43.08,37.38,22.42,24.68,,HISTORICO_PRECIOS_COMBUSTIBLES_SERIE_2000_-_2018_SEPTIEMBRE.xls :: Prom.Precs.Anual Combusts.2001,observed,official_xls,ok,Prom.Precs.Anual Combusts.2001,24,28 ABR AL 04 MAY 2001,rebuilt_from_official_weekly_sequence,https://micm.gob.do/transparencia/images/pdf/transparencia/Estadisticas_Institucionales/2018/HISTORICO_PRECIOS_COMBUSTIBLES_SERIE_2000_-_2018_SEPTIEMBRE.xls
2001-05-05,2001-05-11,2001,43.30,37.74,22.10,24.19,,HISTORICO_PRECIOS_COMBUSTIBLES_SERIE_2000_-_2018_SEPTIEMBRE.xls :: Prom.Precs.Anual Combusts.2001,observed,official_xls,ok,Prom.Precs.Anual Combusts.2001,25,05 AL 11 MAYO 2001,rebuilt_from_official_weekly_sequence,https://micm.gob.do/transparencia/images/pdf/transparencia/Estadisticas_Institucionales/2018/HISTORICO_PRECIOS_COMBUSTIBLES_SERIE_2000_-_2018_SEPTIEMBRE.xls
2001-05-12,2001-05-18,2001,43.44,37.94,22.58,24.67,,HISTORICO_PRECIOS_COMBUSTIBLES_SERIE_2000_-_2018_SEPTIEMBRE.xls :: Prom.Precs.Anual Combusts.2001,observed,official_xls,ok,Prom.Precs.Anual Combusts.2001,26,12 AL 18 MAYO 2001,rebuilt_from_official_weekly_sequence,https://micm.gob.do/transparencia/images/pdf/transparencia/Estadisticas_Institucionales/2018/HISTORICO_PRECIOS_COMBUSTIBLES_SERIE_2000_-_2018_SEPTIEMBRE.xls
2001-05-19,2001-05-25,2001,41.54,36.10,22.65,24.74,,HISTORICO_PRECIOS_COMBUSTIBLES_SERIE_2000_-_2018_SEPTIEMBRE.xls :: Prom.Precs.Anual Combusts.2001,observed,official_xls,ok,Prom.Precs.Anual Combusts.2001,27,19 AL 25 MAYO 2001,rebuilt_from_official_weekly_sequence,https://micm.gob.do/transparencia/images/pdf/transparencia/Estadisticas_Institucionales/2018/HISTORICO_PRECIOS_COMBUSTIBLES_SERIE_2000_-_2018_SEPTIEMBRE.xls
2001-05-26,2001-06-01,2001,43.67,38.12,23.31,25.39,,HISTORICO_PRECIOS_COMBUSTIBLES_SERIE_2000_-_2018_SEPTIEMBRE.xls :: Prom.Precs.Anual Combusts.2001,observed,official_xls,ok,Prom.Precs.Anual Combusts.2001,28,26 MAY AL 01 JUN 2001,rebuilt_from_official_weekly_sequence,https://micm.gob.do/transparencia/images/pdf/transparencia/Estadisticas_Institucionales/2018/HISTORICO_PRECIOS_COMBUSTIBLES_SERIE_2000_-_2018_SEPTIEMBRE.xls
2001-06-02,2001-06-08,2001,41.45,36.01,22.69,24.78,,HISTORICO_PRECIOS_COMBUSTIBLES_SERIE_2000_-_2018_SEPTIEMBRE.xls :: Prom.Precs.Anual Combusts.2001,observed,official_xls,ok,Prom.Precs.Anual Combusts.2001,29,02 AL 08 JUNIO 2001,rebuilt_from_official_weekly_sequence,https://micm.gob.do/transparencia/images/pdf/transparencia/Estadisticas_Institucionales/2018/HISTORICO_PRECIOS_COMBUSTIBLES_SERIE_2000_-_2018_SEPTIEMBRE.xls
2001-06-09,2001-06-15,2001,39.38,34.17,22.59,24.69,,HISTORICO_PRECIOS_COMBUSTIBLES_SERIE_2000_-_2018_SEPTIEMBRE.xls :: Prom.Precs.Anual Combusts.2001,observed,official_xls,ok,Prom.Precs.Anual Combusts.2001,30,09 AL 15 JUNIO 2001,rebuilt_from_official_weekly_sequence,https://micm.gob.do/transparencia/images/pdf/transparencia/Estadisticas_Institucionales/2018/HISTORICO_PRECIOS_COMBUSTIBLES_SERIE_2000_-_2018_SEPTIEMBRE.xls
2001-06-16,2001-06-22,2001,39.66,34.71,23.56,25.66,,HISTORICO_PRECIOS_COMBUSTIBLES_SERIE_2000_-_2018_SEPTIEMBRE.xls :: Prom.Precs.Anual Combusts.2001,observed,official_xls,ok,Prom.Precs.Anual Combusts.2001,31,16 AL 22 JUNIO 2001,rebuilt_from_official_weekly_sequence,https://micm.gob.do/transparencia/images/pdf/transparencia/Estadisticas_Institucionales/2018/HISTORICO_PRECIOS_COMBUSTIBLES_SERIE_2000_-_2018_SEPTIEMBRE.xls
2001-06-23,2001-06-29,2001,38.02,33.11,22.18,24.28,,HISTORICO_PRECIOS_COMBUSTIBLES_SERIE_2000_-_2018_SEPTIEMBRE.xls :: Prom.Precs.Anual Combusts.2001,observed,official_xls,ok,Prom.Precs.Anual Combusts.2001,32,23 JUN AL 29 JUN 2001,rebuilt_from_official_weekly_sequence,https://micm.gob.do/transparencia/images/pdf/transparencia/Estadisticas_Institucionales/2018/HISTORICO_PRECIOS_COMBUSTIBLES_SERIE_2000_-_2018_SEPTIEMBRE.xls
2001-06-30,2001-07-06,2001,36.58,31.75,21.34,23.42,,HISTORICO_PRECIOS_COMBUSTIBLES_SERIE_2000_-_2018_SEPTIEMBRE.xls :: Prom.Precs.Anual Combusts.2001,observed,official_xls,ok,Prom.Precs.Anual Combusts.2001,33,30 JUN AL 06 JULIO 2001,rebuilt_from_official_weekly_sequence,https://micm.gob.do/transparencia/images/pdf/transparencia/Estadisticas_Institucionales/2018/HISTORICO_PRECIOS_COMBUSTIBLES_SERIE_2000_-_2018_SEPTIEMBRE.xls
2001-07-07,2001-07-13,2001,36.82,31.92,21.69,23.77,,HISTORICO_PRECIOS_COMBUSTIBLES_SERIE_2000_-_2018_SEPTIEMBRE.xls :: Prom.Precs.Anual Combusts.2001,observed,official_xls,ok,Prom.Precs.Anual Combusts.2001,34,07 AL 13 JULIO 2001,rebuilt_from_official_weekly_sequence,https://micm.gob.do/transparencia/images/pdf/transparencia/Estadisticas_Institucionales/2018/HISTORICO_PRECIOS_COMBUSTIBLES_SERIE_2000_-_2018_SEPTIEMBRE.xls
2001-07-14,2001-07-20,2001,37.45,32.49,21.45,23.53,,HISTORICO_PRECIOS_COMBUSTIBLES_SERIE_2000_-_2018_SEPTIEMBRE.xls :: Prom.Precs.Anual Combusts.2001,observed,official_xls,ok,Prom.Precs.Anual Combusts.2001,35,14 AL 20 JULIO 2001,rebuilt_from_official_weekly_sequence,https://micm.gob.do/transparencia/images/pdf/transparencia/Estadisticas_Institucionales/2018/HISTORICO_PRECIOS_COMBUSTIBLES_SERIE_2000_-_2018_SEPTIEMBRE.xls
2001-07-21,2001-07-27,2001,38.56,33.15,20.88,22.96,,HISTORICO_PRECIOS_COMBUSTIBLES_SERIE_2000_-_2018_SEPTIEMBRE.xls :: Prom.Precs.Anual Combusts.2001,observed,official_xls,ok,Prom.Precs.Anual Combusts.2001,36,21 AL 27 JULIO 2001,rebuilt_from_official_weekly_sequence,https://micm.gob.do/transparencia/images/pdf/transparencia/Estadisticas_Institucionales/2018/HISTORICO_PRECIOS_COMBUSTIBLES_SERIE_2000_-_2018_SEPTIEMBRE.xls
2001-07-28,2001-08-03,2001,38.86,33.59,21.58,23.66,,HISTORICO_PRECIOS_COMBUSTIBLES_SERIE_2000_-_2018_SEPTIEMBRE.xls :: Prom.Precs.Anual Combusts.2001,observed,official_xls,ok,Prom.Precs.Anual Combusts.2001,37,28 JUL AL 03 AGO 2001,rebuilt_from_official_weekly_sequence,https://micm.gob.do/transparencia/images/pdf/transparencia/Estadisticas_Institucionales/2018/HISTORICO_PRECIOS_COMBUSTIBLES_SERIE_2000_-_2018_SEPTIEMBRE.xls
2001-08-04,2001-08-10,2001,38.38,33.37,21.44,,,HISTORICO_PRECIOS_COMBUSTIBLES_SERIE_2000_-_2018_SEPTIEMBRE.xls :: Prom.Precs.Anual Combusts.2001,observed,official_xls,ok,Prom.Precs.Anual Combusts.2001,38,04 AL 10 AGOSTO 2001,rebuilt_from_official_weekly_sequence,https://micm.gob.do/transparencia/images/pdf/transparencia/Estadisticas_Institucionales/2018/HISTORICO_PRECIOS_COMBUSTIBLES_SERIE_2000_-_2018_SEPTIEMBRE.xls
2001-08-11,2001-08-17,2001,39.24,34.18,21.88,23.96,,HISTORICO_PRECIOS_COMBUSTIBLES_SERIE_2000_-_2018_SEPTIEMBRE.xls :: Prom.Precs.Anual Combusts.2001,observed,official_xls,ok,Prom.Precs.Anual Combusts.2001,39,11 AL 17 AGOSTO 2001,rebuilt_from_official_weekly_sequence,https://micm.gob.do/transparencia/images/pdf/transparencia/Estadisticas_Institucionales/2018/HISTORICO_PRECIOS_COMBUSTIBLES_SERIE_2000_-_2018_SEPTIEMBRE.xls
2001-08-18,2001-08-24,2001,39.60,34.62,22.14,24.23,,HISTORICO_PRECIOS_COMBUSTIBLES_SERIE_2000_-_2018_SEPTIEMBRE.xls :: Prom.Precs.Anual Combusts.2001,observed,official_xls,ok,Prom.Precs.Anual Combusts.2001,40,18 AL 24 AGOSTO 2001,rebuilt_from_official_weekly_sequence,https://micm.gob.do/transparencia/images/pdf/transparencia/Estadisticas_Institucionales/2018/HISTORICO_PRECIOS_COMBUSTIBLES_SERIE_2000_-_2018_SEPTIEMBRE.xls
2001-08-25,2001-08-31,2001,40.06,34.92,21.90,23.99,,HISTORICO_PRECIOS_COMBUSTIBLES_SERIE_2000_-_2018_SEPTIEMBRE.xls :: Prom.Precs.Anual Combusts.2001,observed,official_xls,ok,Prom.Precs.Anual Combusts.2001,41,25 AGO AL 31 AGO 2001,rebuilt_from_official_weekly_sequence,https://micm.gob.do/transparencia/images/pdf/transparencia/Estadisticas_Institucionales/2018/HISTORICO_PRECIOS_COMBUSTIBLES_SERIE_2000_-_2018_SEPTIEMBRE.xls
2001-09-01,2001-09-07,2001,41.50,36.02,22.71,24.79,,HISTORICO_PRECIOS_COMBUSTIBLES_SERIE_2000_-_2018_SEPTIEMBRE.xls :: Prom.Precs.Anual Combusts.2001,observed,official_xls,ok,Prom.Precs.Anual Combusts.2001,42,01 AL 07 SEPT 2001,rebuilt_from_official_weekly_sequence,https://micm.gob.do/transparencia/images/pdf/transparencia/Estadisticas_Institucionales/2018/HISTORICO_PRECIOS_COMBUSTIBLES_SERIE_2000_-_2018_SEPTIEMBRE.xls
2001-09-08,2001-09-14,2001,41.10,35.82,22.60,24.68,,HISTORICO_PRECIOS_COMBUSTIBLES_SERIE_2000_-_2018_SEPTIEMBRE.xls :: Prom.Precs.Anual Combusts.2001,observed,official_xls,ok,Prom.Precs.Anual Combusts.2001,43,08 AL 14 SEPT 2001,rebuilt_from_official_weekly_sequence,https://micm.gob.do/transparencia/images/pdf/transparencia/Estadisticas_Institucionales/2018/HISTORICO_PRECIOS_COMBUSTIBLES_SERIE_2000_-_2018_SEPTIEMBRE.xls
2001-09-15,2001-09-21,2001,41.52,36.35,23.04,25.12,,HISTORICO_PRECIOS_COMBUSTIBLES_SERIE_2000_-_2018_SEPTIEMBRE.xls :: Prom.Precs.Anual Combusts.2001,observed,official_xls,ok,Prom.Precs.Anual Combusts.2001,44,15 AL 21 SEPT 2001,rebuilt_from_official_weekly_sequence,https://micm.gob.do/transparencia/images/pdf/transparencia/Estadisticas_Institucionales/2018/HISTORICO_PRECIOS_COMBUSTIBLES_SERIE_2000_-_2018_SEPTIEMBRE.xls
2001-09-22,2001-09-28,2001,38.44,33.55,21.20,23.28,,HISTORICO_PRECIOS_COMBUSTIBLES_SERIE_2000_-_2018_SEPTIEMBRE.xls :: Prom.Precs.Anual Combusts.2001,observed,official_xls,ok,Prom.Precs.Anual Combusts.2001,45,22 AL 28 SEPT 2001,rebuilt_from_official_weekly_sequence,https://micm.gob.do/transparencia/images/pdf/transparencia/Estadisticas_Institucionales/2018/HISTORICO_PRECIOS_COMBUSTIBLES_SERIE_2000_-_2018_SEPTIEMBRE.xls
2001-09-29,2001-10-05,2001,36.59,31.42,20.56,22.62,,HISTORICO_PRECIOS_COMBUSTIBLES_SERIE_2000_-_2018_SEPTIEMBRE.xls :: Prom.Precs.Anual Combusts.2001,observed,official_xls,ok,Prom.Precs.Anual Combusts.2001,46,29 SEPT AL 05 OCT 2001,rebuilt_from_official_weekly_sequence,https://micm.gob.do/transparencia/images/pdf/transparencia/Estadisticas_Institucionales/2018/HISTORICO_PRECIOS_COMBUSTIBLES_SERIE_2000_-_2018_SEPTIEMBRE.xls
2001-10-06,2001-10-12,2001,36.87,31.72,20.14,22.19,,HISTORICO_PRECIOS_COMBUSTIBLES_SERIE_2000_-_2018_SEPTIEMBRE.xls :: Prom.Precs.Anual Combusts.2001,observed,official_xls,ok,Prom.Precs.Anual Combusts.2001,47,06 AL 12 OCT 2001,rebuilt_from_official_weekly_sequence,https://micm.gob.do/transparencia/images/pdf/transparencia/Estadisticas_Institucionales/2018/HISTORICO_PRECIOS_COMBUSTIBLES_SERIE_2000_-_2018_SEPTIEMBRE.xls
2001-10-13,2001-10-19,2001,36.28,31.35,20.24,22.30,,HISTORICO_PRECIOS_COMBUSTIBLES_SERIE_2000_-_2018_SEPTIEMBRE.xls :: Prom.Precs.Anual Combusts.2001,observed,official_xls,ok,Prom.Precs.Anual Combusts.2001,48,13 AL 19 OCT 2001,rebuilt_from_official_weekly_sequence,https://micm.gob.do/transparencia/images/pdf/transparencia/Estadisticas_Institucionales/2018/HISTORICO_PRECIOS_COMBUSTIBLES_SERIE_2000_-_2018_SEPTIEMBRE.xls
2001-10-20,2001-10-26,2001,35.61,30.65,19.76,21.82,14.96,HISTORICO_PRECIOS_COMBUSTIBLES_SERIE_2000_-_2018_SEPTIEMBRE.xls :: Prom.Precs.Anual Combusts.2001,observed,official_xls,ok,Prom.Precs.Anual Combusts.2001,49,20 AL 26 OCT 2001,rebuilt_from_official_weekly_sequence,https://micm.gob.do/transparencia/images/pdf/transparencia/Estadisticas_Institucionales/2018/HISTORICO_PRECIOS_COMBUSTIBLES_SERIE_2000_-_2018_SEPTIEMBRE.xls
2001-10-27,2001-11-02,2001,36.06,31.09,20.18,22.24,14.80,HISTORICO_PRECIOS_COMBUSTIBLES_SERIE_2000_-_2018_SEPTIEMBRE.xls :: Prom.Precs.Anual Combusts.2001,observed,official_xls,ok,Prom.Precs.Anual Combusts.2001,50,27 OCT AL 02 NOV 2001,rebuilt_from_official_weekly_sequence,https://micm.gob.do/transparencia/images/pdf/transparencia/Estadisticas_Institucionales/2018/HISTORICO_PRECIOS_COMBUSTIBLES_SERIE_2000_-_2018_SEPTIEMBRE.xls
2001-11-03,2001-11-09,2001,36.18,31.04,19.88,21.97,14.63,HISTORICO_PRECIOS_COMBUSTIBLES_SERIE_2000_-_2018_SEPTIEMBRE.xls :: Prom.Precs.Anual Combusts.2001,observed,official_xls,ok,Prom.Precs.Anual Combusts.2001,51,03 AL 09 NOV 2001,rebuilt_from_official_weekly_sequence,https://micm.gob.do/transparencia/images/pdf/transparencia/Estadisticas_Institucionales/2018/HISTORICO_PRECIOS_COMBUSTIBLES_SERIE_2000_-_2018_SEPTIEMBRE.xls
2001-11-10,2001-11-16,2001,36.11,31.02,19.25,21.34,14.19,HISTORICO_PRECIOS_COMBUSTIBLES_SERIE_2000_-_2018_SEPTIEMBRE.xls :: Prom.Precs.Anual Combusts.2001,observed,official_xls,ok,Prom.Precs.Anual Combusts.2001,52,10 AL 16 NOV 2001,rebuilt_from_official_weekly_sequence,https://micm.gob.do/transparencia/images/pdf/transparencia/Estadisticas_Institucionales/2018/HISTORICO_PRECIOS_COMBUSTIBLES_SERIE_2000_-_2018_SEPTIEMBRE.xls
2001-11-17,2001-11-23,2001,35.61,30.54,18.92,21.01,13.95,HISTORICO_PRECIOS_COMBUSTIBLES_SERIE_2000_-_2018_SEPTIEMBRE.xls :: Prom.Precs.Anual Combusts.2001,observed,official_xls,ok,Prom.Precs.Anual Combusts.2001,53,17 AL 23 NOV 2001,rebuilt_from_official_weekly_sequence,https://micm.gob.do/transparencia/images/pdf/transparencia/Estadisticas_Institucionales/2018/HISTORICO_PRECIOS_COMBUSTIBLES_SERIE_2000_-_2018_SEPTIEMBRE.xls
2001-11-24,2001-11-30,2001,35.62,30.56,18.65,20.75,13.52,HISTORICO_PRECIOS_COMBUSTIBLES_SERIE_2000_-_2018_SEPTIEMBRE.xls :: Prom.Precs.Anual Combusts.2001,observed,official_xls,ok,Prom.Precs.Anual Combusts.2001,54,24 NOV AL 30 DIC 2001,rebuilt_from_official_weekly_sequence,https://micm.gob.do/transparencia/images/pdf/transparencia/Estadisticas_Institucionales/2018/HISTORICO_PRECIOS_COMBUSTIBLES_SERIE_2000_-_2018_SEPTIEMBRE.xls
2001-12-01,2001-12-07,2001,35.66,30.57,18.70,20.79,13.23,HISTORICO_PRECIOS_COMBUSTIBLES_SERIE_2000_-_2018_SEPTIEMBRE.xls :: Prom.Precs.Anual Combusts.2001,observed,official_xls,ok,Prom.Precs.Anual Combusts.2001,55,01 AL 07 DIC 2001,rebuilt_from_official_weekly_sequence,https://micm.gob.do/transparencia/images/pdf/transparencia/Estadisticas_Institucionales/2018/HISTORICO_PRECIOS_COMBUSTIBLES_SERIE_2000_-_2018_SEPTIEMBRE.xls
2001-12-08,2001-12-14,2001,35.84,30.71,18.41,20.51,13.07,HISTORICO_PRECIOS_COMBUSTIBLES_SERIE_2000_-_2018_SEPTIEMBRE.xls :: Prom.Precs.Anual Combusts.2001,observed,official_xls,ok,Prom.Precs.Anual Combusts.2001,56,08 AL 14 DIC 2001,rebuilt_from_official_weekly_sequence,https://micm.gob.do/transparencia/images/pdf/transparencia/Estadisticas_Institucionales/2018/HISTORICO_PRECIOS_COMBUSTIBLES_SERIE_2000_-_2018_SEPTIEMBRE.xls
2001-12-15,2001-12-21,2001,35.51,30.36,17.98,20.08,12.88,HISTORICO_PRECIOS_COMBUSTIBLES_SERIE_2000_-_2018_SEPTIEMBRE.xls :: Prom.Precs.Anual Combusts.2001,observed,official_xls,ok,Prom.Precs.Anual Combusts.2001,57,15 AL 21 DIC 2001,rebuilt_from_official_weekly_sequence,https://micm.gob.do/transparencia/images/pdf/transparencia/Estadisticas_Institucionales/2018/HISTORICO_PRECIOS_COMBUSTIBLES_SERIE_2000_-_2018_SEPTIEMBRE.xls
2001-12-22,2001-12-28,2001,36.34,31.31,19.27,21.37,13.50,HISTORICO_PRECIOS_COMBUSTIBLES_SERIE_2000_-_2018_SEPTIEMBRE.xls :: Prom.Precs.Anual Combusts.2001,observed,official_xls,ok,Prom.Precs.Anual Combusts.2001,58,22 AL 28 DIC 2001,rebuilt_from_official_weekly_sequence,https://micm.gob.do/transparencia/images/pdf/transparencia/Estadisticas_Institucionales/2018/HISTORICO_PRECIOS_COMBUSTIBLES_SERIE_2000_-_2018_SEPTIEMBRE.xls
2001-12-29,2002-01-04,2001,37.38,32.43,19.93,22.03,13.70,HISTORICO_PRECIOS_COMBUSTIBLES_SERIE_2000_-_2018_SEPTIEMBRE.xls :: Prom.Anual Precs.Pub. 2002,observed,official_xls,ok,Prom.Anual Precs.Pub. 2002,7,29-DIC.-01 - 4-ENE.,rebuilt_from_official_weekly_sequence,https://micm.gob.do/transparencia/images/pdf/transparencia/Estadisticas_Institucionales/2018/HISTORICO_PRECIOS_COMBUSTIBLES_SERIE_2000_-_2018_SEPTIEMBRE.xls
2002-01-05,2002-01-11,2002,37.82,32.48,19.55,21.65,13.74,HISTORICO_PRECIOS_COMBUSTIBLES_SERIE_2000_-_2018_SEPTIEMBRE.xls :: Prom.Anual Precs.Pub. 2002,observed,official_xls,ok,Prom.Anual Precs.Pub. 2002,8,5-11-ENE.,rebuilt_from_official_weekly_sequence,https://micm.gob.do/transparencia/images/pdf/transparencia/Estadisticas_Institucionales/2018/HISTORICO_PRECIOS_COMBUSTIBLES_SERIE_2000_-_2018_SEPTIEMBRE.xls
2002-01-12,2002-01-18,2002,37.00,31.71,18.87,20.96,13.31,HISTORICO_PRECIOS_COMBUSTIBLES_SERIE_2000_-_2018_SEPTIEMBRE.xls :: Prom.Anual Precs.Pub. 2002,observed,official_xls,ok,Prom.Anual Precs.Pub. 2002,9,12-18-ENE.,rebuilt_from_official_weekly_sequence,https://micm.gob.do/transparencia/images/pdf/transparencia/Estadisticas_Institucionales/2018/HISTORICO_PRECIOS_COMBUSTIBLES_SERIE_2000_-_2018_SEPTIEMBRE.xls
2002-01-19,2002-01-25,2002,36.78,31.43,18.79,20.89,13.00,HISTORICO_PRECIOS_COMBUSTIBLES_SERIE_2000_-_2018_SEPTIEMBRE.xls :: Prom.Anual Precs.Pub. 2002,observed,official_xls,ok,Prom.Anual Precs.Pub. 2002,10,19-25-ENE.,rebuilt_from_official_weekly_sequence,https://micm.gob.do/transparencia/images/pdf/transparencia/Estadisticas_Institucionales/2018/HISTORICO_PRECIOS_COMBUSTIBLES_SERIE_2000_-_2018_SEPTIEMBRE.xls
2002-01-26,2002-02-01,2002,36.98,31.52,18.79,20.89,13.32,HISTORICO_PRECIOS_COMBUSTIBLES_SERIE_2000_-_2018_SEPTIEMBRE.xls :: Prom.Anual Precs.Pub. 2002,observed,official_xls,ok,Prom.Anual Precs.Pub. 2002,11,26-ENE-1-FEB,rebuilt_from_official_weekly_sequence,https://micm.gob.do/transparencia/images/pdf/transparencia/Estadisticas_Institucionales/2018/HISTORICO_PRECIOS_COMBUSTIBLES_SERIE_2000_-_2018_SEPTIEMBRE.xls
2002-02-02,2002-02-08,2002,36.60,31.29,18.48,20.58,13.23,HISTORICO_PRECIOS_COMBUSTIBLES_SERIE_2000_-_2018_SEPTIEMBRE.xls :: Prom.Anual Precs.Pub. 2002,observed,official_xls,ok,Prom.Anual Precs.Pub. 2002,12,2-8-FEB,rebuilt_from_official_weekly_sequence,https://micm.gob.do/transparencia/images/pdf/transparencia/Estadisticas_Institucionales/2018/HISTORICO_PRECIOS_COMBUSTIBLES_SERIE_2000_-_2018_SEPTIEMBRE.xls
2002-02-09,2002-02-15,2002,36.84,31.65,18.94,21.05,13.15,HISTORICO_PRECIOS_COMBUSTIBLES_SERIE_2000_-_2018_SEPTIEMBRE.xls :: Prom.Anual Precs.Pub. 2002,observed,official_xls,ok,Prom.Anual Precs.Pub. 2002,13,9-15-FEB,rebuilt_from_official_weekly_sequence,https://micm.gob.do/transparencia/images/pdf/transparencia/Estadisticas_Institucionales/2018/HISTORICO_PRECIOS_COMBUSTIBLES_SERIE_2000_-_2018_SEPTIEMBRE.xls
2002-02-16,2002-02-22,2002,37.43,32.22,19.40,21.51,13.97,HISTORICO_PRECIOS_COMBUSTIBLES_SERIE_2000_-_2018_SEPTIEMBRE.xls :: Prom.Anual Precs.Pub. 2002,observed,official_xls,ok,Prom.Anual Precs.Pub. 2002,14,16-22-FEB,rebuilt_from_official_weekly_sequence,https://micm.gob.do/transparencia/images/pdf/transparencia/Estadisticas_Institucionales/2018/HISTORICO_PRECIOS_COMBUSTIBLES_SERIE_2000_-_2018_SEPTIEMBRE.xls
2002-02-23,2002-03-01,2002,37.16,31.82,19.02,21.12,13.92,HISTORICO_PRECIOS_COMBUSTIBLES_SERIE_2000_-_2018_SEPTIEMBRE.xls :: Prom.Anual Precs.Pub. 2002,observed,official_xls,ok,Prom.Anual Precs.Pub. 2002,15,23-FEB-1-MAR,rebuilt_from_official_weekly_sequence,https://micm.gob.do/transparencia/images/pdf/transparencia/Estadisticas_Institucionales/2018/HISTORICO_PRECIOS_COMBUSTIBLES_SERIE_2000_-_2018_SEPTIEMBRE.xls
2002-03-02,2002-03-08,2002,37.64,32.30,19.37,21.46,14.11,HISTORICO_PRECIOS_COMBUSTIBLES_SERIE_2000_-_2018_SEPTIEMBRE.xls :: Prom.Anual Precs.Pub. 2002,observed,official_xls,ok,Prom.Anual Precs.Pub. 2002,16,2-8-MAR,rebuilt_from_official_weekly_sequence,https://micm.gob.do/transparencia/images/pdf/transparencia/Estadisticas_Institucionales/2018/HISTORICO_PRECIOS_COMBUSTIBLES_SERIE_2000_-_2018_SEPTIEMBRE.xls
2002-03-09,2002-03-15,2002,39.70,34.25,20.17,22.27,14.74,HISTORICO_PRECIOS_COMBUSTIBLES_SERIE_2000_-_2018_SEPTIEMBRE.xls :: Prom.Anual Precs.Pub. 2002,observed,official_xls,ok,Prom.Anual Precs.Pub. 2002,17,9-15-MAR,rebuilt_from_official_weekly_sequence,https://micm.gob.do/transparencia/images/pdf/transparencia/Estadisticas_Institucionales/2018/HISTORICO_PRECIOS_COMBUSTIBLES_SERIE_2000_-_2018_SEPTIEMBRE.xls
2002-03-16,2002-03-22,2002,40.65,35.09,20.82,22.91,15.11,HISTORICO_PRECIOS_COMBUSTIBLES_SERIE_2000_-_2018_SEPTIEMBRE.xls :: Prom.Anual Precs.Pub. 2002,observed,official_xls,ok,Prom.Anual Precs.Pub. 2002,18,16-22-MAR,rebuilt_from_official_weekly_sequence,https://micm.gob.do/transparencia/images/pdf/transparencia/Estadisticas_Institucionales/2018/HISTORICO_PRECIOS_COMBUSTIBLES_SERIE_2000_-_2018_SEPTIEMBRE.xls
2002-03-23,2002-03-29,2002,41.50,35.75,21.16,23.26,15.36,HISTORICO_PRECIOS_COMBUSTIBLES_SERIE_2000_-_2018_SEPTIEMBRE.xls :: Prom.Anual Precs.Pub. 2002,observed,official_xls,ok,Prom.Anual Precs.Pub. 2002,19,23-29-MAR,rebuilt_from_official_weekly_sequence,https://micm.gob.do/transparencia/images/pdf/transparencia/Estadisticas_Institucionales/2018/HISTORICO_PRECIOS_COMBUSTIBLES_SERIE_2000_-_2018_SEPTIEMBRE.xls
2002-03-30,2002-04-05,2002,41.17,35.71,21.07,23.16,15.40,HISTORICO_PRECIOS_COMBUSTIBLES_SERIE_2000_-_2018_SEPTIEMBRE.xls :: Prom.Anual Precs.Pub. 2002,observed,official_xls,ok,Prom.Anual Precs.Pub. 2002,20,30-MAR-5-ABRIL,rebuilt_from_official_weekly_sequence,https://micm.gob.do/transparencia/images/pdf/transparencia/Estadisticas_Institucionales/2018/HISTORICO_PRECIOS_COMBUSTIBLES_SERIE_2000_-_2018_SEPTIEMBRE.xls
2002-04-06,2002-04-12,2002,42.30,36.71,22.38,24.48,16.29,HISTORICO_PRECIOS_COMBUSTIBLES_SERIE_2000_-_2018_SEPTIEMBRE.xls :: Prom.Anual Precs.Pub. 2002,observed,official_xls,ok,Prom.Anual Precs.Pub. 2002,21,6-12-ABRIL,rebuilt_from_official_weekly_sequence,https://micm.gob.do/transparencia/images/pdf/transparencia/Estadisticas_Institucionales/2018/HISTORICO_PRECIOS_COMBUSTIBLES_SERIE_2000_-_2018_SEPTIEMBRE.xls
2002-04-13,2002-04-19,2002,42.16,36.80,21.97,24.07,15.81,HISTORICO_PRECIOS_COMBUSTIBLES_SERIE_2000_-_2018_SEPTIEMBRE.xls :: Prom.Anual Precs.Pub. 2002,observed,official_xls,ok,Prom.Anual Precs.Pub. 2002,22,13-19-ABRIL,rebuilt_from_official_weekly_sequence,https://micm.gob.do/transparencia/images/pdf/transparencia/Estadisticas_Institucionales/2018/HISTORICO_PRECIOS_COMBUSTIBLES_SERIE_2000_-_2018_SEPTIEMBRE.xls
2002-04-20,2002-04-26,2002,41.50,36.42,21.22,23.32,15.66,HISTORICO_PRECIOS_COMBUSTIBLES_SERIE_2000_-_2018_SEPTIEMBRE.xls :: Prom.Anual Precs.Pub. 2002,observed,official_xls,ok,Prom.Anual Precs.Pub. 2002,23,20-26-ABRIL,rebuilt_from_official_weekly_sequence,https://micm.gob.do/transparencia/images/pdf/transparencia/Estadisticas_Institucionales/2018/HISTORICO_PRECIOS_COMBUSTIBLES_SERIE_2000_-_2018_SEPTIEMBRE.xls
2002-04-27,2002-05-03,2002,41.13,35.65,21.64,23.74,15.87,HISTORICO_PRECIOS_COMBUSTIBLES_SERIE_2000_-_2018_SEPTIEMBRE.xls :: Prom.Anual Precs.Pub. 2002,observed,official_xls,ok,Prom.Anual Precs.Pub. 2002,24,27-Abr-3-Mayo,rebuilt_from_official_weekly_sequence,https://micm.gob.do/transparencia/images/pdf/transparencia/Estadisticas_Institucionales/2018/HISTORICO_PRECIOS_COMBUSTIBLES_SERIE_2000_-_2018_SEPTIEMBRE.xls
2002-05-04,2002-05-10,2002,41.56,36.10,21.81,23.91,15.98,HISTORICO_PRECIOS_COMBUSTIBLES_SERIE_2000_-_2018_SEPTIEMBRE.xls :: Prom.Anual Precs.Pub. 2002,observed,official_xls,ok,Prom.Anual Precs.Pub. 2002,25,4-10-MAYO,rebuilt_from_official_weekly_sequence,https://micm.gob.do/transparencia/images/pdf/transparencia/Estadisticas_Institucionales/2018/HISTORICO_PRECIOS_COMBUSTIBLES_SERIE_2000_-_2018_SEPTIEMBRE.xls
2002-05-11,2002-05-17,2002,40.90,35.44,21.50,23.60,15.98,HISTORICO_PRECIOS_COMBUSTIBLES_SERIE_2000_-_2018_SEPTIEMBRE.xls :: Prom.Anual Precs.Pub. 2002,observed,official_xls,ok,Prom.Anual Precs.Pub. 2002,26,11-17-MAYO,rebuilt_from_official_weekly_sequence,https://micm.gob.do/transparencia/images/pdf/transparencia/Estadisticas_Institucionales/2018/HISTORICO_PRECIOS_COMBUSTIBLES_SERIE_2000_-_2018_SEPTIEMBRE.xls
2002-05-18,2002-05-24,2002,41.02,35.57,21.84,23.95,16.03,HISTORICO_PRECIOS_COMBUSTIBLES_SERIE_2000_-_2018_SEPTIEMBRE.xls :: Prom.Anual Precs.Pub. 2002,observed,official_xls,ok,Prom.Anual Precs.Pub. 2002,27,18-24-MAYO,rebuilt_from_official_weekly_sequence,https://micm.gob.do/transparencia/images/pdf/transparencia/Estadisticas_Institucionales/2018/HISTORICO_PRECIOS_COMBUSTIBLES_SERIE_2000_-_2018_SEPTIEMBRE.xls
2002-05-25,2002-05-31,2002,41.36,36.08,21.68,23.79,15.92,HISTORICO_PRECIOS_COMBUSTIBLES_SERIE_2000_-_2018_SEPTIEMBRE.xls :: Prom.Anual Precs.Pub. 2002,observed,official_xls,ok,Prom.Anual Precs.Pub. 2002,28,25-31-MAYO,rebuilt_from_official_weekly_sequence,https://micm.gob.do/transparencia/images/pdf/transparencia/Estadisticas_Institucionales/2018/HISTORICO_PRECIOS_COMBUSTIBLES_SERIE_2000_-_2018_SEPTIEMBRE.xls
2002-06-01,2002-06-07,2002,40.84,35.57,21.28,23.38,15.53,HISTORICO_PRECIOS_COMBUSTIBLES_SERIE_2000_-_2018_SEPTIEMBRE.xls :: Prom.Anual Precs.Pub. 2002,observed,official_xls,ok,Prom.Anual Precs.Pub. 2002,29,1-7-JUNIO,rebuilt_from_official_weekly_sequence,https://micm.gob.do/transparencia/images/pdf/transparencia/Estadisticas_Institucionales/2018/HISTORICO_PRECIOS_COMBUSTIBLES_SERIE_2000_-_2018_SEPTIEMBRE.xls
2002-06-08,2002-06-14,2002,40.42,35.22,21.12,23.22,15.25,HISTORICO_PRECIOS_COMBUSTIBLES_SERIE_2000_-_2018_SEPTIEMBRE.xls :: Prom.Anual Precs.Pub. 2002,observed,official_xls,ok,Prom.Anual Precs.Pub. 2002,30,8-14-JUNIO,rebuilt_from_official_weekly_sequence,https://micm.gob.do/transparencia/images/pdf/transparencia/Estadisticas_Institucionales/2018/HISTORICO_PRECIOS_COMBUSTIBLES_SERIE_2000_-_2018_SEPTIEMBRE.xls
2002-06-15,2002-06-21,2002,40.21,34.87,20.83,22.93,15.03,HISTORICO_PRECIOS_COMBUSTIBLES_SERIE_2000_-_2018_SEPTIEMBRE.xls :: Prom.Anual Precs.Pub. 2002,observed,official_xls,ok,Prom.Anual Precs.Pub. 2002,31,15-21-JUNIO,rebuilt_from_official_weekly_sequence,https://micm.gob.do/transparencia/images/pdf/transparencia/Estadisticas_Institucionales/2018/HISTORICO_PRECIOS_COMBUSTIBLES_SERIE_2000_-_2018_SEPTIEMBRE.xls
2002-06-22,2002-06-28,2002,41.25,35.83,21.50,23.60,15.34,HISTORICO_PRECIOS_COMBUSTIBLES_SERIE_2000_-_2018_SEPTIEMBRE.xls :: Prom.Anual Precs.Pub. 2002,observed,official_xls,ok,Prom.Anual Precs.Pub. 2002,32,22-28-JUNIO,rebuilt_from_official_weekly_sequence,https://micm.gob.do/transparencia/images/pdf/transparencia/Estadisticas_Institucionales/2018/HISTORICO_PRECIOS_COMBUSTIBLES_SERIE_2000_-_2018_SEPTIEMBRE.xls
2002-06-29,2002-07-05,2002,41.47,36.05,21.58,23.69,15.46,HISTORICO_PRECIOS_COMBUSTIBLES_SERIE_2000_-_2018_SEPTIEMBRE.xls :: Prom.Anual Precs.Pub. 2002,observed,official_xls,ok,Prom.Anual Precs.Pub. 2002,33,29-JUN-5-JUL,rebuilt_from_official_weekly_sequence,https://micm.gob.do/transparencia/images/pdf/transparencia/Estadisticas_Institucionales/2018/HISTORICO_PRECIOS_COMBUSTIBLES_SERIE_2000_-_2018_SEPTIEMBRE.xls
2002-07-06,2002-07-12,2002,41.33,35.94,22.07,24.17,15.28,HISTORICO_PRECIOS_COMBUSTIBLES_SERIE_2000_-_2018_SEPTIEMBRE.xls :: Prom.Anual Precs.Pub. 2002,observed,official_xls,ok,Prom.Anual Precs.Pub. 2002,34,6-12-JUL,rebuilt_from_official_weekly_sequence,https://micm.gob.do/transparencia/images/pdf/transparencia/Estadisticas_Institucionales/2018/HISTORICO_PRECIOS_COMBUSTIBLES_SERIE_2000_-_2018_SEPTIEMBRE.xls
2002-07-13,2002-07-19,2002,41.02,35.48,21.72,23.83,15.07,HISTORICO_PRECIOS_COMBUSTIBLES_SERIE_2000_-_2018_SEPTIEMBRE.xls :: Prom.Anual Precs.Pub. 2002,observed,official_xls,ok,Prom.Anual Precs.Pub. 2002,35,13-19-JUL,rebuilt_from_official_weekly_sequence,https://micm.gob.do/transparencia/images/pdf/transparencia/Estadisticas_Institucionales/2018/HISTORICO_PRECIOS_COMBUSTIBLES_SERIE_2000_-_2018_SEPTIEMBRE.xls
2002-07-20,2002-07-26,2002,42.73,37.09,22.47,24.58,15.36,HISTORICO_PRECIOS_COMBUSTIBLES_SERIE_2000_-_2018_SEPTIEMBRE.xls :: Prom.Anual Precs.Pub. 2002,observed,official_xls,ok,Prom.Anual Precs.Pub. 2002,36,20-26-JUL,rebuilt_from_official_weekly_sequence,https://micm.gob.do/transparencia/images/pdf/transparencia/Estadisticas_Institucionales/2018/HISTORICO_PRECIOS_COMBUSTIBLES_SERIE_2000_-_2018_SEPTIEMBRE.xls
2002-07-27,2002-08-02,2002,41.72,35.61,21.52,23.62,15.41,HISTORICO_PRECIOS_COMBUSTIBLES_SERIE_2000_-_2018_SEPTIEMBRE.xls :: Prom.Anual Precs.Pub. 2002,observed,official_xls,ok,Prom.Anual Precs.Pub. 2002,37,27-JUL-2-AGO,rebuilt_from_official_weekly_sequence,https://micm.gob.do/transparencia/images/pdf/transparencia/Estadisticas_Institucionales/2018/HISTORICO_PRECIOS_COMBUSTIBLES_SERIE_2000_-_2018_SEPTIEMBRE.xls
2002-08-03,2002-08-09,2002,41.57,35.66,21.64,23.74,15.76,HISTORICO_PRECIOS_COMBUSTIBLES_SERIE_2000_-_2018_SEPTIEMBRE.xls :: Prom.Anual Precs.Pub. 2002,observed,official_xls,ok,Prom.Anual Precs.Pub. 2002,38,3-9-AGO-02,rebuilt_from_official_weekly_sequence,https://micm.gob.do/transparencia/images/pdf/transparencia/Estadisticas_Institucionales/2018/HISTORICO_PRECIOS_COMBUSTIBLES_SERIE_2000_-_2018_SEPTIEMBRE.xls
2002-08-10,2002-08-16,2002,41.56,35.82,21.56,23.67,15.73,HISTORICO_PRECIOS_COMBUSTIBLES_SERIE_2000_-_2018_SEPTIEMBRE.xls :: Prom.Anual Precs.Pub. 2002,observed,official_xls,ok,Prom.Anual Precs.Pub. 2002,39,10-16-AGO-02,rebuilt_from_official_weekly_sequence,https://micm.gob.do/transparencia/images/pdf/transparencia/Estadisticas_Institucionales/2018/HISTORICO_PRECIOS_COMBUSTIBLES_SERIE_2000_-_2018_SEPTIEMBRE.xls
2002-08-17,2002-08-23,2002,41.59,35.92,22.13,24.23,16.06,HISTORICO_PRECIOS_COMBUSTIBLES_SERIE_2000_-_2018_SEPTIEMBRE.xls :: Prom.Anual Precs.Pub. 2002,observed,official_xls,ok,Prom.Anual Precs.Pub. 2002,40,17-23-AGO,rebuilt_from_official_weekly_sequence,https://micm.gob.do/transparencia/images/pdf/transparencia/Estadisticas_Institucionales/2018/HISTORICO_PRECIOS_COMBUSTIBLES_SERIE_2000_-_2018_SEPTIEMBRE.xls
2002-08-24,2002-08-30,2002,42.21,36.69,22.97,25.07,16.65,HISTORICO_PRECIOS_COMBUSTIBLES_SERIE_2000_-_2018_SEPTIEMBRE.xls :: Prom.Anual Precs.Pub. 2002,observed,official_xls,ok,Prom.Anual Precs.Pub. 2002,41,24-30-AGO,rebuilt_from_official_weekly_sequence,https://micm.gob.do/transparencia/images/pdf/transparencia/Estadisticas_Institucionales/2018/HISTORICO_PRECIOS_COMBUSTIBLES_SERIE_2000_-_2018_SEPTIEMBRE.xls
2002-08-31,2002-09-06,2002,42.62,36.69,23.25,25.35,17.58,HISTORICO_PRECIOS_COMBUSTIBLES_SERIE_2000_-_2018_SEPTIEMBRE.xls :: Prom.Anual Precs.Pub. 2002,observed,official_xls,ok,Prom.Anual Precs.Pub. 2002,42,31-AGO-6-SEPT,rebuilt_from_official_weekly_sequence,https://micm.gob.do/transparencia/images/pdf/transparencia/Estadisticas_Institucionales/2018/HISTORICO_PRECIOS_COMBUSTIBLES_SERIE_2000_-_2018_SEPTIEMBRE.xls
2002-09-07,2002-09-13,2002,41.80,35.98,22.72,24.83,17.21,HISTORICO_PRECIOS_COMBUSTIBLES_SERIE_2000_-_2018_SEPTIEMBRE.xls :: Prom.Anual Precs.Pub. 2002,observed,official_xls,ok,Prom.Anual Precs.Pub. 2002,43,7-13-SEPT,rebuilt_from_official_weekly_sequence,https://micm.gob.do/transparencia/images/pdf/transparencia/Estadisticas_Institucionales/2018/HISTORICO_PRECIOS_COMBUSTIBLES_SERIE_2000_-_2018_SEPTIEMBRE.xls
2002-09-14,2002-09-20,2002,43.16,37.56,24.01,26.12,17.96,HISTORICO_PRECIOS_COMBUSTIBLES_SERIE_2000_-_2018_SEPTIEMBRE.xls :: Prom.Anual Precs.Pub. 2002,observed,official_xls,ok,Prom.Anual Precs.Pub. 2002,44,14-20-SEPT,rebuilt_from_official_weekly_sequence,https://micm.gob.do/transparencia/images/pdf/transparencia/Estadisticas_Institucionales/2018/HISTORICO_PRECIOS_COMBUSTIBLES_SERIE_2000_-_2018_SEPTIEMBRE.xls
2002-09-21,2002-09-27,2002,42.52,37.01,23.66,25.76,17.94,HISTORICO_PRECIOS_COMBUSTIBLES_SERIE_2000_-_2018_SEPTIEMBRE.xls :: Prom.Anual Precs.Pub. 2002,observed,official_xls,ok,Prom.Anual Precs.Pub. 2002,45,21-27-SEPT,rebuilt_from_official_weekly_sequence,https://micm.gob.do/transparencia/images/pdf/transparencia/Estadisticas_Institucionales/2018/HISTORICO_PRECIOS_COMBUSTIBLES_SERIE_2000_-_2018_SEPTIEMBRE.xls
2002-09-28,2002-10-04,2002,43.67,37.79,24.35,26.45,18.13,HISTORICO_PRECIOS_COMBUSTIBLES_SERIE_2000_-_2018_SEPTIEMBRE.xls :: Prom.Anual Precs.Pub. 2002,observed,official_xls,ok,Prom.Anual Precs.Pub. 2002,46,28-SEPT-4-OCT.,rebuilt_from_official_weekly_sequence,https://micm.gob.do/transparencia/images/pdf/transparencia/Estadisticas_Institucionales/2018/HISTORICO_PRECIOS_COMBUSTIBLES_SERIE_2000_-_2018_SEPTIEMBRE.xls
2002-10-05,2002-10-11,2002,44.15,38.45,24.08,26.18,18.17,HISTORICO_PRECIOS_COMBUSTIBLES_SERIE_2000_-_2018_SEPTIEMBRE.xls :: Prom.Anual Precs.Pub. 2002,observed,official_xls,ok,Prom.Anual Precs.Pub. 2002,47,5-11-OCT.,rebuilt_from_official_weekly_sequence,https://micm.gob.do/transparencia/images/pdf/transparencia/Estadisticas_Institucionales/2018/HISTORICO_PRECIOS_COMBUSTIBLES_SERIE_2000_-_2018_SEPTIEMBRE.xls
2002-10-12,2002-10-18,2002,44.19,38.58,24.04,26.14,18.27,HISTORICO_PRECIOS_COMBUSTIBLES_SERIE_2000_-_2018_SEPTIEMBRE.xls :: Prom.Anual Precs.Pub. 2002,observed,official_xls,ok,Prom.Anual Precs.Pub. 2002,48,12-18-OCT.,rebuilt_from_official_weekly_sequence,https://micm.gob.do/transparencia/images/pdf/transparencia/Estadisticas_Institucionales/2018/HISTORICO_PRECIOS_COMBUSTIBLES_SERIE_2000_-_2018_SEPTIEMBRE.xls
2002-10-19,2002-10-25,2002,45.83,40.13,24.28,26.38,18.63,HISTORICO_PRECIOS_COMBUSTIBLES_SERIE_2000_-_2018_SEPTIEMBRE.xls :: Prom.Anual Precs.Pub. 2002,observed,official_xls,ok,Prom.Anual Precs.Pub. 2002,49,19-25-OCT.,rebuilt_from_official_weekly_sequence,https://micm.gob.do/transparencia/images/pdf/transparencia/Estadisticas_Institucionales/2018/HISTORICO_PRECIOS_COMBUSTIBLES_SERIE_2000_-_2018_SEPTIEMBRE.xls
2002-10-26,2002-11-01,2002,43.90,38.09,23.52,25.63,18.89,HISTORICO_PRECIOS_COMBUSTIBLES_SERIE_2000_-_2018_SEPTIEMBRE.xls :: Prom.Anual Precs.Pub. 2002,observed,official_xls,ok,Prom.Anual Precs.Pub. 2002,50,26-OCT-1-NOV.,rebuilt_from_official_weekly_sequence,https://micm.gob.do/transparencia/images/pdf/transparencia/Estadisticas_Institucionales/2018/HISTORICO_PRECIOS_COMBUSTIBLES_SERIE_2000_-_2018_SEPTIEMBRE.xls
2002-11-02,2002-11-08,2002,44.32,38.61,23.11,25.21,17.76,HISTORICO_PRECIOS_COMBUSTIBLES_SERIE_2000_-_2018_SEPTIEMBRE.xls :: Prom.Anual Precs.Pub. 2002,observed,official_xls,ok,Prom.Anual Precs.Pub. 2002,51,2-8-NOV.,rebuilt_from_official_weekly_sequence,https://micm.gob.do/transparencia/images/pdf/transparencia/Estadisticas_Institucionales/2018/HISTORICO_PRECIOS_COMBUSTIBLES_SERIE_2000_-_2018_SEPTIEMBRE.xls
2002-11-09,2002-11-15,2002,44.92,38.63,23.27,25.38,19.13,HISTORICO_PRECIOS_COMBUSTIBLES_SERIE_2000_-_2018_SEPTIEMBRE.xls :: Prom.Anual Precs.Pub. 2002,observed,official_xls,ok,Prom.Anual Precs.Pub. 2002,52,9-15-NOV.,rebuilt_from_official_weekly_sequence,https://micm.gob.do/transparencia/images/pdf/transparencia/Estadisticas_Institucionales/2018/HISTORICO_PRECIOS_COMBUSTIBLES_SERIE_2000_-_2018_SEPTIEMBRE.xls
2002-11-16,2002-11-22,2002,42.66,36.79,22.23,24.34,18.96,HISTORICO_PRECIOS_COMBUSTIBLES_SERIE_2000_-_2018_SEPTIEMBRE.xls :: Prom.Anual Precs.Pub. 2002,observed,official_xls,ok,Prom.Anual Precs.Pub. 2002,53,16-22-NOV.,rebuilt_from_official_weekly_sequence,https://micm.gob.do/transparencia/images/pdf/transparencia/Estadisticas_Institucionales/2018/HISTORICO_PRECIOS_COMBUSTIBLES_SERIE_2000_-_2018_SEPTIEMBRE.xls
2002-11-23,2002-11-29,2002,42.33,36.32,23.05,25.16,19.16,HISTORICO_PRECIOS_COMBUSTIBLES_SERIE_2000_-_2018_SEPTIEMBRE.xls :: Prom.Anual Precs.Pub. 2002,observed,official_xls,ok,Prom.Anual Precs.Pub. 2002,54,23-29-NOV.,rebuilt_from_official_weekly_sequence,https://micm.gob.do/transparencia/images/pdf/transparencia/Estadisticas_Institucionales/2018/HISTORICO_PRECIOS_COMBUSTIBLES_SERIE_2000_-_2018_SEPTIEMBRE.xls
2002-11-30,2002-12-06,2002,42.61,36.78,23.44,25.54,19.76,HISTORICO_PRECIOS_COMBUSTIBLES_SERIE_2000_-_2018_SEPTIEMBRE.xls :: Prom.Anual Precs.Pub. 2002,observed,official_xls,ok,Prom.Anual Precs.Pub. 2002,55,30-NOV.-6-DIC,rebuilt_from_official_weekly_sequence,https://micm.gob.do/transparencia/images/pdf/transparencia/Estadisticas_Institucionales/2018/HISTORICO_PRECIOS_COMBUSTIBLES_SERIE_2000_-_2018_SEPTIEMBRE.xls
2002-12-07,2002-12-13,2002,43.64,37.78,23.60,25.70,20.50,HISTORICO_PRECIOS_COMBUSTIBLES_SERIE_2000_-_2018_SEPTIEMBRE.xls :: Prom.Anual Precs.Pub. 2002,observed,official_xls,ok,Prom.Anual Precs.Pub. 2002,56,7-13-DIC,rebuilt_from_official_weekly_sequence,https://micm.gob.do/transparencia/images/pdf/transparencia/Estadisticas_Institucionales/2018/HISTORICO_PRECIOS_COMBUSTIBLES_SERIE_2000_-_2018_SEPTIEMBRE.xls
2002-12-14,2002-12-20,2002,44.94,39.10,23.42,25.52,20.38,HISTORICO_PRECIOS_COMBUSTIBLES_SERIE_2000_-_2018_SEPTIEMBRE.xls :: Prom.Anual Precs.Pub. 2002,observed,official_xls,ok,Prom.Anual Precs.Pub. 2002,57,14-20-DIC,rebuilt_from_official_weekly_sequence,https://micm.gob.do/transparencia/images/pdf/transparencia/Estadisticas_Institucionales/2018/HISTORICO_PRECIOS_COMBUSTIBLES_SERIE_2000_-_2018_SEPTIEMBRE.xls
2002-12-21,2002-12-27,2002,45.12,39.63,25.05,27.15,20.99,HISTORICO_PRECIOS_COMBUSTIBLES_SERIE_2000_-_2018_SEPTIEMBRE.xls :: Prom.Anual Precs.Pub. 2002,observed,official_xls,ok,Prom.Anual Precs.Pub. 2002,58,21-27-DIC.,rebuilt_from_official_weekly_sequence,https://micm.gob.do/transparencia/images/pdf/transparencia/Estadisticas_Institucionales/2018/HISTORICO_PRECIOS_COMBUSTIBLES_SERIE_2000_-_2018_SEPTIEMBRE.xls
2002-12-28,2003-01-03,2002,47.33,41.87,26.42,28.52,21.42,HISTORICO_PRECIOS_COMBUSTIBLES_SERIE_2000_-_2018_SEPTIEMBRE.xls :: Prom.Anual Precs.Pub. 2002,observed,official_xls,ok,Prom.Anual Precs.Pub. 2002,59,28-DIC.-3-ENE,rebuilt_from_official_weekly_sequence,https://micm.gob.do/transparencia/images/pdf/transparencia/Estadisticas_Institucionales/2018/HISTORICO_PRECIOS_COMBUSTIBLES_SERIE_2000_-_2018_SEPTIEMBRE.xls
2003-01-04,2003-01-10,2003,46.36,40.81,25.86,27.96,,HISTORICO_PRECIOS_COMBUSTIBLES_SERIE_2000_-_2018_SEPTIEMBRE.xls :: Prom.Anual Precs.Pub. 2003,observed,official_xls,ok,Prom.Anual Precs.Pub. 2003,7,4-10-ENE,rebuilt_from_official_weekly_sequence,https://micm.gob.do/transparencia/images/pdf/transparencia/Estadisticas_Institucionales/2018/HISTORICO_PRECIOS_COMBUSTIBLES_SERIE_2000_-_2018_SEPTIEMBRE.xls
2003-01-11,2003-01-17,2003,45.94,40.56,25.42,27.52,,HISTORICO_PRECIOS_COMBUSTIBLES_SERIE_2000_-_2018_SEPTIEMBRE.xls :: Prom.Anual Precs.Pub. 2003,observed,official_xls,ok,Prom.Anual Precs.Pub. 2003,8,11-17-ENE,rebuilt_from_official_weekly_sequence,https://micm.gob.do/transparencia/images/pdf/transparencia/Estadisticas_Institucionales/2018/HISTORICO_PRECIOS_COMBUSTIBLES_SERIE_2000_-_2018_SEPTIEMBRE.xls
2003-01-18,2003-01-24,2003,48.48,42.74,26.16,28.26,,HISTORICO_PRECIOS_COMBUSTIBLES_SERIE_2000_-_2018_SEPTIEMBRE.xls :: Prom.Anual Precs.Pub. 2003,observed,official_xls,ok,Prom.Anual Precs.Pub. 2003,9,18-24-ENE,rebuilt_from_official_weekly_sequence,https://micm.gob.do/transparencia/images/pdf/transparencia/Estadisticas_Institucionales/2018/HISTORICO_PRECIOS_COMBUSTIBLES_SERIE_2000_-_2018_SEPTIEMBRE.xls
2003-01-25,2003-01-31,2003,48.59,42.95,26.37,28.47,,HISTORICO_PRECIOS_COMBUSTIBLES_SERIE_2000_-_2018_SEPTIEMBRE.xls :: Prom.Anual Precs.Pub. 2003,observed,official_xls,ok,Prom.Anual Precs.Pub. 2003,10,25-31-ENE,rebuilt_from_official_weekly_sequence,https://micm.gob.do/transparencia/images/pdf/transparencia/Estadisticas_Institucionales/2018/HISTORICO_PRECIOS_COMBUSTIBLES_SERIE_2000_-_2018_SEPTIEMBRE.xls
2003-02-01,2003-02-07,2003,49.95,44.22,26.87,28.97,,HISTORICO_PRECIOS_COMBUSTIBLES_SERIE_2000_-_2018_SEPTIEMBRE.xls :: Prom.Anual Precs.Pub. 2003,observed,official_xls,ok,Prom.Anual Precs.Pub. 2003,11,1-7-FEB.,rebuilt_from_official_weekly_sequence,https://micm.gob.do/transparencia/images/pdf/transparencia/Estadisticas_Institucionales/2018/HISTORICO_PRECIOS_COMBUSTIBLES_SERIE_2000_-_2018_SEPTIEMBRE.xls
2003-02-08,2003-02-14,2003,52.20,46.68,28.04,30.14,,HISTORICO_PRECIOS_COMBUSTIBLES_SERIE_2000_-_2018_SEPTIEMBRE.xls :: Prom.Anual Precs.Pub. 2003,observed,official_xls,ok,Prom.Anual Precs.Pub. 2003,12,8-14-FEB.,rebuilt_from_official_weekly_sequence,https://micm.gob.do/transparencia/images/pdf/transparencia/Estadisticas_Institucionales/2018/HISTORICO_PRECIOS_COMBUSTIBLES_SERIE_2000_-_2018_SEPTIEMBRE.xls
2003-02-15,2003-02-21,2003,54.90,49.49,29.51,31.61,,HISTORICO_PRECIOS_COMBUSTIBLES_SERIE_2000_-_2018_SEPTIEMBRE.xls :: Prom.Anual Precs.Pub. 2003,observed,official_xls,ok,Prom.Anual Precs.Pub. 2003,13,15-21-FEB.,rebuilt_from_official_weekly_sequence,https://micm.gob.do/transparencia/images/pdf/transparencia/Estadisticas_Institucionales/2018/HISTORICO_PRECIOS_COMBUSTIBLES_SERIE_2000_-_2018_SEPTIEMBRE.xls
2003-02-22,2003-02-28,2003,53.29,47.94,29.37,31.48,,HISTORICO_PRECIOS_COMBUSTIBLES_SERIE_2000_-_2018_SEPTIEMBRE.xls :: Prom.Anual Precs.Pub. 2003,observed,official_xls,ok,Prom.Anual Precs.Pub. 2003,14,22-28-FEB.,rebuilt_from_official_weekly_sequence,https://micm.gob.do/transparencia/images/pdf/transparencia/Estadisticas_Institucionales/2018/HISTORICO_PRECIOS_COMBUSTIBLES_SERIE_2000_-_2018_SEPTIEMBRE.xls
2003-03-01,2003-03-07,2003,54.25,48.95,30.31,32.41,,HISTORICO_PRECIOS_COMBUSTIBLES_SERIE_2000_-_2018_SEPTIEMBRE.xls :: Prom.Anual Precs.Pub. 2003,observed,official_xls,ok,Prom.Anual Precs.Pub. 2003,15,1-7-MARZO,rebuilt_from_official_weekly_sequence,https://micm.gob.do/transparencia/images/pdf/transparencia/Estadisticas_Institucionales/2018/HISTORICO_PRECIOS_COMBUSTIBLES_SERIE_2000_-_2018_SEPTIEMBRE.xls
2003-03-08,2003-03-14,2003,53.92,47.99,29.81,31.84,,HISTORICO_PRECIOS_COMBUSTIBLES_SERIE_2000_-_2018_SEPTIEMBRE.xls :: Prom.Anual Precs.Pub. 2003,observed,official_xls,ok,Prom.Anual Precs.Pub. 2003,16,8-14-MARZO,rebuilt_from_official_weekly_sequence,https://micm.gob.do/transparencia/images/pdf/transparencia/Estadisticas_Institucionales/2018/HISTORICO_PRECIOS_COMBUSTIBLES_SERIE_2000_-_2018_SEPTIEMBRE.xls
2003-03-15,2003-03-21,2003,53.51,47.36,29.04,31.07,,HISTORICO_PRECIOS_COMBUSTIBLES_SERIE_2000_-_2018_SEPTIEMBRE.xls :: Prom.Anual Precs.Pub. 2003,observed,official_xls,ok,Prom.Anual Precs.Pub. 2003,17,15-21-MARZO,rebuilt_from_official_weekly_sequence,https://micm.gob.do/transparencia/images/pdf/transparencia/Estadisticas_Institucionales/2018/HISTORICO_PRECIOS_COMBUSTIBLES_SERIE_2000_-_2018_SEPTIEMBRE.xls
2003-03-22,2003-03-28,2003,51.80,46.04,27.76,29.80,,HISTORICO_PRECIOS_COMBUSTIBLES_SERIE_2000_-_2018_SEPTIEMBRE.xls :: Prom.Anual Precs.Pub. 2003,observed,official_xls,ok,Prom.Anual Precs.Pub. 2003,18,22-28-MARZO,rebuilt_from_official_weekly_sequence,https://micm.gob.do/transparencia/images/pdf/transparencia/Estadisticas_Institucionales/2018/HISTORICO_PRECIOS_COMBUSTIBLES_SERIE_2000_-_2018_SEPTIEMBRE.xls
2003-03-29,2003-04-04,2003,50.59,44.69,25.96,28.00,,HISTORICO_PRECIOS_COMBUSTIBLES_SERIE_2000_-_2018_SEPTIEMBRE.xls :: Prom.Anual Precs.Pub. 2003,observed,official_xls,ok,Prom.Anual Precs.Pub. 2003,19,29-MARZO-4-ABR,rebuilt_from_official_weekly_sequence,https://micm.gob.do/transparencia/images/pdf/transparencia/Estadisticas_Institucionales/2018/HISTORICO_PRECIOS_COMBUSTIBLES_SERIE_2000_-_2018_SEPTIEMBRE.xls
2003-04-05,2003-04-11,2003,51.17,44.77,26.42,28.46,,HISTORICO_PRECIOS_COMBUSTIBLES_SERIE_2000_-_2018_SEPTIEMBRE.xls :: Prom.Anual Precs.Pub. 2003,observed,official_xls,ok,Prom.Anual Precs.Pub. 2003,20,5-11-ABRIL,rebuilt_from_official_weekly_sequence,https://micm.gob.do/transparencia/images/pdf/transparencia/Estadisticas_Institucionales/2018/HISTORICO_PRECIOS_COMBUSTIBLES_SERIE_2000_-_2018_SEPTIEMBRE.xls
2003-04-12,2003-04-18,2003,50.05,43.78,27.35,29.40,,HISTORICO_PRECIOS_COMBUSTIBLES_SERIE_2000_-_2018_SEPTIEMBRE.xls :: Prom.Anual Precs.Pub. 2003,observed,official_xls,ok,Prom.Anual Precs.Pub. 2003,21,12-18-ABRIL,rebuilt_from_official_weekly_sequence,https://micm.gob.do/transparencia/images/pdf/transparencia/Estadisticas_Institucionales/2018/HISTORICO_PRECIOS_COMBUSTIBLES_SERIE_2000_-_2018_SEPTIEMBRE.xls
2003-04-19,2003-04-25,2003,50.74,44.63,29.30,31.35,,HISTORICO_PRECIOS_COMBUSTIBLES_SERIE_2000_-_2018_SEPTIEMBRE.xls :: Prom.Anual Precs.Pub. 2003,observed,official_xls,ok,Prom.Anual Precs.Pub. 2003,22,19-25-ABRIL,rebuilt_from_official_weekly_sequence,https://micm.gob.do/transparencia/images/pdf/transparencia/Estadisticas_Institucionales/2018/HISTORICO_PRECIOS_COMBUSTIBLES_SERIE_2000_-_2018_SEPTIEMBRE.xls
2003-04-26,2003-05-02,2003,51.19,44.88,29.17,31.23,,HISTORICO_PRECIOS_COMBUSTIBLES_SERIE_2000_-_2018_SEPTIEMBRE.xls :: Prom.Anual Precs.Pub. 2003,observed,official_xls,ok,Prom.Anual Precs.Pub. 2003,23,26-ABR - 2-MAYO,rebuilt_from_official_weekly_sequence,https://micm.gob.do/transparencia/images/pdf/transparencia/Estadisticas_Institucionales/2018/HISTORICO_PRECIOS_COMBUSTIBLES_SERIE_2000_-_2018_SEPTIEMBRE.xls
2003-05-03,2003-05-09,2003,49.17,43.08,28.34,30.42,,HISTORICO_PRECIOS_COMBUSTIBLES_SERIE_2000_-_2018_SEPTIEMBRE.xls :: Prom.Anual Precs.Pub. 2003,observed,official_xls,ok,Prom.Anual Precs.Pub. 2003,24,3-9-MAYO-03,rebuilt_from_official_weekly_sequence,https://micm.gob.do/transparencia/images/pdf/transparencia/Estadisticas_Institucionales/2018/HISTORICO_PRECIOS_COMBUSTIBLES_SERIE_2000_-_2018_SEPTIEMBRE.xls
2003-05-10,2003-05-16,2003,49.43,42.93,28.58,30.66,,HISTORICO_PRECIOS_COMBUSTIBLES_SERIE_2000_-_2018_SEPTIEMBRE.xls :: Prom.Anual Precs.Pub. 2003,observed,official_xls,ok,Prom.Anual Precs.Pub. 2003,25,10-16-MAYO-03,rebuilt_from_official_weekly_sequence,https://micm.gob.do/transparencia/images/pdf/transparencia/Estadisticas_Institucionales/2018/HISTORICO_PRECIOS_COMBUSTIBLES_SERIE_2000_-_2018_SEPTIEMBRE.xls
2003-05-17,2003-05-23,2003,52.05,45.65,30.41,32.50,,HISTORICO_PRECIOS_COMBUSTIBLES_SERIE_2000_-_2018_SEPTIEMBRE.xls :: Prom.Anual Precs.Pub. 2003,observed,official_xls,ok,Prom.Anual Precs.Pub. 2003,26,17-23-MAYO,rebuilt_from_official_weekly_sequence,https://micm.gob.do/transparencia/images/pdf/transparencia/Estadisticas_Institucionales/2018/HISTORICO_PRECIOS_COMBUSTIBLES_SERIE_2000_-_2018_SEPTIEMBRE.xls
2003-05-24,2003-05-30,2003,52.22,46.08,31.12,33.21,,HISTORICO_PRECIOS_COMBUSTIBLES_SERIE_2000_-_2018_SEPTIEMBRE.xls :: Prom.Anual Precs.Pub. 2003,observed,official_xls,ok,Prom.Anual Precs.Pub. 2003,27,24-30-MAYO,rebuilt_from_official_weekly_sequence,https://micm.gob.do/transparencia/images/pdf/transparencia/Estadisticas_Institucionales/2018/HISTORICO_PRECIOS_COMBUSTIBLES_SERIE_2000_-_2018_SEPTIEMBRE.xls
2003-05-31,2003-06-06,2003,53.00,46.97,31.61,33.76,,HISTORICO_PRECIOS_COMBUSTIBLES_SERIE_2000_-_2018_SEPTIEMBRE.xls :: Prom.Anual Precs.Pub. 2003,observed,official_xls,ok,Prom.Anual Precs.Pub. 2003,28,31-MAY-6-JUN,rebuilt_from_official_weekly_sequence,https://micm.gob.do/transparencia/images/pdf/transparencia/Estadisticas_Institucionales/2018/HISTORICO_PRECIOS_COMBUSTIBLES_SERIE_2000_-_2018_SEPTIEMBRE.xls
2003-06-07,2003-06-13,2003,54.67,48.42,32.58,34.74,,HISTORICO_PRECIOS_COMBUSTIBLES_SERIE_2000_-_2018_SEPTIEMBRE.xls :: Prom.Anual Precs.Pub. 2003,observed,official_xls,ok,Prom.Anual Precs.Pub. 2003,29,7-13-JUNIO,rebuilt_from_official_weekly_sequence,https://micm.gob.do/transparencia/images/pdf/transparencia/Estadisticas_Institucionales/2018/HISTORICO_PRECIOS_COMBUSTIBLES_SERIE_2000_-_2018_SEPTIEMBRE.xls
2003-06-14,2003-06-20,2003,56.60,50.20,33.43,35.59,,HISTORICO_PRECIOS_COMBUSTIBLES_SERIE_2000_-_2018_SEPTIEMBRE.xls :: Prom.Anual Precs.Pub. 2003,observed,official_xls,ok,Prom.Anual Precs.Pub. 2003,30,14-20-JUNIO,rebuilt_from_official_weekly_sequence,https://micm.gob.do/transparencia/images/pdf/transparencia/Estadisticas_Institucionales/2018/HISTORICO_PRECIOS_COMBUSTIBLES_SERIE_2000_-_2018_SEPTIEMBRE.xls
2003-06-21,2003-06-27,2003,56.83,50.31,34.77,36.96,,HISTORICO_PRECIOS_COMBUSTIBLES_SERIE_2000_-_2018_SEPTIEMBRE.xls :: Prom.Anual Precs.Pub. 2003,observed,official_xls,ok,Prom.Anual Precs.Pub. 2003,31,21-27-JUNIO,rebuilt_from_official_weekly_sequence,https://micm.gob.do/transparencia/images/pdf/transparencia/Estadisticas_Institucionales/2018/HISTORICO_PRECIOS_COMBUSTIBLES_SERIE_2000_-_2018_SEPTIEMBRE.xls
2003-06-28,2003-07-04,2003,58.11,51.78,35.13,37.30,,HISTORICO_PRECIOS_COMBUSTIBLES_SERIE_2000_-_2018_SEPTIEMBRE.xls :: Prom.Anual Precs.Pub. 2003,observed,official_xls,ok,Prom.Anual Precs.Pub. 2003,32,28-JUN 4-JULIO,rebuilt_from_official_weekly_sequence,https://micm.gob.do/transparencia/images/pdf/transparencia/Estadisticas_Institucionales/2018/HISTORICO_PRECIOS_COMBUSTIBLES_SERIE_2000_-_2018_SEPTIEMBRE.xls
2003-07-05,2003-07-11,2003,60.90,54.45,36.49,38.66,,HISTORICO_PRECIOS_COMBUSTIBLES_SERIE_2000_-_2018_SEPTIEMBRE.xls :: Prom.Anual Precs.Pub. 2003,observed,official_xls,ok,Prom.Anual Precs.Pub. 2003,33,5-11-JULIO,rebuilt_from_official_weekly_sequence,https://micm.gob.do/transparencia/images/pdf/transparencia/Estadisticas_Institucionales/2018/HISTORICO_PRECIOS_COMBUSTIBLES_SERIE_2000_-_2018_SEPTIEMBRE.xls
2003-07-12,2003-07-18,2003,64.16,57.61,37.85,40.03,,HISTORICO_PRECIOS_COMBUSTIBLES_SERIE_2000_-_2018_SEPTIEMBRE.xls :: Prom.Anual Precs.Pub. 2003,observed,official_xls,ok,Prom.Anual Precs.Pub. 2003,34,12-18-JULIO,rebuilt_from_official_weekly_sequence,https://micm.gob.do/transparencia/images/pdf/transparencia/Estadisticas_Institucionales/2018/HISTORICO_PRECIOS_COMBUSTIBLES_SERIE_2000_-_2018_SEPTIEMBRE.xls
2003-07-19,2003-07-25,2003,63.80,57.12,38.42,40.60,,HISTORICO_PRECIOS_COMBUSTIBLES_SERIE_2000_-_2018_SEPTIEMBRE.xls :: Prom.Anual Precs.Pub. 2003,observed,official_xls,ok,Prom.Anual Precs.Pub. 2003,35,19-25-JULIO,rebuilt_from_official_weekly_sequence,https://micm.gob.do/transparencia/images/pdf/transparencia/Estadisticas_Institucionales/2018/HISTORICO_PRECIOS_COMBUSTIBLES_SERIE_2000_-_2018_SEPTIEMBRE.xls
2003-07-26,2003-08-01,2003,64.28,57.36,39.37,41.57,,HISTORICO_PRECIOS_COMBUSTIBLES_SERIE_2000_-_2018_SEPTIEMBRE.xls :: Prom.Anual Precs.Pub. 2003,observed,official_xls,ok,Prom.Anual Precs.Pub. 2003,36,26-JUL-1-AGO,rebuilt_from_official_weekly_sequence,https://micm.gob.do/transparencia/images/pdf/transparencia/Estadisticas_Institucionales/2018/HISTORICO_PRECIOS_COMBUSTIBLES_SERIE_2000_-_2018_SEPTIEMBRE.xls
2003-08-02,2003-08-08,2003,64.07,57.17,40.33,42.57,,HISTORICO_PRECIOS_COMBUSTIBLES_SERIE_2000_-_2018_SEPTIEMBRE.xls :: Prom.Anual Precs.Pub. 2003,observed,official_xls,ok,Prom.Anual Precs.Pub. 2003,37,2-8-AGOSTO,rebuilt_from_official_weekly_sequence,https://micm.gob.do/transparencia/images/pdf/transparencia/Estadisticas_Institucionales/2018/HISTORICO_PRECIOS_COMBUSTIBLES_SERIE_2000_-_2018_SEPTIEMBRE.xls
2003-08-09,2003-08-15,2003,67.19,60.13,41.77,44.01,,HISTORICO_PRECIOS_COMBUSTIBLES_SERIE_2000_-_2018_SEPTIEMBRE.xls :: Prom.Anual Precs.Pub. 2003,observed,official_xls,ok,Prom.Anual Precs.Pub. 2003,38,9-15-AGOSTO,rebuilt_from_official_weekly_sequence,https://micm.gob.do/transparencia/images/pdf/transparencia/Estadisticas_Institucionales/2018/HISTORICO_PRECIOS_COMBUSTIBLES_SERIE_2000_-_2018_SEPTIEMBRE.xls
2003-08-16,2003-08-22,2003,65.28,58.47,40.00,42.23,,HISTORICO_PRECIOS_COMBUSTIBLES_SERIE_2000_-_2018_SEPTIEMBRE.xls :: Prom.Anual Precs.Pub. 2003,observed,official_xls,ok,Prom.Anual Precs.Pub. 2003,39,16-22-AGOSTO,rebuilt_from_official_weekly_sequence,https://micm.gob.do/transparencia/images/pdf/transparencia/Estadisticas_Institucionales/2018/HISTORICO_PRECIOS_COMBUSTIBLES_SERIE_2000_-_2018_SEPTIEMBRE.xls
2003-08-23,2003-08-29,2003,68.32,61.18,38.86,41.09,,HISTORICO_PRECIOS_COMBUSTIBLES_SERIE_2000_-_2018_SEPTIEMBRE.xls :: Prom.Anual Precs.Pub. 2003,observed,official_xls,ok,Prom.Anual Precs.Pub. 2003,40,23-29-AGOSTO,rebuilt_from_official_weekly_sequence,https://micm.gob.do/transparencia/images/pdf/transparencia/Estadisticas_Institucionales/2018/HISTORICO_PRECIOS_COMBUSTIBLES_SERIE_2000_-_2018_SEPTIEMBRE.xls
2003-08-30,2003-09-05,2003,66.77,59.40,41.03,43.20,,HISTORICO_PRECIOS_COMBUSTIBLES_SERIE_2000_-_2018_SEPTIEMBRE.xls :: Prom.Anual Precs.Pub. 2003,observed,official_xls,ok,Prom.Anual Precs.Pub. 2003,41,30-AGOS-5-SEP,rebuilt_from_official_weekly_sequence,https://micm.gob.do/transparencia/images/pdf/transparencia/Estadisticas_Institucionales/2018/HISTORICO_PRECIOS_COMBUSTIBLES_SERIE_2000_-_2018_SEPTIEMBRE.xls
2003-09-06,2003-09-12,2003,60.14,52.51,36.11,38.40,,HISTORICO_PRECIOS_COMBUSTIBLES_SERIE_2000_-_2018_SEPTIEMBRE.xls :: Prom.Anual Precs.Pub. 2003,observed,official_xls,ok,Prom.Anual Precs.Pub. 2003,42,6-12-SEP,rebuilt_from_official_weekly_sequence,https://micm.gob.do/transparencia/images/pdf/transparencia/Estadisticas_Institucionales/2018/HISTORICO_PRECIOS_COMBUSTIBLES_SERIE_2000_-_2018_SEPTIEMBRE.xls
2003-09-13,2003-09-19,2003,63.80,55.63,37.00,39.29,,HISTORICO_PRECIOS_COMBUSTIBLES_SERIE_2000_-_2018_SEPTIEMBRE.xls :: Prom.Anual Precs.Pub. 2003,observed,official_xls,ok,Prom.Anual Precs.Pub. 2003,43,13-19-SEP,rebuilt_from_official_weekly_sequence,https://micm.gob.do/transparencia/images/pdf/transparencia/Estadisticas_Institucionales/2018/HISTORICO_PRECIOS_COMBUSTIBLES_SERIE_2000_-_2018_SEPTIEMBRE.xls
2003-09-20,2003-09-26,2003,62.52,54.58,37.06,39.36,,HISTORICO_PRECIOS_COMBUSTIBLES_SERIE_2000_-_2018_SEPTIEMBRE.xls :: Prom.Anual Precs.Pub. 2003,observed,official_xls,ok,Prom.Anual Precs.Pub. 2003,44,20-26-SEP,rebuilt_from_official_weekly_sequence,https://micm.gob.do/transparencia/images/pdf/transparencia/Estadisticas_Institucionales/2018/HISTORICO_PRECIOS_COMBUSTIBLES_SERIE_2000_-_2018_SEPTIEMBRE.xls
2003-09-27,2003-10-03,2003,59.50,52.01,37.11,39.41,,HISTORICO_PRECIOS_COMBUSTIBLES_SERIE_2000_-_2018_SEPTIEMBRE.xls :: Prom.Anual Precs.Pub. 2003,observed,official_xls,ok,Prom.Anual Precs.Pub. 2003,45,27-SEP-3-OCT,rebuilt_from_official_weekly_sequence,https://micm.gob.do/transparencia/images/pdf/transparencia/Estadisticas_Institucionales/2018/HISTORICO_PRECIOS_COMBUSTIBLES_SERIE_2000_-_2018_SEPTIEMBRE.xls
2003-10-04,2003-10-10,2003,61.05,53.31,39.10,41.40,,HISTORICO_PRECIOS_COMBUSTIBLES_SERIE_2000_-_2018_SEPTIEMBRE.xls :: Prom.Anual Precs.Pub. 2003,observed,official_xls,ok,Prom.Anual Precs.Pub. 2003,46,4-10-OCT,rebuilt_from_official_weekly_sequence,https://micm.gob.do/transparencia/images/pdf/transparencia/Estadisticas_Institucionales/2018/HISTORICO_PRECIOS_COMBUSTIBLES_SERIE_2000_-_2018_SEPTIEMBRE.xls
2003-10-11,2003-10-17,2003,65.30,57.69,41.77,44.09,,HISTORICO_PRECIOS_COMBUSTIBLES_SERIE_2000_-_2018_SEPTIEMBRE.xls :: Prom.Anual Precs.Pub. 2003,observed,official_xls,ok,Prom.Anual Precs.Pub. 2003,47,11-17-OCT,rebuilt_from_official_weekly_sequence,https://micm.gob.do/transparencia/images/pdf/transparencia/Estadisticas_Institucionales/2018/HISTORICO_PRECIOS_COMBUSTIBLES_SERIE_2000_-_2018_SEPTIEMBRE.xls
2003-10-18,2003-10-24,2003,66.40,58.61,43.94,46.26,,HISTORICO_PRECIOS_COMBUSTIBLES_SERIE_2000_-_2018_SEPTIEMBRE.xls :: Prom.Anual Precs.Pub. 2003,observed,official_xls,ok,Prom.Anual Precs.Pub. 2003,48,18-24-OCT,rebuilt_from_official_weekly_sequence,https://micm.gob.do/transparencia/images/pdf/transparencia/Estadisticas_Institucionales/2018/HISTORICO_PRECIOS_COMBUSTIBLES_SERIE_2000_-_2018_SEPTIEMBRE.xls
2003-10-25,2003-10-31,2003,65.22,57.75,43.35,45.67,,HISTORICO_PRECIOS_COMBUSTIBLES_SERIE_2000_-_2018_SEPTIEMBRE.xls :: Prom.Anual Precs.Pub. 2003,observed,official_xls,ok,Prom.Anual Precs.Pub. 2003,49,25-31-OCT,rebuilt_from_official_weekly_sequence,https://micm.gob.do/transparencia/images/pdf/transparencia/Estadisticas_Institucionales/2018/HISTORICO_PRECIOS_COMBUSTIBLES_SERIE_2000_-_2018_SEPTIEMBRE.xls
2003-11-01,2003-11-07,2003,70.15,62.07,44.80,47.15,,HISTORICO_PRECIOS_COMBUSTIBLES_SERIE_2000_-_2018_SEPTIEMBRE.xls :: Prom.Anual Precs.Pub. 2003,observed,official_xls,ok,Prom.Anual Precs.Pub. 2003,50,1-7-NOV,rebuilt_from_official_weekly_sequence,https://micm.gob.do/transparencia/images/pdf/transparencia/Estadisticas_Institucionales/2018/HISTORICO_PRECIOS_COMBUSTIBLES_SERIE_2000_-_2018_SEPTIEMBRE.xls
2003-11-08,2003-11-14,2003,69.04,61.60,47.03,49.40,,HISTORICO_PRECIOS_COMBUSTIBLES_SERIE_2000_-_2018_SEPTIEMBRE.xls :: Prom.Anual Precs.Pub. 2003,observed,official_xls,ok,Prom.Anual Precs.Pub. 2003,51,8-14-NOV,rebuilt_from_official_weekly_sequence,https://micm.gob.do/transparencia/images/pdf/transparencia/Estadisticas_Institucionales/2018/HISTORICO_PRECIOS_COMBUSTIBLES_SERIE_2000_-_2018_SEPTIEMBRE.xls
2003-11-15,2003-11-21,2003,68.48,61.45,47.45,49.81,,HISTORICO_PRECIOS_COMBUSTIBLES_SERIE_2000_-_2018_SEPTIEMBRE.xls :: Prom.Anual Precs.Pub. 2003,observed,official_xls,ok,Prom.Anual Precs.Pub. 2003,52,15-21-NOV,rebuilt_from_official_weekly_sequence,https://micm.gob.do/transparencia/images/pdf/transparencia/Estadisticas_Institucionales/2018/HISTORICO_PRECIOS_COMBUSTIBLES_SERIE_2000_-_2018_SEPTIEMBRE.xls
2003-11-22,2003-11-28,2003,73.85,66.77,51.98,54.47,,HISTORICO_PRECIOS_COMBUSTIBLES_SERIE_2000_-_2018_SEPTIEMBRE.xls :: Prom.Anual Precs.Pub. 2003,observed,official_xls,ok,Prom.Anual Precs.Pub. 2003,53,22-28-NOV,rebuilt_from_official_weekly_sequence,https://micm.gob.do/transparencia/images/pdf/transparencia/Estadisticas_Institucionales/2018/HISTORICO_PRECIOS_COMBUSTIBLES_SERIE_2000_-_2018_SEPTIEMBRE.xls
2003-11-29,2003-12-05,2003,72.22,64.97,50.80,53.57,,HISTORICO_PRECIOS_COMBUSTIBLES_SERIE_2000_-_2018_SEPTIEMBRE.xls :: Prom.Anual Precs.Pub. 2003,observed,official_xls,ok,Prom.Anual Precs.Pub. 2003,54,29-NOV-5-DIC,rebuilt_from_official_weekly_sequence,https://micm.gob.do/transparencia/images/pdf/transparencia/Estadisticas_Institucionales/2018/HISTORICO_PRECIOS_COMBUSTIBLES_SERIE_2000_-_2018_SEPTIEMBRE.xls
2003-12-06,2003-12-12,2003,73.64,66.38,52.22,54.99,,HISTORICO_PRECIOS_COMBUSTIBLES_SERIE_2000_-_2018_SEPTIEMBRE.xls :: Prom.Anual Precs.Pub. 2003,observed,official_xls,ok,Prom.Anual Precs.Pub. 2003,55,6-12-DIC,rebuilt_from_official_weekly_sequence,https://micm.gob.do/transparencia/images/pdf/transparencia/Estadisticas_Institucionales/2018/HISTORICO_PRECIOS_COMBUSTIBLES_SERIE_2000_-_2018_SEPTIEMBRE.xls
2003-12-13,2003-12-19,2003,71.21,64.20,50.20,52.94,,HISTORICO_PRECIOS_COMBUSTIBLES_SERIE_2000_-_2018_SEPTIEMBRE.xls :: Prom.Anual Precs.Pub. 2003,observed,official_xls,ok,Prom.Anual Precs.Pub. 2003,56,13-19-DIC,rebuilt_from_official_weekly_sequence,https://micm.gob.do/transparencia/images/pdf/transparencia/Estadisticas_Institucionales/2018/HISTORICO_PRECIOS_COMBUSTIBLES_SERIE_2000_-_2018_SEPTIEMBRE.xls
2003-12-20,2003-12-26,2003,72.37,65.20,49.85,52.58,,HISTORICO_PRECIOS_COMBUSTIBLES_SERIE_2000_-_2018_SEPTIEMBRE.xls :: Prom.Anual Precs.Pub. 2003,observed,official_xls,ok,Prom.Anual Precs.Pub. 2003,57,20-26-DIC,rebuilt_from_official_weekly_sequence,https://micm.gob.do/transparencia/images/pdf/transparencia/Estadisticas_Institucionales/2018/HISTORICO_PRECIOS_COMBUSTIBLES_SERIE_2000_-_2018_SEPTIEMBRE.xls
2003-12-27,2004-01-02,2003,71.48,64.09,47.40,50.12,,HISTORICO_PRECIOS_COMBUSTIBLES_SERIE_2000_-_2018_SEPTIEMBRE.xls :: Prom.Anual Precs.Pub. 2003,observed,official_xls,ok,Prom.Anual Precs.Pub. 2003,58,27-DIC.-2-ENE,rebuilt_from_official_weekly_sequence,https://micm.gob.do/transparencia/images/pdf/transparencia/Estadisticas_Institucionales/2018/HISTORICO_PRECIOS_COMBUSTIBLES_SERIE_2000_-_2018_SEPTIEMBRE.xls
2004-01-03,2004-01-09,2004,74.95,66.89,48.87,51.58,,HISTORICO_PRECIOS_COMBUSTIBLES_SERIE_2000_-_2018_SEPTIEMBRE.xls :: Prom.Precios Anual Combust 2004,observed,official_xls,ok,Prom.Precios Anual Combust 2004,7,4 AL 09 ENE 2004,rebuilt_from_official_weekly_sequence,https://micm.gob.do/transparencia/images/pdf/transparencia/Estadisticas_Institucionales/2018/HISTORICO_PRECIOS_COMBUSTIBLES_SERIE_2000_-_2018_SEPTIEMBRE.xls
2004-01-10,2004-01-16,2004,81.71,73.29,55.75,58.49,,HISTORICO_PRECIOS_COMBUSTIBLES_SERIE_2000_-_2018_SEPTIEMBRE.xls :: Prom.Precios Anual Combust 2004,observed,official_xls,ok,Prom.Precios Anual Combust 2004,8,10 AL 16 ENE 2004,rebuilt_from_official_weekly_sequence,https://micm.gob.do/transparencia/images/pdf/transparencia/Estadisticas_Institucionales/2018/HISTORICO_PRECIOS_COMBUSTIBLES_SERIE_2000_-_2018_SEPTIEMBRE.xls
2004-01-17,2004-01-23,2004,92.40,83.95,66.05,68.86,,HISTORICO_PRECIOS_COMBUSTIBLES_SERIE_2000_-_2018_SEPTIEMBRE.xls :: Prom.Precios Anual Combust 2004,observed,official_xls,ok,Prom.Precios Anual Combust 2004,9,17 AL 23 ENE 2004,rebuilt_from_official_weekly_sequence,https://micm.gob.do/transparencia/images/pdf/transparencia/Estadisticas_Institucionales/2018/HISTORICO_PRECIOS_COMBUSTIBLES_SERIE_2000_-_2018_SEPTIEMBRE.xls
2004-01-24,2004-01-30,2004,99.30,90.00,73.20,76.00,,HISTORICO_PRECIOS_COMBUSTIBLES_SERIE_2000_-_2018_SEPTIEMBRE.xls :: Prom.Precios Anual Combust 2004,observed,official_xls,ok,Prom.Precios Anual Combust 2004,10,24 AL 30 ENE 2004,rebuilt_from_official_weekly_sequence,https://micm.gob.do/transparencia/images/pdf/transparencia/Estadisticas_Institucionales/2018/HISTORICO_PRECIOS_COMBUSTIBLES_SERIE_2000_-_2018_SEPTIEMBRE.xls
2004-01-31,2004-02-06,2004,99.15,89.31,71.53,74.38,,HISTORICO_PRECIOS_COMBUSTIBLES_SERIE_2000_-_2018_SEPTIEMBRE.xls :: Prom.Precios Anual Combust 2004,observed,official_xls,ok,Prom.Precios Anual Combust 2004,11,31 ENE AL 06 FEB 2004,rebuilt_from_official_weekly_sequence,https://micm.gob.do/transparencia/images/pdf/transparencia/Estadisticas_Institucionales/2018/HISTORICO_PRECIOS_COMBUSTIBLES_SERIE_2000_-_2018_SEPTIEMBRE.xls
2004-02-07,2004-02-13,2004,105.20,96.00,71.70,74.60,,HISTORICO_PRECIOS_COMBUSTIBLES_SERIE_2000_-_2018_SEPTIEMBRE.xls :: Prom.Precios Anual Combust 2004,observed,official_xls,ok,Prom.Precios Anual Combust 2004,12,07 AL 13 FEB 2004,rebuilt_from_official_weekly_sequence,https://micm.gob.do/transparencia/images/pdf/transparencia/Estadisticas_Institucionales/2018/HISTORICO_PRECIOS_COMBUSTIBLES_SERIE_2000_-_2018_SEPTIEMBRE.xls
2004-02-14,2004-02-20,2004,98.50,90.10,65.90,68.70,,HISTORICO_PRECIOS_COMBUSTIBLES_SERIE_2000_-_2018_SEPTIEMBRE.xls :: Prom.Precios Anual Combust 2004,observed,official_xls,ok,Prom.Precios Anual Combust 2004,13,14 AL 20 FEB 2004,rebuilt_from_official_weekly_sequence,https://micm.gob.do/transparencia/images/pdf/transparencia/Estadisticas_Institucionales/2018/HISTORICO_PRECIOS_COMBUSTIBLES_SERIE_2000_-_2018_SEPTIEMBRE.xls
2004-02-21,2004-02-27,2004,96.20,88.60,65.20,68.00,,HISTORICO_PRECIOS_COMBUSTIBLES_SERIE_2000_-_2018_SEPTIEMBRE.xls :: Prom.Precios Anual Combust 2004,observed,official_xls,ok,Prom.Precios Anual Combust 2004,14,21 AL 27 FEB 2004,rebuilt_from_official_weekly_sequence,https://micm.gob.do/transparencia/images/pdf/transparencia/Estadisticas_Institucionales/2018/HISTORICO_PRECIOS_COMBUSTIBLES_SERIE_2000_-_2018_SEPTIEMBRE.xls
2004-02-28,2004-03-05,2004,97.10,89.10,64.70,67.50,,HISTORICO_PRECIOS_COMBUSTIBLES_SERIE_2000_-_2018_SEPTIEMBRE.xls :: Prom.Precios Anual Combust 2004,observed,official_xls,ok,Prom.Precios Anual Combust 2004,15,28 FEB AL 05 MAR 2004,rebuilt_from_official_weekly_sequence,https://micm.gob.do/transparencia/images/pdf/transparencia/Estadisticas_Institucionales/2018/HISTORICO_PRECIOS_COMBUSTIBLES_SERIE_2000_-_2018_SEPTIEMBRE.xls
2004-03-06,2004-03-12,2004,98.70,90.40,65.50,67.90,,HISTORICO_PRECIOS_COMBUSTIBLES_SERIE_2000_-_2018_SEPTIEMBRE.xls :: Prom.Precios Anual Combust 2004,observed,official_xls,ok,Prom.Precios Anual Combust 2004,16,06 AL 12 MAR 2004,rebuilt_from_official_weekly_sequence,https://micm.gob.do/transparencia/images/pdf/transparencia/Estadisticas_Institucionales/2018/HISTORICO_PRECIOS_COMBUSTIBLES_SERIE_2000_-_2018_SEPTIEMBRE.xls
2004-03-13,2004-03-19,2004,99.30,90.90,67.00,69.40,,HISTORICO_PRECIOS_COMBUSTIBLES_SERIE_2000_-_2018_SEPTIEMBRE.xls :: Prom.Precios Anual Combust 2004,observed,official_xls,ok,Prom.Precios Anual Combust 2004,17,13 AL 19 MAR 2004,rebuilt_from_official_weekly_sequence,https://micm.gob.do/transparencia/images/pdf/transparencia/Estadisticas_Institucionales/2018/HISTORICO_PRECIOS_COMBUSTIBLES_SERIE_2000_-_2018_SEPTIEMBRE.xls
2004-03-20,2004-03-26,2004,100.20,92.10,66.20,68.60,,HISTORICO_PRECIOS_COMBUSTIBLES_SERIE_2000_-_2018_SEPTIEMBRE.xls :: Prom.Precios Anual Combust 2004,observed,official_xls,ok,Prom.Precios Anual Combust 2004,18,20 AL 26 MAR 2004,rebuilt_from_official_weekly_sequence,https://micm.gob.do/transparencia/images/pdf/transparencia/Estadisticas_Institucionales/2018/HISTORICO_PRECIOS_COMBUSTIBLES_SERIE_2000_-_2018_SEPTIEMBRE.xls
2004-03-27,2004-04-02,2004,98.90,91.50,64.40,66.40,,HISTORICO_PRECIOS_COMBUSTIBLES_SERIE_2000_-_2018_SEPTIEMBRE.xls :: Prom.Precios Anual Combust 2004,observed,official_xls,ok,Prom.Precios Anual Combust 2004,19,27 MAR AL 02 ABR 2004,rebuilt_from_official_weekly_sequence,https://micm.gob.do/transparencia/images/pdf/transparencia/Estadisticas_Institucionales/2018/HISTORICO_PRECIOS_COMBUSTIBLES_SERIE_2000_-_2018_SEPTIEMBRE.xls
2004-04-03,2004-04-09,2004,99.60,90.90,62.10,64.00,,HISTORICO_PRECIOS_COMBUSTIBLES_SERIE_2000_-_2018_SEPTIEMBRE.xls :: Prom.Precios Anual Combust 2004,observed,official_xls,ok,Prom.Precios Anual Combust 2004,20,03 AL 09 ABRIL 2004,rebuilt_from_official_weekly_sequence,https://micm.gob.do/transparencia/images/pdf/transparencia/Estadisticas_Institucionales/2018/HISTORICO_PRECIOS_COMBUSTIBLES_SERIE_2000_-_2018_SEPTIEMBRE.xls
2004-04-10,2004-04-16,2004,95.80,87.00,60.40,62.40,,HISTORICO_PRECIOS_COMBUSTIBLES_SERIE_2000_-_2018_SEPTIEMBRE.xls :: Prom.Precios Anual Combust 2004,observed,official_xls,ok,Prom.Precios Anual Combust 2004,21,10 AL 16 ABRIL 2004,rebuilt_from_official_weekly_sequence,https://micm.gob.do/transparencia/images/pdf/transparencia/Estadisticas_Institucionales/2018/HISTORICO_PRECIOS_COMBUSTIBLES_SERIE_2000_-_2018_SEPTIEMBRE.xls
2004-04-17,2004-04-23,2004,102.70,93.30,65.00,67.00,,HISTORICO_PRECIOS_COMBUSTIBLES_SERIE_2000_-_2018_SEPTIEMBRE.xls :: Prom.Precios Anual Combust 2004,observed,official_xls,ok,Prom.Precios Anual Combust 2004,22,17 AL 23 ABRIL 2004,rebuilt_from_official_weekly_sequence,https://micm.gob.do/transparencia/images/pdf/transparencia/Estadisticas_Institucionales/2018/HISTORICO_PRECIOS_COMBUSTIBLES_SERIE_2000_-_2018_SEPTIEMBRE.xls
2004-04-24,2004-04-30,2004,100.20,91.30,64.20,66.20,,HISTORICO_PRECIOS_COMBUSTIBLES_SERIE_2000_-_2018_SEPTIEMBRE.xls :: Prom.Precios Anual Combust 2004,observed,official_xls,ok,Prom.Precios Anual Combust 2004,23,24 AL 30 ABRIL 2004,rebuilt_from_official_weekly_sequence,https://micm.gob.do/transparencia/images/pdf/transparencia/Estadisticas_Institucionales/2018/HISTORICO_PRECIOS_COMBUSTIBLES_SERIE_2000_-_2018_SEPTIEMBRE.xls
2004-05-01,2004-05-07,2004,100.00,91.60,64.40,66.40,,HISTORICO_PRECIOS_COMBUSTIBLES_SERIE_2000_-_2018_SEPTIEMBRE.xls :: Prom.Precios Anual Combust 2004,observed,official_xls,ok,Prom.Precios Anual Combust 2004,24,01 AL 07 MAYO 2004,rebuilt_from_official_weekly_sequence,https://micm.gob.do/transparencia/images/pdf/transparencia/Estadisticas_Institucionales/2018/HISTORICO_PRECIOS_COMBUSTIBLES_SERIE_2000_-_2018_SEPTIEMBRE.xls
2004-05-08,2004-05-14,2004,100.50,92.00,64.80,66.70,,HISTORICO_PRECIOS_COMBUSTIBLES_SERIE_2000_-_2018_SEPTIEMBRE.xls :: Prom.Precios Anual Combust 2004,observed,official_xls,ok,Prom.Precios Anual Combust 2004,25,08 AL 14 MAYO 2004,rebuilt_from_official_weekly_sequence,https://micm.gob.do/transparencia/images/pdf/transparencia/Estadisticas_Institucionales/2018/HISTORICO_PRECIOS_COMBUSTIBLES_SERIE_2000_-_2018_SEPTIEMBRE.xls
2004-05-15,2004-05-21,2004,100.20,91.20,65.00,67.00,,HISTORICO_PRECIOS_COMBUSTIBLES_SERIE_2000_-_2018_SEPTIEMBRE.xls :: Prom.Precios Anual Combust 2004,observed,official_xls,ok,Prom.Precios Anual Combust 2004,26,15 AL 21 MAYO 2004,rebuilt_from_official_weekly_sequence,https://micm.gob.do/transparencia/images/pdf/transparencia/Estadisticas_Institucionales/2018/HISTORICO_PRECIOS_COMBUSTIBLES_SERIE_2000_-_2018_SEPTIEMBRE.xls
2004-05-22,2004-05-28,2004,109.90,100.50,69.60,71.60,,HISTORICO_PRECIOS_COMBUSTIBLES_SERIE_2000_-_2018_SEPTIEMBRE.xls :: Prom.Precios Anual Combust 2004,observed,official_xls,ok,Prom.Precios Anual Combust 2004,27,22 AL 28 MAYO 2004,rebuilt_from_official_weekly_sequence,https://micm.gob.do/transparencia/images/pdf/transparencia/Estadisticas_Institucionales/2018/HISTORICO_PRECIOS_COMBUSTIBLES_SERIE_2000_-_2018_SEPTIEMBRE.xls
2004-05-29,2004-06-04,2004,116.90,106.70,73.50,75.50,,HISTORICO_PRECIOS_COMBUSTIBLES_SERIE_2000_-_2018_SEPTIEMBRE.xls :: Prom.Precios Anual Combust 2004,observed,official_xls,ok,Prom.Precios Anual Combust 2004,28,29 MAY AL 04 JUN 2004,rebuilt_from_official_weekly_sequence,https://micm.gob.do/transparencia/images/pdf/transparencia/Estadisticas_Institucionales/2018/HISTORICO_PRECIOS_COMBUSTIBLES_SERIE_2000_-_2018_SEPTIEMBRE.xls
2004-06-05,2004-06-11,2004,118.50,109.20,77.20,79.10,,HISTORICO_PRECIOS_COMBUSTIBLES_SERIE_2000_-_2018_SEPTIEMBRE.xls :: Prom.Precios Anual Combust 2004,observed,official_xls,ok,Prom.Precios Anual Combust 2004,29,05 AL 11 JUNIO 2004,rebuilt_from_official_weekly_sequence,https://micm.gob.do/transparencia/images/pdf/transparencia/Estadisticas_Institucionales/2018/HISTORICO_PRECIOS_COMBUSTIBLES_SERIE_2000_-_2018_SEPTIEMBRE.xls
2004-06-12,2004-06-18,2004,111.80,102.90,72.90,74.90,,HISTORICO_PRECIOS_COMBUSTIBLES_SERIE_2000_-_2018_SEPTIEMBRE.xls :: Prom.Precios Anual Combust 2004,observed,official_xls,ok,Prom.Precios Anual Combust 2004,30,12 AL 18 JUNIO 2004,rebuilt_from_official_weekly_sequence,https://micm.gob.do/transparencia/images/pdf/transparencia/Estadisticas_Institucionales/2018/HISTORICO_PRECIOS_COMBUSTIBLES_SERIE_2000_-_2018_SEPTIEMBRE.xls
2004-06-19,2004-06-25,2004,103.80,95.00,71.00,73.00,,HISTORICO_PRECIOS_COMBUSTIBLES_SERIE_2000_-_2018_SEPTIEMBRE.xls :: Prom.Precios Anual Combust 2004,observed,official_xls,ok,Prom.Precios Anual Combust 2004,31,19 AL 25 JUNIO 2004,rebuilt_from_official_weekly_sequence,https://micm.gob.do/transparencia/images/pdf/transparencia/Estadisticas_Institucionales/2018/HISTORICO_PRECIOS_COMBUSTIBLES_SERIE_2000_-_2018_SEPTIEMBRE.xls
2004-06-26,2004-07-02,2004,106.80,98.10,73.40,75.40,,HISTORICO_PRECIOS_COMBUSTIBLES_SERIE_2000_-_2018_SEPTIEMBRE.xls :: Prom.Precios Anual Combust 2004,observed,official_xls,ok,Prom.Precios Anual Combust 2004,32,26 JUN AL 02 JUL 2004,rebuilt_from_official_weekly_sequence,https://micm.gob.do/transparencia/images/pdf/transparencia/Estadisticas_Institucionales/2018/HISTORICO_PRECIOS_COMBUSTIBLES_SERIE_2000_-_2018_SEPTIEMBRE.xls
2004-07-03,2004-07-09,2004,103.50,94.40,70.10,72.70,,HISTORICO_PRECIOS_COMBUSTIBLES_SERIE_2000_-_2018_SEPTIEMBRE.xls :: Prom.Precios Anual Combust 2004,observed,official_xls,ok,Prom.Precios Anual Combust 2004,33,03 AL 09 JULIO 2004,rebuilt_from_official_weekly_sequence,https://micm.gob.do/transparencia/images/pdf/transparencia/Estadisticas_Institucionales/2018/HISTORICO_PRECIOS_COMBUSTIBLES_SERIE_2000_-_2018_SEPTIEMBRE.xls
2004-07-10,2004-07-16,2004,110.70,101.80,75.20,77.90,,HISTORICO_PRECIOS_COMBUSTIBLES_SERIE_2000_-_2018_SEPTIEMBRE.xls :: Prom.Precios Anual Combust 2004,observed,official_xls,ok,Prom.Precios Anual Combust 2004,34,10 AL 16 JULIO 2004,rebuilt_from_official_weekly_sequence,https://micm.gob.do/transparencia/images/pdf/transparencia/Estadisticas_Institucionales/2018/HISTORICO_PRECIOS_COMBUSTIBLES_SERIE_2000_-_2018_SEPTIEMBRE.xls
2004-07-17,2004-07-23,2004,109.40,100.70,71.90,74.60,,HISTORICO_PRECIOS_COMBUSTIBLES_SERIE_2000_-_2018_SEPTIEMBRE.xls :: Prom.Precios Anual Combust 2004,observed,official_xls,ok,Prom.Precios Anual Combust 2004,35,17 AL 23 JULIO 2004,rebuilt_from_official_weekly_sequence,https://micm.gob.do/transparencia/images/pdf/transparencia/Estadisticas_Institucionales/2018/HISTORICO_PRECIOS_COMBUSTIBLES_SERIE_2000_-_2018_SEPTIEMBRE.xls
2004-07-24,2004-07-30,2004,107.30,98.70,73.60,76.40,,HISTORICO_PRECIOS_COMBUSTIBLES_SERIE_2000_-_2018_SEPTIEMBRE.xls :: Prom.Precios Anual Combust 2004,observed,official_xls,ok,Prom.Precios Anual Combust 2004,36,24 AL 30 JULIO 2004,rebuilt_from_official_weekly_sequence,https://micm.gob.do/transparencia/images/pdf/transparencia/Estadisticas_Institucionales/2018/HISTORICO_PRECIOS_COMBUSTIBLES_SERIE_2000_-_2018_SEPTIEMBRE.xls
2004-07-31,2004-08-06,2004,106.40,97.80,75.90,78.90,,HISTORICO_PRECIOS_COMBUSTIBLES_SERIE_2000_-_2018_SEPTIEMBRE.xls :: Prom.Precios Anual Combust 2004,observed,official_xls,ok,Prom.Precios Anual Combust 2004,37,31 JUL AL 06 AGO 2004,rebuilt_from_official_weekly_sequence,https://micm.gob.do/transparencia/images/pdf/transparencia/Estadisticas_Institucionales/2018/HISTORICO_PRECIOS_COMBUSTIBLES_SERIE_2000_-_2018_SEPTIEMBRE.xls
2004-08-07,2004-08-13,2004,106.50,97.00,77.30,80.70,,HISTORICO_PRECIOS_COMBUSTIBLES_SERIE_2000_-_2018_SEPTIEMBRE.xls :: Prom.Precios Anual Combust 2004,observed,official_xls,ok,Prom.Precios Anual Combust 2004,38,07 AL 13 AGOSTO 2004,rebuilt_from_official_weekly_sequence,https://micm.gob.do/transparencia/images/pdf/transparencia/Estadisticas_Institucionales/2018/HISTORICO_PRECIOS_COMBUSTIBLES_SERIE_2000_-_2018_SEPTIEMBRE.xls
2004-08-14,2004-08-20,2004,103.40,93.80,75.10,78.20,,HISTORICO_PRECIOS_COMBUSTIBLES_SERIE_2000_-_2018_SEPTIEMBRE.xls :: Prom.Precios Anual Combust 2004,observed,official_xls,ok,Prom.Precios Anual Combust 2004,39,14 AL 20 AGOSTO 2004,rebuilt_from_official_weekly_sequence,https://micm.gob.do/transparencia/images/pdf/transparencia/Estadisticas_Institucionales/2018/HISTORICO_PRECIOS_COMBUSTIBLES_SERIE_2000_-_2018_SEPTIEMBRE.xls
2004-08-21,2004-08-27,2004,107.80,97.40,76.40,79.60,,HISTORICO_PRECIOS_COMBUSTIBLES_SERIE_2000_-_2018_SEPTIEMBRE.xls :: Prom.Precios Anual Combust 2004,observed,official_xls,ok,Prom.Precios Anual Combust 2004,40,21 AL 27 AGOSTO 2004,rebuilt_from_official_weekly_sequence,https://micm.gob.do/transparencia/images/pdf/transparencia/Estadisticas_Institucionales/2018/HISTORICO_PRECIOS_COMBUSTIBLES_SERIE_2000_-_2018_SEPTIEMBRE.xls
2004-08-28,2004-09-03,2004,100.80,91.00,71.00,74.30,,HISTORICO_PRECIOS_COMBUSTIBLES_SERIE_2000_-_2018_SEPTIEMBRE.xls :: Prom.Precios Anual Combust 2004,observed,official_xls,ok,Prom.Precios Anual Combust 2004,41,28 AGO AL 03 SEPT 2004,rebuilt_from_official_weekly_sequence,https://micm.gob.do/transparencia/images/pdf/transparencia/Estadisticas_Institucionales/2018/HISTORICO_PRECIOS_COMBUSTIBLES_SERIE_2000_-_2018_SEPTIEMBRE.xls
2004-09-04,2004-09-10,2004,95.00,86.60,67.20,70.60,,HISTORICO_PRECIOS_COMBUSTIBLES_SERIE_2000_-_2018_SEPTIEMBRE.xls :: Prom.Precios Anual Combust 2004,observed,official_xls,ok,Prom.Precios Anual Combust 2004,42,04 AL 10 SEPT 2004,rebuilt_from_official_weekly_sequence,https://micm.gob.do/transparencia/images/pdf/transparencia/Estadisticas_Institucionales/2018/HISTORICO_PRECIOS_COMBUSTIBLES_SERIE_2000_-_2018_SEPTIEMBRE.xls
2004-09-11,2004-09-17,2004,97.90,89.30,68.30,71.80,,HISTORICO_PRECIOS_COMBUSTIBLES_SERIE_2000_-_2018_SEPTIEMBRE.xls :: Prom.Precios Anual Combust 2004,observed,official_xls,ok,Prom.Precios Anual Combust 2004,43,11 AL 17 SEPT 2004,rebuilt_from_official_weekly_sequence,https://micm.gob.do/transparencia/images/pdf/transparencia/Estadisticas_Institucionales/2018/HISTORICO_PRECIOS_COMBUSTIBLES_SERIE_2000_-_2018_SEPTIEMBRE.xls
2004-09-18,2004-09-24,2004,101.50,92.10,70.40,74.00,,HISTORICO_PRECIOS_COMBUSTIBLES_SERIE_2000_-_2018_SEPTIEMBRE.xls :: Prom.Precios Anual Combust 2004,observed,official_xls,ok,Prom.Precios Anual Combust 2004,44,18 AL 24 SEPT 2004,rebuilt_from_official_weekly_sequence,https://micm.gob.do/transparencia/images/pdf/transparencia/Estadisticas_Institucionales/2018/HISTORICO_PRECIOS_COMBUSTIBLES_SERIE_2000_-_2018_SEPTIEMBRE.xls
2004-09-25,2004-10-01,2004,104.10,95.20,74.10,77.80,,HISTORICO_PRECIOS_COMBUSTIBLES_SERIE_2000_-_2018_SEPTIEMBRE.xls :: Prom.Precios Anual Combust 2004,observed,official_xls,ok,Prom.Precios Anual Combust 2004,45,25 SEPT AL 01 OCT 2004,rebuilt_from_official_weekly_sequence,https://micm.gob.do/transparencia/images/pdf/transparencia/Estadisticas_Institucionales/2018/HISTORICO_PRECIOS_COMBUSTIBLES_SERIE_2000_-_2018_SEPTIEMBRE.xls
2004-10-02,2004-10-08,2004,101.60,93.50,75.50,79.30,,HISTORICO_PRECIOS_COMBUSTIBLES_SERIE_2000_-_2018_SEPTIEMBRE.xls :: Prom.Precios Anual Combust 2004,observed,official_xls,ok,Prom.Precios Anual Combust 2004,46,02 AL 08 OCT 2004,rebuilt_from_official_weekly_sequence,https://micm.gob.do/transparencia/images/pdf/transparencia/Estadisticas_Institucionales/2018/HISTORICO_PRECIOS_COMBUSTIBLES_SERIE_2000_-_2018_SEPTIEMBRE.xls
2004-10-09,2004-10-15,2004,101.30,93.40,74.60,78.00,,HISTORICO_PRECIOS_COMBUSTIBLES_SERIE_2000_-_2018_SEPTIEMBRE.xls :: Prom.Precios Anual Combust 2004,observed,official_xls,ok,Prom.Precios Anual Combust 2004,47,09 AL 15 OCT 2004,rebuilt_from_official_weekly_sequence,https://micm.gob.do/transparencia/images/pdf/transparencia/Estadisticas_Institucionales/2018/HISTORICO_PRECIOS_COMBUSTIBLES_SERIE_2000_-_2018_SEPTIEMBRE.xls
2004-10-16,2004-10-22,2004,102.30,94.10,75.80,79.20,,HISTORICO_PRECIOS_COMBUSTIBLES_SERIE_2000_-_2018_SEPTIEMBRE.xls :: Prom.Precios Anual Combust 2004,observed,official_xls,ok,Prom.Precios Anual Combust 2004,48,16 AL 22 OCT 2004,rebuilt_from_official_weekly_sequence,https://micm.gob.do/transparencia/images/pdf/transparencia/Estadisticas_Institucionales/2018/HISTORICO_PRECIOS_COMBUSTIBLES_SERIE_2000_-_2018_SEPTIEMBRE.xls
2004-10-23,2004-10-29,2004,102.50,93.80,77.00,80.40,,HISTORICO_PRECIOS_COMBUSTIBLES_SERIE_2000_-_2018_SEPTIEMBRE.xls :: Prom.Precios Anual Combust 2004,observed,official_xls,ok,Prom.Precios Anual Combust 2004,49,23 AL 29 OCT 2004,rebuilt_from_official_weekly_sequence,https://micm.gob.do/transparencia/images/pdf/transparencia/Estadisticas_Institucionales/2018/HISTORICO_PRECIOS_COMBUSTIBLES_SERIE_2000_-_2018_SEPTIEMBRE.xls
2004-10-30,2004-11-05,2004,103.80,94.50,76.70,80.00,,HISTORICO_PRECIOS_COMBUSTIBLES_SERIE_2000_-_2018_SEPTIEMBRE.xls :: Prom.Precios Anual Combust 2004,observed,official_xls,ok,Prom.Precios Anual Combust 2004,50,30 OCT AL 05 NOV 2004,rebuilt_from_official_weekly_sequence,https://micm.gob.do/transparencia/images/pdf/transparencia/Estadisticas_Institucionales/2018/HISTORICO_PRECIOS_COMBUSTIBLES_SERIE_2000_-_2018_SEPTIEMBRE.xls
2004-11-06,2004-11-12,2004,99.40,90.10,69.60,72.90,,HISTORICO_PRECIOS_COMBUSTIBLES_SERIE_2000_-_2018_SEPTIEMBRE.xls :: Prom.Precios Anual Combust 2004,observed,official_xls,ok,Prom.Precios Anual Combust 2004,51,06 AL 12 NOV 2004,rebuilt_from_official_weekly_sequence,https://micm.gob.do/transparencia/images/pdf/transparencia/Estadisticas_Institucionales/2018/HISTORICO_PRECIOS_COMBUSTIBLES_SERIE_2000_-_2018_SEPTIEMBRE.xls
2004-11-13,2004-11-19,2004,94.60,85.30,64.40,67.70,,HISTORICO_PRECIOS_COMBUSTIBLES_SERIE_2000_-_2018_SEPTIEMBRE.xls :: Prom.Precios Anual Combust 2004,observed,official_xls,ok,Prom.Precios Anual Combust 2004,52,13 AL 19 NOV 2004,rebuilt_from_official_weekly_sequence,https://micm.gob.do/transparencia/images/pdf/transparencia/Estadisticas_Institucionales/2018/HISTORICO_PRECIOS_COMBUSTIBLES_SERIE_2000_-_2018_SEPTIEMBRE.xls
2004-11-20,2004-11-26,2004,94.90,85.80,64.90,68.30,,HISTORICO_PRECIOS_COMBUSTIBLES_SERIE_2000_-_2018_SEPTIEMBRE.xls :: Prom.Precios Anual Combust 2004,observed,official_xls,ok,Prom.Precios Anual Combust 2004,53,20 AL 26 NOV 2004,rebuilt_from_official_weekly_sequence,https://micm.gob.do/transparencia/images/pdf/transparencia/Estadisticas_Institucionales/2018/HISTORICO_PRECIOS_COMBUSTIBLES_SERIE_2000_-_2018_SEPTIEMBRE.xls
2004-11-27,2004-12-03,2004,97.00,88.00,66.90,70.20,,HISTORICO_PRECIOS_COMBUSTIBLES_SERIE_2000_-_2018_SEPTIEMBRE.xls :: Prom.Precios Anual Combust 2004,observed,official_xls,ok,Prom.Precios Anual Combust 2004,54,27 NOV AL 03 DIC 2004,rebuilt_from_official_weekly_sequence,https://micm.gob.do/transparencia/images/pdf/transparencia/Estadisticas_Institucionales/2018/HISTORICO_PRECIOS_COMBUSTIBLES_SERIE_2000_-_2018_SEPTIEMBRE.xls
2004-12-04,2004-12-10,2004,92.80,84.00,62.40,65.70,,HISTORICO_PRECIOS_COMBUSTIBLES_SERIE_2000_-_2018_SEPTIEMBRE.xls :: Prom.Precios Anual Combust 2004,observed,official_xls,ok,Prom.Precios Anual Combust 2004,55,04 AL 10 DIC 2004,rebuilt_from_official_weekly_sequence,https://micm.gob.do/transparencia/images/pdf/transparencia/Estadisticas_Institucionales/2018/HISTORICO_PRECIOS_COMBUSTIBLES_SERIE_2000_-_2018_SEPTIEMBRE.xls
2004-12-11,2004-12-17,2004,85.50,76.80,57.10,60.40,,HISTORICO_PRECIOS_COMBUSTIBLES_SERIE_2000_-_2018_SEPTIEMBRE.xls :: Prom.Precios Anual Combust 2004,observed,official_xls,ok,Prom.Precios Anual Combust 2004,56,11 AL 17 DIC 2004,rebuilt_from_official_weekly_sequence,https://micm.gob.do/transparencia/images/pdf/transparencia/Estadisticas_Institucionales/2018/HISTORICO_PRECIOS_COMBUSTIBLES_SERIE_2000_-_2018_SEPTIEMBRE.xls
2004-12-18,2004-12-24,2004,88.00,79.30,62.00,65.30,,HISTORICO_PRECIOS_COMBUSTIBLES_SERIE_2000_-_2018_SEPTIEMBRE.xls :: Prom.Precios Anual Combust 2004,observed,official_xls,ok,Prom.Precios Anual Combust 2004,57,18 AL 24 DIC 2004,rebuilt_from_official_weekly_sequence,https://micm.gob.do/transparencia/images/pdf/transparencia/Estadisticas_Institucionales/2018/HISTORICO_PRECIOS_COMBUSTIBLES_SERIE_2000_-_2018_SEPTIEMBRE.xls
2004-12-25,2004-12-31,2004,90.20,81.30,63.60,67.00,,HISTORICO_PRECIOS_COMBUSTIBLES_SERIE_2000_-_2018_SEPTIEMBRE.xls :: Prom.Precios Anual Combust 2004,observed,official_xls,ok,Prom.Precios Anual Combust 2004,58,25 AL 31 DIC 2004,rebuilt_from_official_weekly_sequence,https://micm.gob.do/transparencia/images/pdf/transparencia/Estadisticas_Institucionales/2018/HISTORICO_PRECIOS_COMBUSTIBLES_SERIE_2000_-_2018_SEPTIEMBRE.xls
2005-01-01,2005-01-07,2005,91.60,82.20,61.60,65.10,,HISTORICO_PRECIOS_COMBUSTIBLES_SERIE_2000_-_2018_SEPTIEMBRE.xls :: Prom.Precio Anual Combts 2005,observed,official_xls,ok,Prom.Precio Anual Combts 2005,7,01 AL 07 ENE 2005,rebuilt_from_official_weekly_sequence,https://micm.gob.do/transparencia/images/pdf/transparencia/Estadisticas_Institucionales/2018/HISTORICO_PRECIOS_COMBUSTIBLES_SERIE_2000_-_2018_SEPTIEMBRE.xls
2005-01-08,2005-01-14,2005,95.90,86.30,62.10,65.50,,HISTORICO_PRECIOS_COMBUSTIBLES_SERIE_2000_-_2018_SEPTIEMBRE.xls :: Prom.Precio Anual Combts 2005,observed,official_xls,ok,Prom.Precio Anual Combts 2005,8,08 AL 14 ENE 2005,rebuilt_from_official_weekly_sequence,https://micm.gob.do/transparencia/images/pdf/transparencia/Estadisticas_Institucionales/2018/HISTORICO_PRECIOS_COMBUSTIBLES_SERIE_2000_-_2018_SEPTIEMBRE.xls
2005-01-15,2005-01-21,2005,98.10,88.70,66.20,69.60,,HISTORICO_PRECIOS_COMBUSTIBLES_SERIE_2000_-_2018_SEPTIEMBRE.xls :: Prom.Precio Anual Combts 2005,observed,official_xls,ok,Prom.Precio Anual Combts 2005,9,15 AL 21 ENE 2005,rebuilt_from_official_weekly_sequence,https://micm.gob.do/transparencia/images/pdf/transparencia/Estadisticas_Institucionales/2018/HISTORICO_PRECIOS_COMBUSTIBLES_SERIE_2000_-_2018_SEPTIEMBRE.xls
2005-01-22,2005-01-28,2005,97.90,88.70,65.80,69.20,,HISTORICO_PRECIOS_COMBUSTIBLES_SERIE_2000_-_2018_SEPTIEMBRE.xls :: Prom.Precio Anual Combts 2005,observed,official_xls,ok,Prom.Precio Anual Combts 2005,10,22 AL 28 ENE 2005,rebuilt_from_official_weekly_sequence,https://micm.gob.do/transparencia/images/pdf/transparencia/Estadisticas_Institucionales/2018/HISTORICO_PRECIOS_COMBUSTIBLES_SERIE_2000_-_2018_SEPTIEMBRE.xls
2005-01-29,2005-02-04,2005,99.60,90.40,67.30,70.70,,HISTORICO_PRECIOS_COMBUSTIBLES_SERIE_2000_-_2018_SEPTIEMBRE.xls :: Prom.Precio Anual Combts 2005,observed,official_xls,ok,Prom.Precio Anual Combts 2005,11,29 ENE AL 04 FEB 2005,rebuilt_from_official_weekly_sequence,https://micm.gob.do/transparencia/images/pdf/transparencia/Estadisticas_Institucionales/2018/HISTORICO_PRECIOS_COMBUSTIBLES_SERIE_2000_-_2018_SEPTIEMBRE.xls
2005-02-05,2005-02-11,2005,97.90,88.90,63.90,67.20,,HISTORICO_PRECIOS_COMBUSTIBLES_SERIE_2000_-_2018_SEPTIEMBRE.xls :: Prom.Precio Anual Combts 2005,observed,official_xls,ok,Prom.Precio Anual Combts 2005,12,05 AL 11 FEB 2005,rebuilt_from_official_weekly_sequence,https://micm.gob.do/transparencia/images/pdf/transparencia/Estadisticas_Institucionales/2018/HISTORICO_PRECIOS_COMBUSTIBLES_SERIE_2000_-_2018_SEPTIEMBRE.xls
2005-02-12,2005-02-18,2005,95.60,86.60,62.90,66.20,,HISTORICO_PRECIOS_COMBUSTIBLES_SERIE_2000_-_2018_SEPTIEMBRE.xls :: Prom.Precio Anual Combts 2005,observed,official_xls,ok,Prom.Precio Anual Combts 2005,13,12 AL 18 FEB 2005,rebuilt_from_official_weekly_sequence,https://micm.gob.do/transparencia/images/pdf/transparencia/Estadisticas_Institucionales/2018/HISTORICO_PRECIOS_COMBUSTIBLES_SERIE_2000_-_2018_SEPTIEMBRE.xls
2005-02-19,2005-02-25,2005,96.10,87.20,64.60,67.90,,HISTORICO_PRECIOS_COMBUSTIBLES_SERIE_2000_-_2018_SEPTIEMBRE.xls :: Prom.Precio Anual Combts 2005,observed,official_xls,ok,Prom.Precio Anual Combts 2005,14,19 AL 25 FEB 2005,rebuilt_from_official_weekly_sequence,https://micm.gob.do/transparencia/images/pdf/transparencia/Estadisticas_Institucionales/2018/HISTORICO_PRECIOS_COMBUSTIBLES_SERIE_2000_-_2018_SEPTIEMBRE.xls
2005-02-26,2005-03-04,2005,96.60,87.70,68.40,71.70,,HISTORICO_PRECIOS_COMBUSTIBLES_SERIE_2000_-_2018_SEPTIEMBRE.xls :: Prom.Precio Anual Combts 2005,observed,official_xls,ok,Prom.Precio Anual Combts 2005,15,26 FEB AL 04 MAR 2005,rebuilt_from_official_weekly_sequence,https://micm.gob.do/transparencia/images/pdf/transparencia/Estadisticas_Institucionales/2018/HISTORICO_PRECIOS_COMBUSTIBLES_SERIE_2000_-_2018_SEPTIEMBRE.xls
2005-03-05,2005-03-11,2005,97.10,88.20,69.80,73.10,,HISTORICO_PRECIOS_COMBUSTIBLES_SERIE_2000_-_2018_SEPTIEMBRE.xls :: Prom.Precio Anual Combts 2005,observed,official_xls,ok,Prom.Precio Anual Combts 2005,16,05 AL 11 MAR 2005,rebuilt_from_official_weekly_sequence,https://micm.gob.do/transparencia/images/pdf/transparencia/Estadisticas_Institucionales/2018/HISTORICO_PRECIOS_COMBUSTIBLES_SERIE_2000_-_2018_SEPTIEMBRE.xls
2005-03-12,2005-03-18,2005,102.80,93.80,70.70,74.00,,HISTORICO_PRECIOS_COMBUSTIBLES_SERIE_2000_-_2018_SEPTIEMBRE.xls :: Prom.Precio Anual Combts 2005,observed,official_xls,ok,Prom.Precio Anual Combts 2005,17,12 AL 18 MAR 2005,rebuilt_from_official_weekly_sequence,https://micm.gob.do/transparencia/images/pdf/transparencia/Estadisticas_Institucionales/2018/HISTORICO_PRECIOS_COMBUSTIBLES_SERIE_2000_-_2018_SEPTIEMBRE.xls
2005-03-19,2005-03-25,2005,103.00,94.00,72.00,75.30,,HISTORICO_PRECIOS_COMBUSTIBLES_SERIE_2000_-_2018_SEPTIEMBRE.xls :: Prom.Precio Anual Combts 2005,observed,official_xls,ok,Prom.Precio Anual Combts 2005,18,19 AL 25 MAR 2005,rebuilt_from_official_weekly_sequence,https://micm.gob.do/transparencia/images/pdf/transparencia/Estadisticas_Institucionales/2018/HISTORICO_PRECIOS_COMBUSTIBLES_SERIE_2000_-_2018_SEPTIEMBRE.xls
2005-03-26,2005-04-01,2005,105.00,95.50,71.50,74.80,,HISTORICO_PRECIOS_COMBUSTIBLES_SERIE_2000_-_2018_SEPTIEMBRE.xls :: Prom.Precio Anual Combts 2005,observed,official_xls,ok,Prom.Precio Anual Combts 2005,19,26 MAR AL 01 ABR 2005,rebuilt_from_official_weekly_sequence,https://micm.gob.do/transparencia/images/pdf/transparencia/Estadisticas_Institucionales/2018/HISTORICO_PRECIOS_COMBUSTIBLES_SERIE_2000_-_2018_SEPTIEMBRE.xls
2005-04-02,2005-04-08,2005,107.20,96.70,71.90,75.20,,HISTORICO_PRECIOS_COMBUSTIBLES_SERIE_2000_-_2018_SEPTIEMBRE.xls :: Prom.Precio Anual Combts 2005,observed,official_xls,ok,Prom.Precio Anual Combts 2005,20,02 AL 08 ABRIL 2005,rebuilt_from_official_weekly_sequence,https://micm.gob.do/transparencia/images/pdf/transparencia/Estadisticas_Institucionales/2018/HISTORICO_PRECIOS_COMBUSTIBLES_SERIE_2000_-_2018_SEPTIEMBRE.xls
2005-04-09,2005-04-15,2005,109.50,99.60,74.30,77.70,,HISTORICO_PRECIOS_COMBUSTIBLES_SERIE_2000_-_2018_SEPTIEMBRE.xls :: Prom.Precio Anual Combts 2005,observed,official_xls,ok,Prom.Precio Anual Combts 2005,21,09 AL 15 ABRIL 2005,rebuilt_from_official_weekly_sequence,https://micm.gob.do/transparencia/images/pdf/transparencia/Estadisticas_Institucionales/2018/HISTORICO_PRECIOS_COMBUSTIBLES_SERIE_2000_-_2018_SEPTIEMBRE.xls
2005-04-16,2005-04-22,2005,103.10,93.40,68.90,72.20,,HISTORICO_PRECIOS_COMBUSTIBLES_SERIE_2000_-_2018_SEPTIEMBRE.xls :: Prom.Precio Anual Combts 2005,observed,official_xls,ok,Prom.Precio Anual Combts 2005,22,16 AL 22 ABRIL 2005,rebuilt_from_official_weekly_sequence,https://micm.gob.do/transparencia/images/pdf/transparencia/Estadisticas_Institucionales/2018/HISTORICO_PRECIOS_COMBUSTIBLES_SERIE_2000_-_2018_SEPTIEMBRE.xls
2005-04-23,2005-04-29,2005,105.60,94.90,69.50,72.80,,HISTORICO_PRECIOS_COMBUSTIBLES_SERIE_2000_-_2018_SEPTIEMBRE.xls :: Prom.Precio Anual Combts 2005,observed,official_xls,ok,Prom.Precio Anual Combts 2005,23,23 AL 29 ABRIL 2005,rebuilt_from_official_weekly_sequence,https://micm.gob.do/transparencia/images/pdf/transparencia/Estadisticas_Institucionales/2018/HISTORICO_PRECIOS_COMBUSTIBLES_SERIE_2000_-_2018_SEPTIEMBRE.xls
2005-04-30,2005-05-06,2005,107.70,96.90,71.00,73.90,,HISTORICO_PRECIOS_COMBUSTIBLES_SERIE_2000_-_2018_SEPTIEMBRE.xls :: Prom.Precio Anual Combts 2005,observed,official_xls,ok,Prom.Precio Anual Combts 2005,24,30 ABR AL 06 MAY 2005,rebuilt_from_official_weekly_sequence,https://micm.gob.do/transparencia/images/pdf/transparencia/Estadisticas_Institucionales/2018/HISTORICO_PRECIOS_COMBUSTIBLES_SERIE_2000_-_2018_SEPTIEMBRE.xls
2005-05-07,2005-05-13,2005,103.30,93.30,69.60,72.30,,HISTORICO_PRECIOS_COMBUSTIBLES_SERIE_2000_-_2018_SEPTIEMBRE.xls :: Prom.Precio Anual Combts 2005,observed,official_xls,ok,Prom.Precio Anual Combts 2005,25,07 AL 13 MAYO 2005,rebuilt_from_official_weekly_sequence,https://micm.gob.do/transparencia/images/pdf/transparencia/Estadisticas_Institucionales/2018/HISTORICO_PRECIOS_COMBUSTIBLES_SERIE_2000_-_2018_SEPTIEMBRE.xls
2005-05-14,2005-05-20,2005,105.10,94.40,68.90,71.60,,HISTORICO_PRECIOS_COMBUSTIBLES_SERIE_2000_-_2018_SEPTIEMBRE.xls :: Prom.Precio Anual Combts 2005,observed,official_xls,ok,Prom.Precio Anual Combts 2005,26,14 AL 20 MAYO 2005,rebuilt_from_official_weekly_sequence,https://micm.gob.do/transparencia/images/pdf/transparencia/Estadisticas_Institucionales/2018/HISTORICO_PRECIOS_COMBUSTIBLES_SERIE_2000_-_2018_SEPTIEMBRE.xls
2005-05-21,2005-05-27,2005,102.60,92.30,67.20,70.00,,HISTORICO_PRECIOS_COMBUSTIBLES_SERIE_2000_-_2018_SEPTIEMBRE.xls :: Prom.Precio Anual Combts 2005,observed,official_xls,ok,Prom.Precio Anual Combts 2005,27,21 AL 27 MAYO 2005,rebuilt_from_official_weekly_sequence,https://micm.gob.do/transparencia/images/pdf/transparencia/Estadisticas_Institucionales/2018/HISTORICO_PRECIOS_COMBUSTIBLES_SERIE_2000_-_2018_SEPTIEMBRE.xls
2005-05-28,2005-06-03,2005,102.20,92.10,68.50,71.20,,HISTORICO_PRECIOS_COMBUSTIBLES_SERIE_2000_-_2018_SEPTIEMBRE.xls :: Prom.Precio Anual Combts 2005,observed,official_xls,ok,Prom.Precio Anual Combts 2005,28,28 MAY AL 03 JUN 2005,rebuilt_from_official_weekly_sequence,https://micm.gob.do/transparencia/images/pdf/transparencia/Estadisticas_Institucionales/2018/HISTORICO_PRECIOS_COMBUSTIBLES_SERIE_2000_-_2018_SEPTIEMBRE.xls
2005-06-04,2005-06-10,2005,105.00,94.70,71.30,74.00,,HISTORICO_PRECIOS_COMBUSTIBLES_SERIE_2000_-_2018_SEPTIEMBRE.xls :: Prom.Precio Anual Combts 2005,observed,official_xls,ok,Prom.Precio Anual Combts 2005,29,04 AL 10 JUNIO 2005,rebuilt_from_official_weekly_sequence,https://micm.gob.do/transparencia/images/pdf/transparencia/Estadisticas_Institucionales/2018/HISTORICO_PRECIOS_COMBUSTIBLES_SERIE_2000_-_2018_SEPTIEMBRE.xls
2005-06-11,2005-06-17,2005,105.40,95.50,74.60,77.10,,HISTORICO_PRECIOS_COMBUSTIBLES_SERIE_2000_-_2018_SEPTIEMBRE.xls :: Prom.Precio Anual Combts 2005,observed,official_xls,ok,Prom.Precio Anual Combts 2005,30,11 AL 17 JUNIO 2005,rebuilt_from_official_weekly_sequence,https://micm.gob.do/transparencia/images/pdf/transparencia/Estadisticas_Institucionales/2018/HISTORICO_PRECIOS_COMBUSTIBLES_SERIE_2000_-_2018_SEPTIEMBRE.xls
2005-06-18,2005-06-24,2005,106.00,96.30,76.50,79.00,,HISTORICO_PRECIOS_COMBUSTIBLES_SERIE_2000_-_2018_SEPTIEMBRE.xls :: Prom.Precio Anual Combts 2005,observed,official_xls,ok,Prom.Precio Anual Combts 2005,31,18 AL 24 JUNIO 2005,rebuilt_from_official_weekly_sequence,https://micm.gob.do/transparencia/images/pdf/transparencia/Estadisticas_Institucionales/2018/HISTORICO_PRECIOS_COMBUSTIBLES_SERIE_2000_-_2018_SEPTIEMBRE.xls
2005-06-25,2005-07-01,2005,108.40,98.60,76.30,78.90,,HISTORICO_PRECIOS_COMBUSTIBLES_SERIE_2000_-_2018_SEPTIEMBRE.xls :: Prom.Precio Anual Combts 2005,observed,official_xls,ok,Prom.Precio Anual Combts 2005,32,25 JUN AL 01 JUL 2005,rebuilt_from_official_weekly_sequence,https://micm.gob.do/transparencia/images/pdf/transparencia/Estadisticas_Institucionales/2018/HISTORICO_PRECIOS_COMBUSTIBLES_SERIE_2000_-_2018_SEPTIEMBRE.xls
2005-07-02,2005-07-08,2005,108.10,97.60,76.20,78.80,,HISTORICO_PRECIOS_COMBUSTIBLES_SERIE_2000_-_2018_SEPTIEMBRE.xls :: Prom.Precio Anual Combts 2005,observed,official_xls,ok,Prom.Precio Anual Combts 2005,33,02 AL 08 JULIO 2005,rebuilt_from_official_weekly_sequence,https://micm.gob.do/transparencia/images/pdf/transparencia/Estadisticas_Institucionales/2018/HISTORICO_PRECIOS_COMBUSTIBLES_SERIE_2000_-_2018_SEPTIEMBRE.xls
2005-07-09,2005-07-15,2005,111.00,100.10,79.40,82.00,,HISTORICO_PRECIOS_COMBUSTIBLES_SERIE_2000_-_2018_SEPTIEMBRE.xls :: Prom.Precio Anual Combts 2005,observed,official_xls,ok,Prom.Precio Anual Combts 2005,34,09 AL 15 JULIO 2005,rebuilt_from_official_weekly_sequence,https://micm.gob.do/transparencia/images/pdf/transparencia/Estadisticas_Institucionales/2018/HISTORICO_PRECIOS_COMBUSTIBLES_SERIE_2000_-_2018_SEPTIEMBRE.xls
2005-07-16,2005-07-22,2005,112.10,100.80,78.20,80.80,,HISTORICO_PRECIOS_COMBUSTIBLES_SERIE_2000_-_2018_SEPTIEMBRE.xls :: Prom.Precio Anual Combts 2005,observed,official_xls,ok,Prom.Precio Anual Combts 2005,35,16 AL 22 JULIO 2005,rebuilt_from_official_weekly_sequence,https://micm.gob.do/transparencia/images/pdf/transparencia/Estadisticas_Institucionales/2018/HISTORICO_PRECIOS_COMBUSTIBLES_SERIE_2000_-_2018_SEPTIEMBRE.xls
2005-07-23,2005-07-29,2005,109.90,97.80,75.10,77.70,,HISTORICO_PRECIOS_COMBUSTIBLES_SERIE_2000_-_2018_SEPTIEMBRE.xls :: Prom.Precio Anual Combts 2005,observed,official_xls,ok,Prom.Precio Anual Combts 2005,36,23 AL 29 JULIO 2005,rebuilt_from_official_weekly_sequence,https://micm.gob.do/transparencia/images/pdf/transparencia/Estadisticas_Institucionales/2018/HISTORICO_PRECIOS_COMBUSTIBLES_SERIE_2000_-_2018_SEPTIEMBRE.xls
2005-07-30,2005-08-05,2005,110.30,98.20,75.40,77.90,,HISTORICO_PRECIOS_COMBUSTIBLES_SERIE_2000_-_2018_SEPTIEMBRE.xls :: Prom.Precio Anual Combts 2005,observed,official_xls,ok,Prom.Precio Anual Combts 2005,37,30 JUL AL 05 AGO 2005,rebuilt_from_official_weekly_sequence,https://micm.gob.do/transparencia/images/pdf/transparencia/Estadisticas_Institucionales/2018/HISTORICO_PRECIOS_COMBUSTIBLES_SERIE_2000_-_2018_SEPTIEMBRE.xls
2005-08-06,2005-08-12,2005,113.90,102.40,77.80,80.40,,HISTORICO_PRECIOS_COMBUSTIBLES_SERIE_2000_-_2018_SEPTIEMBRE.xls :: Prom.Precio Anual Combts 2005,observed,official_xls,ok,Prom.Precio Anual Combts 2005,38,06 AL 12 AGOSTO 2005,rebuilt_from_official_weekly_sequence,https://micm.gob.do/transparencia/images/pdf/transparencia/Estadisticas_Institucionales/2018/HISTORICO_PRECIOS_COMBUSTIBLES_SERIE_2000_-_2018_SEPTIEMBRE.xls
2005-08-13,2005-08-19,2005,116.90,106.50,81.30,83.90,,HISTORICO_PRECIOS_COMBUSTIBLES_SERIE_2000_-_2018_SEPTIEMBRE.xls :: Prom.Precio Anual Combts 2005,observed,official_xls,ok,Prom.Precio Anual Combts 2005,39,13 AL 19 AGOSTO 2005,rebuilt_from_official_weekly_sequence,https://micm.gob.do/transparencia/images/pdf/transparencia/Estadisticas_Institucionales/2018/HISTORICO_PRECIOS_COMBUSTIBLES_SERIE_2000_-_2018_SEPTIEMBRE.xls
2005-08-20,2005-08-26,2005,121.20,112.20,82.60,85.20,,HISTORICO_PRECIOS_COMBUSTIBLES_SERIE_2000_-_2018_SEPTIEMBRE.xls :: Prom.Precio Anual Combts 2005,observed,official_xls,ok,Prom.Precio Anual Combts 2005,40,20 AL 26 AGOSTO 2005,rebuilt_from_official_weekly_sequence,https://micm.gob.do/transparencia/images/pdf/transparencia/Estadisticas_Institucionales/2018/HISTORICO_PRECIOS_COMBUSTIBLES_SERIE_2000_-_2018_SEPTIEMBRE.xls
2005-08-27,2005-09-02,2005,115.40,106.30,82.30,85.00,,HISTORICO_PRECIOS_COMBUSTIBLES_SERIE_2000_-_2018_SEPTIEMBRE.xls :: Prom.Precio Anual Combts 2005,observed,official_xls,ok,Prom.Precio Anual Combts 2005,41,27 AGO AL 02 SEPT 2005,rebuilt_from_official_weekly_sequence,https://micm.gob.do/transparencia/images/pdf/transparencia/Estadisticas_Institucionales/2018/HISTORICO_PRECIOS_COMBUSTIBLES_SERIE_2000_-_2018_SEPTIEMBRE.xls
2005-09-03,2005-09-09,2005,125.00,115.40,87.20,89.90,,HISTORICO_PRECIOS_COMBUSTIBLES_SERIE_2000_-_2018_SEPTIEMBRE.xls :: Prom.Precio Anual Combts 2005,observed,official_xls,ok,Prom.Precio Anual Combts 2005,42,03 AL 09 SEPT 2005,rebuilt_from_official_weekly_sequence,https://micm.gob.do/transparencia/images/pdf/transparencia/Estadisticas_Institucionales/2018/HISTORICO_PRECIOS_COMBUSTIBLES_SERIE_2000_-_2018_SEPTIEMBRE.xls
2005-09-10,2005-09-16,2005,138.80,127.60,92.30,95.10,,HISTORICO_PRECIOS_COMBUSTIBLES_SERIE_2000_-_2018_SEPTIEMBRE.xls :: Prom.Precio Anual Combts 2005,observed,official_xls,ok,Prom.Precio Anual Combts 2005,43,10 AL 16 SEPT 2005,rebuilt_from_official_weekly_sequence,https://micm.gob.do/transparencia/images/pdf/transparencia/Estadisticas_Institucionales/2018/HISTORICO_PRECIOS_COMBUSTIBLES_SERIE_2000_-_2018_SEPTIEMBRE.xls
2005-09-17,2005-09-23,2005,126.10,114.90,87.30,90.10,,HISTORICO_PRECIOS_COMBUSTIBLES_SERIE_2000_-_2018_SEPTIEMBRE.xls :: Prom.Precio Anual Combts 2005,observed,official_xls,ok,Prom.Precio Anual Combts 2005,44,17 AL 23 SEPT 2005,rebuilt_from_official_weekly_sequence,https://micm.gob.do/transparencia/images/pdf/transparencia/Estadisticas_Institucionales/2018/HISTORICO_PRECIOS_COMBUSTIBLES_SERIE_2000_-_2018_SEPTIEMBRE.xls
2005-09-24,2005-09-30,2005,138.80,124.90,93.80,96.60,,HISTORICO_PRECIOS_COMBUSTIBLES_SERIE_2000_-_2018_SEPTIEMBRE.xls :: Prom.Precio Anual Combts 2005,observed,official_xls,ok,Prom.Precio Anual Combts 2005,45,24 AL 30 SEPT 2005,rebuilt_from_official_weekly_sequence,https://micm.gob.do/transparencia/images/pdf/transparencia/Estadisticas_Institucionales/2018/HISTORICO_PRECIOS_COMBUSTIBLES_SERIE_2000_-_2018_SEPTIEMBRE.xls
2005-10-01,2005-10-07,2005,141.80,127.90,95.80,98.60,,HISTORICO_PRECIOS_COMBUSTIBLES_SERIE_2000_-_2018_SEPTIEMBRE.xls :: Prom.Precio Anual Combts 2005,observed,official_xls,ok,Prom.Precio Anual Combts 2005,46,01 AL 07 OCT 2005,rebuilt_from_official_weekly_sequence,https://micm.gob.do/transparencia/images/pdf/transparencia/Estadisticas_Institucionales/2018/HISTORICO_PRECIOS_COMBUSTIBLES_SERIE_2000_-_2018_SEPTIEMBRE.xls
2005-10-08,2005-10-14,2005,139.80,125.90,94.30,97.10,,HISTORICO_PRECIOS_COMBUSTIBLES_SERIE_2000_-_2018_SEPTIEMBRE.xls :: Prom.Precio Anual Combts 2005,observed,official_xls,ok,Prom.Precio Anual Combts 2005,47,08 AL 14 OCT 2005,rebuilt_from_official_weekly_sequence,https://micm.gob.do/transparencia/images/pdf/transparencia/Estadisticas_Institucionales/2018/HISTORICO_PRECIOS_COMBUSTIBLES_SERIE_2000_-_2018_SEPTIEMBRE.xls
2005-10-15,2005-10-21,2005,136.80,122.80,98.30,100.50,,HISTORICO_PRECIOS_COMBUSTIBLES_SERIE_2000_-_2018_SEPTIEMBRE.xls :: Prom.Precio Anual Combts 2005,observed,official_xls,ok,Prom.Precio Anual Combts 2005,48,15 AL 21 OCT 2005,rebuilt_from_official_weekly_sequence,https://micm.gob.do/transparencia/images/pdf/transparencia/Estadisticas_Institucionales/2018/HISTORICO_PRECIOS_COMBUSTIBLES_SERIE_2000_-_2018_SEPTIEMBRE.xls
2005-10-22,2005-10-28,2005,132.30,118.80,102.30,104.50,,HISTORICO_PRECIOS_COMBUSTIBLES_SERIE_2000_-_2018_SEPTIEMBRE.xls :: Prom.Precio Anual Combts 2005,observed,official_xls,ok,Prom.Precio Anual Combts 2005,49,22 AL 28 OCT 2005,rebuilt_from_official_weekly_sequence,https://micm.gob.do/transparencia/images/pdf/transparencia/Estadisticas_Institucionales/2018/HISTORICO_PRECIOS_COMBUSTIBLES_SERIE_2000_-_2018_SEPTIEMBRE.xls
2005-10-29,2005-11-04,2005,122.10,111.00,95.90,100.10,,HISTORICO_PRECIOS_COMBUSTIBLES_SERIE_2000_-_2018_SEPTIEMBRE.xls :: Prom.Precio Anual Combts 2005,observed,official_xls,ok,Prom.Precio Anual Combts 2005,50,29 OCT AL 04 NOV 2005,rebuilt_from_official_weekly_sequence,https://micm.gob.do/transparencia/images/pdf/transparencia/Estadisticas_Institucionales/2018/HISTORICO_PRECIOS_COMBUSTIBLES_SERIE_2000_-_2018_SEPTIEMBRE.xls
2005-11-05,2005-11-11,2005,120.70,109.70,93.60,97.80,,HISTORICO_PRECIOS_COMBUSTIBLES_SERIE_2000_-_2018_SEPTIEMBRE.xls :: Prom.Precio Anual Combts 2005,observed,official_xls,ok,Prom.Precio Anual Combts 2005,51,05 AL 11 NOV 2005,rebuilt_from_official_weekly_sequence,https://micm.gob.do/transparencia/images/pdf/transparencia/Estadisticas_Institucionales/2018/HISTORICO_PRECIOS_COMBUSTIBLES_SERIE_2000_-_2018_SEPTIEMBRE.xls
2005-11-12,2005-11-18,2005,122.60,111.90,93.70,98.00,,HISTORICO_PRECIOS_COMBUSTIBLES_SERIE_2000_-_2018_SEPTIEMBRE.xls :: Prom.Precio Anual Combts 2005,observed,official_xls,ok,Prom.Precio Anual Combts 2005,52,12 AL 18 NOV 2005,rebuilt_from_official_weekly_sequence,https://micm.gob.do/transparencia/images/pdf/transparencia/Estadisticas_Institucionales/2018/HISTORICO_PRECIOS_COMBUSTIBLES_SERIE_2000_-_2018_SEPTIEMBRE.xls
2005-11-19,2005-11-25,2005,119.90,109.40,91.70,95.60,,HISTORICO_PRECIOS_COMBUSTIBLES_SERIE_2000_-_2018_SEPTIEMBRE.xls :: Prom.Precio Anual Combts 2005,observed,official_xls,ok,Prom.Precio Anual Combts 2005,53,19 AL 25 NOV 2005,rebuilt_from_official_weekly_sequence,https://micm.gob.do/transparencia/images/pdf/transparencia/Estadisticas_Institucionales/2018/HISTORICO_PRECIOS_COMBUSTIBLES_SERIE_2000_-_2018_SEPTIEMBRE.xls
2005-11-26,2005-12-02,2005,121.80,110.40,91.00,95.00,,HISTORICO_PRECIOS_COMBUSTIBLES_SERIE_2000_-_2018_SEPTIEMBRE.xls :: Prom.Precio Anual Combts 2005,observed,official_xls,ok,Prom.Precio Anual Combts 2005,54,26 NOV AL 02 DIC 2005,rebuilt_from_official_weekly_sequence,https://micm.gob.do/transparencia/images/pdf/transparencia/Estadisticas_Institucionales/2018/HISTORICO_PRECIOS_COMBUSTIBLES_SERIE_2000_-_2018_SEPTIEMBRE.xls
2005-12-03,2005-12-09,2005,121.10,109.50,90.00,93.90,,HISTORICO_PRECIOS_COMBUSTIBLES_SERIE_2000_-_2018_SEPTIEMBRE.xls :: Prom.Precio Anual Combts 2005,observed,official_xls,ok,Prom.Precio Anual Combts 2005,55,03 AL 09 DIC 2005,rebuilt_from_official_weekly_sequence,https://micm.gob.do/transparencia/images/pdf/transparencia/Estadisticas_Institucionales/2018/HISTORICO_PRECIOS_COMBUSTIBLES_SERIE_2000_-_2018_SEPTIEMBRE.xls
2005-12-10,2005-12-16,2005,128.10,115.00,93.70,97.60,,HISTORICO_PRECIOS_COMBUSTIBLES_SERIE_2000_-_2018_SEPTIEMBRE.xls :: Prom.Precio Anual Combts 2005,observed,official_xls,ok,Prom.Precio Anual Combts 2005,56,10 AL 16 DIC 2005,rebuilt_from_official_weekly_sequence,https://micm.gob.do/transparencia/images/pdf/transparencia/Estadisticas_Institucionales/2018/HISTORICO_PRECIOS_COMBUSTIBLES_SERIE_2000_-_2018_SEPTIEMBRE.xls
2005-12-17,2005-12-23,2005,128.60,117.40,95.70,99.60,,HISTORICO_PRECIOS_COMBUSTIBLES_SERIE_2000_-_2018_SEPTIEMBRE.xls :: Prom.Precio Anual Combts 2005,observed,official_xls,ok,Prom.Precio Anual Combts 2005,57,17 AL 23 DIC 2005,rebuilt_from_official_weekly_sequence,https://micm.gob.do/transparencia/images/pdf/transparencia/Estadisticas_Institucionales/2018/HISTORICO_PRECIOS_COMBUSTIBLES_SERIE_2000_-_2018_SEPTIEMBRE.xls
2005-12-24,2005-12-30,2005,124.40,113.10,90.70,94.50,,HISTORICO_PRECIOS_COMBUSTIBLES_SERIE_2000_-_2018_SEPTIEMBRE.xls :: Prom.Precio Anual Combts 2005,observed,official_xls,ok,Prom.Precio Anual Combts 2005,58,24 AL 30 DIC 2005,rebuilt_from_official_weekly_sequence,https://micm.gob.do/transparencia/images/pdf/transparencia/Estadisticas_Institucionales/2018/HISTORICO_PRECIOS_COMBUSTIBLES_SERIE_2000_-_2018_SEPTIEMBRE.xls
2005-12-31,2006-01-06,2005,128.50,116.80,94.00,97.80,,HISTORICO_PRECIOS_COMBUSTIBLES_SERIE_2000_-_2018_SEPTIEMBRE.xls :: Prom. de Precios Año 2006,observed,official_xls,ok,Prom. de Precios Año 2006,7,31- DIC AL 06- ENE- 2006,rebuilt_from_official_weekly_sequence,https://micm.gob.do/transparencia/images/pdf/transparencia/Estadisticas_Institucionales/2018/HISTORICO_PRECIOS_COMBUSTIBLES_SERIE_2000_-_2018_SEPTIEMBRE.xls
2006-01-07,2006-01-13,2006,126.00,115.60,92.50,96.90,,HISTORICO_PRECIOS_COMBUSTIBLES_SERIE_2000_-_2018_SEPTIEMBRE.xls :: Prom. de Precios Año 2006,observed,official_xls,ok,Prom. de Precios Año 2006,8,7 AL 13 ENE 2006,rebuilt_from_official_weekly_sequence,https://micm.gob.do/transparencia/images/pdf/transparencia/Estadisticas_Institucionales/2018/HISTORICO_PRECIOS_COMBUSTIBLES_SERIE_2000_-_2018_SEPTIEMBRE.xls
2006-01-14,2006-01-20,2006,130.30,119.30,95.40,99.20,,HISTORICO_PRECIOS_COMBUSTIBLES_SERIE_2000_-_2018_SEPTIEMBRE.xls :: Prom. de Precios Año 2006,observed,official_xls,ok,Prom. de Precios Año 2006,9,14 AL 20 ENE 2006,rebuilt_from_official_weekly_sequence,https://micm.gob.do/transparencia/images/pdf/transparencia/Estadisticas_Institucionales/2018/HISTORICO_PRECIOS_COMBUSTIBLES_SERIE_2000_-_2018_SEPTIEMBRE.xls
2006-01-21,2006-01-27,2006,131.30,119.80,95.60,99.40,,HISTORICO_PRECIOS_COMBUSTIBLES_SERIE_2000_-_2018_SEPTIEMBRE.xls :: Prom. de Precios Año 2006,observed,official_xls,ok,Prom. de Precios Año 2006,10,21 AL 27 ENE 2006,rebuilt_from_official_weekly_sequence,https://micm.gob.do/transparencia/images/pdf/transparencia/Estadisticas_Institucionales/2018/HISTORICO_PRECIOS_COMBUSTIBLES_SERIE_2000_-_2018_SEPTIEMBRE.xls
2006-01-28,2006-02-03,2006,130.50,118.80,99.10,102.90,,HISTORICO_PRECIOS_COMBUSTIBLES_SERIE_2000_-_2018_SEPTIEMBRE.xls :: Prom. de Precios Año 2006,observed,official_xls,ok,Prom. de Precios Año 2006,11,28 ENE AL 03 FEB 2006,rebuilt_from_official_weekly_sequence,https://micm.gob.do/transparencia/images/pdf/transparencia/Estadisticas_Institucionales/2018/HISTORICO_PRECIOS_COMBUSTIBLES_SERIE_2000_-_2018_SEPTIEMBRE.xls
2006-02-04,2006-02-10,2006,132.80,121.50,99.00,102.80,,HISTORICO_PRECIOS_COMBUSTIBLES_SERIE_2000_-_2018_SEPTIEMBRE.xls :: Prom. de Precios Año 2006,observed,official_xls,ok,Prom. de Precios Año 2006,12,04 AL 10 FEB 2006,rebuilt_from_official_weekly_sequence,https://micm.gob.do/transparencia/images/pdf/transparencia/Estadisticas_Institucionales/2018/HISTORICO_PRECIOS_COMBUSTIBLES_SERIE_2000_-_2018_SEPTIEMBRE.xls
2006-02-11,2006-02-17,2006,127.80,116.60,93.00,96.90,,HISTORICO_PRECIOS_COMBUSTIBLES_SERIE_2000_-_2018_SEPTIEMBRE.xls :: Prom. de Precios Año 2006,observed,official_xls,ok,Prom. de Precios Año 2006,13,11 AL 17 FEB 2006,rebuilt_from_official_weekly_sequence,https://micm.gob.do/transparencia/images/pdf/transparencia/Estadisticas_Institucionales/2018/HISTORICO_PRECIOS_COMBUSTIBLES_SERIE_2000_-_2018_SEPTIEMBRE.xls
2006-02-18,2006-02-24,2006,123.40,112.50,90.50,94.40,,HISTORICO_PRECIOS_COMBUSTIBLES_SERIE_2000_-_2018_SEPTIEMBRE.xls :: Prom. de Precios Año 2006,observed,official_xls,ok,Prom. de Precios Año 2006,14,18 AL 24 FEB 2006,rebuilt_from_official_weekly_sequence,https://micm.gob.do/transparencia/images/pdf/transparencia/Estadisticas_Institucionales/2018/HISTORICO_PRECIOS_COMBUSTIBLES_SERIE_2000_-_2018_SEPTIEMBRE.xls
2006-02-25,2006-03-03,2006,125.10,114.90,91.80,95.60,,HISTORICO_PRECIOS_COMBUSTIBLES_SERIE_2000_-_2018_SEPTIEMBRE.xls :: Prom. de Precios Año 2006,observed,official_xls,ok,Prom. de Precios Año 2006,15,25 FEB AL 03 MAR 2006,rebuilt_from_official_weekly_sequence,https://micm.gob.do/transparencia/images/pdf/transparencia/Estadisticas_Institucionales/2018/HISTORICO_PRECIOS_COMBUSTIBLES_SERIE_2000_-_2018_SEPTIEMBRE.xls
2006-03-04,2006-03-10,2006,127.20,116.60,94.40,98.30,,HISTORICO_PRECIOS_COMBUSTIBLES_SERIE_2000_-_2018_SEPTIEMBRE.xls :: Prom. de Precios Año 2006,observed,official_xls,ok,Prom. de Precios Año 2006,16,04 AL 10 MAR 2006,rebuilt_from_official_weekly_sequence,https://micm.gob.do/transparencia/images/pdf/transparencia/Estadisticas_Institucionales/2018/HISTORICO_PRECIOS_COMBUSTIBLES_SERIE_2000_-_2018_SEPTIEMBRE.xls
2006-03-11,2006-03-17,2006,132.00,119.50,95.40,99.30,,HISTORICO_PRECIOS_COMBUSTIBLES_SERIE_2000_-_2018_SEPTIEMBRE.xls :: Prom. de Precios Año 2006,observed,official_xls,ok,Prom. de Precios Año 2006,17,11 AL 17 MAR 2006,rebuilt_from_official_weekly_sequence,https://micm.gob.do/transparencia/images/pdf/transparencia/Estadisticas_Institucionales/2018/HISTORICO_PRECIOS_COMBUSTIBLES_SERIE_2000_-_2018_SEPTIEMBRE.xls
2006-03-18,2006-03-24,2006,136.90,123.40,95.60,99.40,,HISTORICO_PRECIOS_COMBUSTIBLES_SERIE_2000_-_2018_SEPTIEMBRE.xls :: Prom. de Precios Año 2006,observed,official_xls,ok,Prom. de Precios Año 2006,18,18 AL 24 MAR 2006,rebuilt_from_official_weekly_sequence,https://micm.gob.do/transparencia/images/pdf/transparencia/Estadisticas_Institucionales/2018/HISTORICO_PRECIOS_COMBUSTIBLES_SERIE_2000_-_2018_SEPTIEMBRE.xls
2006-03-25,2006-03-31,2006,135.90,121.80,93.00,96.40,,HISTORICO_PRECIOS_COMBUSTIBLES_SERIE_2000_-_2018_SEPTIEMBRE.xls :: Prom. de Precios Año 2006,observed,official_xls,ok,Prom. de Precios Año 2006,19,25 AL 31 MAR 2006,rebuilt_from_official_weekly_sequence,https://micm.gob.do/transparencia/images/pdf/transparencia/Estadisticas_Institucionales/2018/HISTORICO_PRECIOS_COMBUSTIBLES_SERIE_2000_-_2018_SEPTIEMBRE.xls
2006-04-01,2006-04-07,2006,138.80,124.40,95.00,98.60,,HISTORICO_PRECIOS_COMBUSTIBLES_SERIE_2000_-_2018_SEPTIEMBRE.xls :: Prom. de Precios Año 2006,observed,official_xls,ok,Prom. de Precios Año 2006,20,01 AL 07 ABRIL 2006,rebuilt_from_official_weekly_sequence,https://micm.gob.do/transparencia/images/pdf/transparencia/Estadisticas_Institucionales/2018/HISTORICO_PRECIOS_COMBUSTIBLES_SERIE_2000_-_2018_SEPTIEMBRE.xls
2006-04-08,2006-04-14,2006,140.90,126.40,97.20,100.50,,HISTORICO_PRECIOS_COMBUSTIBLES_SERIE_2000_-_2018_SEPTIEMBRE.xls :: Prom. de Precios Año 2006,observed,official_xls,ok,Prom. de Precios Año 2006,21,08 AL 14 ABRIL 2006,rebuilt_from_official_weekly_sequence,https://micm.gob.do/transparencia/images/pdf/transparencia/Estadisticas_Institucionales/2018/HISTORICO_PRECIOS_COMBUSTIBLES_SERIE_2000_-_2018_SEPTIEMBRE.xls
2006-04-15,2006-04-21,2006,139.90,125.40,96.00,99.10,,HISTORICO_PRECIOS_COMBUSTIBLES_SERIE_2000_-_2018_SEPTIEMBRE.xls :: Prom. de Precios Año 2006,observed,official_xls,ok,Prom. de Precios Año 2006,22,15 AL 21 ABRIL 2006,rebuilt_from_official_weekly_sequence,https://micm.gob.do/transparencia/images/pdf/transparencia/Estadisticas_Institucionales/2018/HISTORICO_PRECIOS_COMBUSTIBLES_SERIE_2000_-_2018_SEPTIEMBRE.xls
2006-04-22,2006-04-28,2006,142.90,128.40,98.00,102.30,,HISTORICO_PRECIOS_COMBUSTIBLES_SERIE_2000_-_2018_SEPTIEMBRE.xls :: Prom. de Precios Año 2006,observed,official_xls,ok,Prom. de Precios Año 2006,23,22 AL 28 ABRIL 2006,rebuilt_from_official_weekly_sequence,https://micm.gob.do/transparencia/images/pdf/transparencia/Estadisticas_Institucionales/2018/HISTORICO_PRECIOS_COMBUSTIBLES_SERIE_2000_-_2018_SEPTIEMBRE.xls
2006-04-29,2006-05-05,2006,145.50,131.30,100.10,104.10,,HISTORICO_PRECIOS_COMBUSTIBLES_SERIE_2000_-_2018_SEPTIEMBRE.xls :: Prom. de Precios Año 2006,observed,official_xls,ok,Prom. de Precios Año 2006,24,29 ABR AL 05 MAY 2006,rebuilt_from_official_weekly_sequence,https://micm.gob.do/transparencia/images/pdf/transparencia/Estadisticas_Institucionales/2018/HISTORICO_PRECIOS_COMBUSTIBLES_SERIE_2000_-_2018_SEPTIEMBRE.xls
2006-05-06,2006-05-12,2006,144.00,130.30,99.00,103.00,,HISTORICO_PRECIOS_COMBUSTIBLES_SERIE_2000_-_2018_SEPTIEMBRE.xls :: Prom. de Precios Año 2006,observed,official_xls,ok,Prom. de Precios Año 2006,25,06 AL 12 MAYO 2006,rebuilt_from_official_weekly_sequence,https://micm.gob.do/transparencia/images/pdf/transparencia/Estadisticas_Institucionales/2018/HISTORICO_PRECIOS_COMBUSTIBLES_SERIE_2000_-_2018_SEPTIEMBRE.xls
2006-05-13,2006-05-19,2006,144.40,131.10,99.70,103.60,,HISTORICO_PRECIOS_COMBUSTIBLES_SERIE_2000_-_2018_SEPTIEMBRE.xls :: Prom. de Precios Año 2006,observed,official_xls,ok,Prom. de Precios Año 2006,26,13 AL 19 MAYO 2006,rebuilt_from_official_weekly_sequence,https://micm.gob.do/transparencia/images/pdf/transparencia/Estadisticas_Institucionales/2018/HISTORICO_PRECIOS_COMBUSTIBLES_SERIE_2000_-_2018_SEPTIEMBRE.xls
2006-05-20,2006-05-26,2006,141.00,129.40,99.40,102.80,,HISTORICO_PRECIOS_COMBUSTIBLES_SERIE_2000_-_2018_SEPTIEMBRE.xls :: Prom. de Precios Año 2006,observed,official_xls,ok,Prom. de Precios Año 2006,27,20 AL 26 MAYO 2006,rebuilt_from_official_weekly_sequence,https://micm.gob.do/transparencia/images/pdf/transparencia/Estadisticas_Institucionales/2018/HISTORICO_PRECIOS_COMBUSTIBLES_SERIE_2000_-_2018_SEPTIEMBRE.xls
2006-05-27,2006-06-02,2006,140.90,129.20,101.10,104.40,,HISTORICO_PRECIOS_COMBUSTIBLES_SERIE_2000_-_2018_SEPTIEMBRE.xls :: Prom. de Precios Año 2006,observed,official_xls,ok,Prom. de Precios Año 2006,28,27 MAY AL 02 JUN 2006,rebuilt_from_official_weekly_sequence,https://micm.gob.do/transparencia/images/pdf/transparencia/Estadisticas_Institucionales/2018/HISTORICO_PRECIOS_COMBUSTIBLES_SERIE_2000_-_2018_SEPTIEMBRE.xls
2006-06-03,2006-06-09,2006,144.90,133.40,102.80,106.10,,HISTORICO_PRECIOS_COMBUSTIBLES_SERIE_2000_-_2018_SEPTIEMBRE.xls :: Prom. de Precios Año 2006,observed,official_xls,ok,Prom. de Precios Año 2006,29,03 AL 09 JUNIO 2006,rebuilt_from_official_weekly_sequence,https://micm.gob.do/transparencia/images/pdf/transparencia/Estadisticas_Institucionales/2018/HISTORICO_PRECIOS_COMBUSTIBLES_SERIE_2000_-_2018_SEPTIEMBRE.xls
2006-06-10,2006-06-16,2006,148.40,137.00,103.20,106.50,,HISTORICO_PRECIOS_COMBUSTIBLES_SERIE_2000_-_2018_SEPTIEMBRE.xls :: Prom. de Precios Año 2006,observed,official_xls,ok,Prom. de Precios Año 2006,30,10 AL 16 JUNIO 2006,rebuilt_from_official_weekly_sequence,https://micm.gob.do/transparencia/images/pdf/transparencia/Estadisticas_Institucionales/2018/HISTORICO_PRECIOS_COMBUSTIBLES_SERIE_2000_-_2018_SEPTIEMBRE.xls
2006-06-17,2006-06-23,2006,146.80,134.60,100.50,103.90,,HISTORICO_PRECIOS_COMBUSTIBLES_SERIE_2000_-_2018_SEPTIEMBRE.xls :: Prom. de Precios Año 2006,observed,official_xls,ok,Prom. de Precios Año 2006,31,17 AL 23 JUNIO 2006,rebuilt_from_official_weekly_sequence,https://micm.gob.do/transparencia/images/pdf/transparencia/Estadisticas_Institucionales/2018/HISTORICO_PRECIOS_COMBUSTIBLES_SERIE_2000_-_2018_SEPTIEMBRE.xls
2006-06-24,2006-06-30,2006,146.70,131.30,97.90,100.80,,HISTORICO_PRECIOS_COMBUSTIBLES_SERIE_2000_-_2018_SEPTIEMBRE.xls :: Prom. de Precios Año 2006,observed,official_xls,ok,Prom. de Precios Año 2006,32,24 AL 30 JUNIO 2006,rebuilt_from_official_weekly_sequence,https://micm.gob.do/transparencia/images/pdf/transparencia/Estadisticas_Institucionales/2018/HISTORICO_PRECIOS_COMBUSTIBLES_SERIE_2000_-_2018_SEPTIEMBRE.xls
2006-07-01,2006-07-07,2006,149.90,134.90,100.30,103.20,,HISTORICO_PRECIOS_COMBUSTIBLES_SERIE_2000_-_2018_SEPTIEMBRE.xls :: Prom. de Precios Año 2006,observed,official_xls,ok,Prom. de Precios Año 2006,33,01 AL 07 JULIO 2006,rebuilt_from_official_weekly_sequence,https://micm.gob.do/transparencia/images/pdf/transparencia/Estadisticas_Institucionales/2018/HISTORICO_PRECIOS_COMBUSTIBLES_SERIE_2000_-_2018_SEPTIEMBRE.xls
2006-07-08,2006-07-14,2006,150.90,139.50,101.70,104.60,,HISTORICO_PRECIOS_COMBUSTIBLES_SERIE_2000_-_2018_SEPTIEMBRE.xls :: Prom. de Precios Año 2006,observed,official_xls,ok,Prom. de Precios Año 2006,34,08 AL 14 JULIO 2006,rebuilt_from_official_weekly_sequence,https://micm.gob.do/transparencia/images/pdf/transparencia/Estadisticas_Institucionales/2018/HISTORICO_PRECIOS_COMBUSTIBLES_SERIE_2000_-_2018_SEPTIEMBRE.xls
2006-07-15,2006-07-21,2006,149.80,137.90,100.70,103.10,,HISTORICO_PRECIOS_COMBUSTIBLES_SERIE_2000_-_2018_SEPTIEMBRE.xls :: Prom. de Precios Año 2006,observed,official_xls,ok,Prom. de Precios Año 2006,35,15 AL 21 JULIO 2006,rebuilt_from_official_weekly_sequence,https://micm.gob.do/transparencia/images/pdf/transparencia/Estadisticas_Institucionales/2018/HISTORICO_PRECIOS_COMBUSTIBLES_SERIE_2000_-_2018_SEPTIEMBRE.xls
2006-07-22,2006-07-28,2006,154.30,141.00,101.60,104.00,,HISTORICO_PRECIOS_COMBUSTIBLES_SERIE_2000_-_2018_SEPTIEMBRE.xls :: Prom. de Precios Año 2006,observed,official_xls,ok,Prom. de Precios Año 2006,36,22 AL 28 JULIO 2006,rebuilt_from_official_weekly_sequence,https://micm.gob.do/transparencia/images/pdf/transparencia/Estadisticas_Institucionales/2018/HISTORICO_PRECIOS_COMBUSTIBLES_SERIE_2000_-_2018_SEPTIEMBRE.xls
2006-07-29,2006-08-04,2006,157.50,141.70,101.80,104.20,,HISTORICO_PRECIOS_COMBUSTIBLES_SERIE_2000_-_2018_SEPTIEMBRE.xls :: Prom. de Precios Año 2006,observed,official_xls,ok,Prom. de Precios Año 2006,37,29 JUL AL 24 AGO 2006,rebuilt_from_official_weekly_sequence,https://micm.gob.do/transparencia/images/pdf/transparencia/Estadisticas_Institucionales/2018/HISTORICO_PRECIOS_COMBUSTIBLES_SERIE_2000_-_2018_SEPTIEMBRE.xls
2006-08-05,2006-08-11,2006,161.20,142.00,104.80,107.20,,HISTORICO_PRECIOS_COMBUSTIBLES_SERIE_2000_-_2018_SEPTIEMBRE.xls :: Prom. de Precios Año 2006,observed,official_xls,ok,Prom. de Precios Año 2006,38,05 AL 11 AGOSTO 2006,rebuilt_from_official_weekly_sequence,https://micm.gob.do/transparencia/images/pdf/transparencia/Estadisticas_Institucionales/2018/HISTORICO_PRECIOS_COMBUSTIBLES_SERIE_2000_-_2018_SEPTIEMBRE.xls
2006-08-12,2006-08-18,2006,154.50,137.50,106.60,109.00,,HISTORICO_PRECIOS_COMBUSTIBLES_SERIE_2000_-_2018_SEPTIEMBRE.xls :: Prom. de Precios Año 2006,observed,official_xls,ok,Prom. de Precios Año 2006,39,12 AL 18 AGOSTO 2006,rebuilt_from_official_weekly_sequence,https://micm.gob.do/transparencia/images/pdf/transparencia/Estadisticas_Institucionales/2018/HISTORICO_PRECIOS_COMBUSTIBLES_SERIE_2000_-_2018_SEPTIEMBRE.xls
2006-08-19,2006-08-25,2006,144.50,129.20,103.50,105.90,,HISTORICO_PRECIOS_COMBUSTIBLES_SERIE_2000_-_2018_SEPTIEMBRE.xls :: Prom. de Precios Año 2006,observed,official_xls,ok,Prom. de Precios Año 2006,40,19 AL 25 AGOSTO 2006,rebuilt_from_official_weekly_sequence,https://micm.gob.do/transparencia/images/pdf/transparencia/Estadisticas_Institucionales/2018/HISTORICO_PRECIOS_COMBUSTIBLES_SERIE_2000_-_2018_SEPTIEMBRE.xls
2006-08-26,2006-09-01,2006,139.30,126.20,104.10,106.40,,HISTORICO_PRECIOS_COMBUSTIBLES_SERIE_2000_-_2018_SEPTIEMBRE.xls :: Prom. de Precios Año 2006,observed,official_xls,ok,Prom. de Precios Año 2006,41,26 AGO AL 01 SEPT 2006,rebuilt_from_official_weekly_sequence,https://micm.gob.do/transparencia/images/pdf/transparencia/Estadisticas_Institucionales/2018/HISTORICO_PRECIOS_COMBUSTIBLES_SERIE_2000_-_2018_SEPTIEMBRE.xls
2006-09-02,2006-09-08,2006,133.30,122.30,102.30,104.70,,HISTORICO_PRECIOS_COMBUSTIBLES_SERIE_2000_-_2018_SEPTIEMBRE.xls :: Prom. de Precios Año 2006,observed,official_xls,ok,Prom. de Precios Año 2006,42,02 AL 08 SEPT 2006,rebuilt_from_official_weekly_sequence,https://micm.gob.do/transparencia/images/pdf/transparencia/Estadisticas_Institucionales/2018/HISTORICO_PRECIOS_COMBUSTIBLES_SERIE_2000_-_2018_SEPTIEMBRE.xls
2006-09-09,2006-09-15,2006,131.60,119.10,100.00,102.50,,HISTORICO_PRECIOS_COMBUSTIBLES_SERIE_2000_-_2018_SEPTIEMBRE.xls :: Prom. de Precios Año 2006,observed,official_xls,ok,Prom. de Precios Año 2006,43,09 AL 15 SEPT 2006,rebuilt_from_official_weekly_sequence,https://micm.gob.do/transparencia/images/pdf/transparencia/Estadisticas_Institucionales/2018/HISTORICO_PRECIOS_COMBUSTIBLES_SERIE_2000_-_2018_SEPTIEMBRE.xls
2006-09-16,2006-09-22,2006,127.40,116.30,94.30,97.30,,HISTORICO_PRECIOS_COMBUSTIBLES_SERIE_2000_-_2018_SEPTIEMBRE.xls :: Prom. de Precios Año 2006,observed,official_xls,ok,Prom. de Precios Año 2006,44,16 AL 22 SEPT 2006,rebuilt_from_official_weekly_sequence,https://micm.gob.do/transparencia/images/pdf/transparencia/Estadisticas_Institucionales/2018/HISTORICO_PRECIOS_COMBUSTIBLES_SERIE_2000_-_2018_SEPTIEMBRE.xls
2006-09-23,2006-09-29,2006,126.60,114.00,92.40,95.40,,HISTORICO_PRECIOS_COMBUSTIBLES_SERIE_2000_-_2018_SEPTIEMBRE.xls :: Prom. de Precios Año 2006,observed,official_xls,ok,Prom. de Precios Año 2006,45,23 AL 29 SEPT 2006,rebuilt_from_official_weekly_sequence,https://micm.gob.do/transparencia/images/pdf/transparencia/Estadisticas_Institucionales/2018/HISTORICO_PRECIOS_COMBUSTIBLES_SERIE_2000_-_2018_SEPTIEMBRE.xls
2006-09-30,2006-10-06,2006,128.40,115.10,94.25,97.25,,HISTORICO_PRECIOS_COMBUSTIBLES_SERIE_2000_-_2018_SEPTIEMBRE.xls :: Prom. de Precios Año 2006,observed,official_xls,ok,Prom. de Precios Año 2006,46,30 SEPT AL 06 OCT 2006,rebuilt_from_official_weekly_sequence,https://micm.gob.do/transparencia/images/pdf/transparencia/Estadisticas_Institucionales/2018/HISTORICO_PRECIOS_COMBUSTIBLES_SERIE_2000_-_2018_SEPTIEMBRE.xls
2006-10-07,2006-10-13,2006,130.50,115.30,93.90,96.90,,HISTORICO_PRECIOS_COMBUSTIBLES_SERIE_2000_-_2018_SEPTIEMBRE.xls :: Prom. de Precios Año 2006,observed,official_xls,ok,Prom. de Precios Año 2006,47,07 AL 13 OCT 2006,rebuilt_from_official_weekly_sequence,https://micm.gob.do/transparencia/images/pdf/transparencia/Estadisticas_Institucionales/2018/HISTORICO_PRECIOS_COMBUSTIBLES_SERIE_2000_-_2018_SEPTIEMBRE.xls
2006-10-14,2006-10-20,2006,127.00,115.20,94.90,97.90,,HISTORICO_PRECIOS_COMBUSTIBLES_SERIE_2000_-_2018_SEPTIEMBRE.xls :: Prom. de Precios Año 2006,observed,official_xls,ok,Prom. de Precios Año 2006,48,14 AL 20 OCT 2006,rebuilt_from_official_weekly_sequence,https://micm.gob.do/transparencia/images/pdf/transparencia/Estadisticas_Institucionales/2018/HISTORICO_PRECIOS_COMBUSTIBLES_SERIE_2000_-_2018_SEPTIEMBRE.xls
2006-10-21,2006-10-27,2006,126.90,115.10,96.60,99.60,,HISTORICO_PRECIOS_COMBUSTIBLES_SERIE_2000_-_2018_SEPTIEMBRE.xls :: Prom. de Precios Año 2006,observed,official_xls,ok,Prom. de Precios Año 2006,49,21 AL 27 OCT 2006,rebuilt_from_official_weekly_sequence,https://micm.gob.do/transparencia/images/pdf/transparencia/Estadisticas_Institucionales/2018/HISTORICO_PRECIOS_COMBUSTIBLES_SERIE_2000_-_2018_SEPTIEMBRE.xls
2006-10-28,2006-11-03,2006,127.80,116.20,96.00,99.00,,HISTORICO_PRECIOS_COMBUSTIBLES_SERIE_2000_-_2018_SEPTIEMBRE.xls :: Prom. de Precios Año 2006,observed,official_xls,ok,Prom. de Precios Año 2006,50,28 OCT AL 03 NOV 2006,rebuilt_from_official_weekly_sequence,https://micm.gob.do/transparencia/images/pdf/transparencia/Estadisticas_Institucionales/2018/HISTORICO_PRECIOS_COMBUSTIBLES_SERIE_2000_-_2018_SEPTIEMBRE.xls
2006-11-04,2006-11-10,2006,128.30,115.00,93.30,96.30,,HISTORICO_PRECIOS_COMBUSTIBLES_SERIE_2000_-_2018_SEPTIEMBRE.xls :: Prom. de Precios Año 2006,observed,official_xls,ok,Prom. de Precios Año 2006,51,04 AL 10 NOV 2006,rebuilt_from_official_weekly_sequence,https://micm.gob.do/transparencia/images/pdf/transparencia/Estadisticas_Institucionales/2018/HISTORICO_PRECIOS_COMBUSTIBLES_SERIE_2000_-_2018_SEPTIEMBRE.xls
2006-11-11,2006-11-17,2006,131.50,118.20,96.10,99.10,,HISTORICO_PRECIOS_COMBUSTIBLES_SERIE_2000_-_2018_SEPTIEMBRE.xls :: Prom. de Precios Año 2006,observed,official_xls,ok,Prom. de Precios Año 2006,52,11 AL 17 NOV 2006,rebuilt_from_official_weekly_sequence,https://micm.gob.do/transparencia/images/pdf/transparencia/Estadisticas_Institucionales/2018/HISTORICO_PRECIOS_COMBUSTIBLES_SERIE_2000_-_2018_SEPTIEMBRE.xls
2006-11-18,2006-11-24,2006,132.00,117.70,94.00,97.10,,HISTORICO_PRECIOS_COMBUSTIBLES_SERIE_2000_-_2018_SEPTIEMBRE.xls :: Prom. de Precios Año 2006,observed,official_xls,ok,Prom. de Precios Año 2006,53,18 AL 24 NOV 2006,rebuilt_from_official_weekly_sequence,https://micm.gob.do/transparencia/images/pdf/transparencia/Estadisticas_Institucionales/2018/HISTORICO_PRECIOS_COMBUSTIBLES_SERIE_2000_-_2018_SEPTIEMBRE.xls
2006-11-25,2006-12-01,2006,131.30,118.00,95.70,98.70,,HISTORICO_PRECIOS_COMBUSTIBLES_SERIE_2000_-_2018_SEPTIEMBRE.xls :: Prom. de Precios Año 2006,observed,official_xls,ok,Prom. de Precios Año 2006,54,25 NOV AL 01 DIC 2006,rebuilt_from_official_weekly_sequence,https://micm.gob.do/transparencia/images/pdf/transparencia/Estadisticas_Institucionales/2018/HISTORICO_PRECIOS_COMBUSTIBLES_SERIE_2000_-_2018_SEPTIEMBRE.xls
2006-12-02,2006-12-08,2006,132.70,120.00,98.00,101.00,,HISTORICO_PRECIOS_COMBUSTIBLES_SERIE_2000_-_2018_SEPTIEMBRE.xls :: Prom. de Precios Año 2006,observed,official_xls,ok,Prom. de Precios Año 2006,55,02 AL 08 DIC 2006,rebuilt_from_official_weekly_sequence,https://micm.gob.do/transparencia/images/pdf/transparencia/Estadisticas_Institucionales/2018/HISTORICO_PRECIOS_COMBUSTIBLES_SERIE_2000_-_2018_SEPTIEMBRE.xls
2006-12-09,2006-12-15,2006,132.00,118.90,99.20,102.80,,HISTORICO_PRECIOS_COMBUSTIBLES_SERIE_2000_-_2018_SEPTIEMBRE.xls :: Prom. de Precios Año 2006,observed,official_xls,ok,Prom. de Precios Año 2006,56,09 AL 15 DIC 2006,rebuilt_from_official_weekly_sequence,https://micm.gob.do/transparencia/images/pdf/transparencia/Estadisticas_Institucionales/2018/HISTORICO_PRECIOS_COMBUSTIBLES_SERIE_2000_-_2018_SEPTIEMBRE.xls
2006-12-16,2006-12-22,2006,130.00,117.90,97.20,100.90,,HISTORICO_PRECIOS_COMBUSTIBLES_SERIE_2000_-_2018_SEPTIEMBRE.xls :: Prom. de Precios Año 2006,observed,official_xls,ok,Prom. de Precios Año 2006,57,16 AL 22 DIC 2006,rebuilt_from_official_weekly_sequence,https://micm.gob.do/transparencia/images/pdf/transparencia/Estadisticas_Institucionales/2018/HISTORICO_PRECIOS_COMBUSTIBLES_SERIE_2000_-_2018_SEPTIEMBRE.xls
2006-12-23,2006-12-29,2006,132.70,120.70,96.60,100.20,,HISTORICO_PRECIOS_COMBUSTIBLES_SERIE_2000_-_2018_SEPTIEMBRE.xls :: Prom. de Precios Año 2006,observed,official_xls,ok,Prom. de Precios Año 2006,58,23 AL 29 DIC 2006,rebuilt_from_official_weekly_sequence,https://micm.gob.do/transparencia/images/pdf/transparencia/Estadisticas_Institucionales/2018/HISTORICO_PRECIOS_COMBUSTIBLES_SERIE_2000_-_2018_SEPTIEMBRE.xls
2006-12-30,2007-01-05,2006,129.99,118.07,95.34,98.93,,HISTORICO_PRECIOS_COMBUSTIBLES_SERIE_2000_-_2018_SEPTIEMBRE.xls :: Prom.Precio Anual Ano 2007,observed,official_xls,ok,Prom.Precio Anual Ano 2007,7,30- DIC AL 05- ENE- 2007,rebuilt_from_official_weekly_sequence,https://micm.gob.do/transparencia/images/pdf/transparencia/Estadisticas_Institucionales/2018/HISTORICO_PRECIOS_COMBUSTIBLES_SERIE_2000_-_2018_SEPTIEMBRE.xls
2007-01-06,2007-01-12,2007,130.50,121.40,96.90,100.50,,HISTORICO_PRECIOS_COMBUSTIBLES_SERIE_2000_-_2018_SEPTIEMBRE.xls :: Prom.Precio Anual Ano 2007,observed,official_xls,ok,Prom.Precio Anual Ano 2007,8,06 AL 12 ENE 2007,rebuilt_from_official_weekly_sequence,https://micm.gob.do/transparencia/images/pdf/transparencia/Estadisticas_Institucionales/2018/HISTORICO_PRECIOS_COMBUSTIBLES_SERIE_2000_-_2018_SEPTIEMBRE.xls
2007-01-13,2007-01-19,2007,130.60,119.80,96.70,100.30,,HISTORICO_PRECIOS_COMBUSTIBLES_SERIE_2000_-_2018_SEPTIEMBRE.xls :: Prom.Precio Anual Ano 2007,observed,official_xls,ok,Prom.Precio Anual Ano 2007,9,14 AL 20 ENE 2007,rebuilt_from_official_weekly_sequence,https://micm.gob.do/transparencia/images/pdf/transparencia/Estadisticas_Institucionales/2018/HISTORICO_PRECIOS_COMBUSTIBLES_SERIE_2000_-_2018_SEPTIEMBRE.xls
2007-01-20,2007-01-26,2007,127.43,116.90,94.46,98.07,,HISTORICO_PRECIOS_COMBUSTIBLES_SERIE_2000_-_2018_SEPTIEMBRE.xls :: Prom.Precio Anual Ano 2007,observed,official_xls,ok,Prom.Precio Anual Ano 2007,10,20 AL 26 ENE 2007,rebuilt_from_official_weekly_sequence,https://micm.gob.do/transparencia/images/pdf/transparencia/Estadisticas_Institucionales/2018/HISTORICO_PRECIOS_COMBUSTIBLES_SERIE_2000_-_2018_SEPTIEMBRE.xls
2007-01-27,2007-02-02,2007,128.50,118.60,96.80,100.40,,HISTORICO_PRECIOS_COMBUSTIBLES_SERIE_2000_-_2018_SEPTIEMBRE.xls :: Prom.Precio Anual Ano 2007,observed,official_xls,ok,Prom.Precio Anual Ano 2007,11,27 ENE AL 02 FEB 2007,rebuilt_from_official_weekly_sequence,https://micm.gob.do/transparencia/images/pdf/transparencia/Estadisticas_Institucionales/2018/HISTORICO_PRECIOS_COMBUSTIBLES_SERIE_2000_-_2018_SEPTIEMBRE.xls
2007-02-03,2007-02-09,2007,134.57,123.85,100.89,102.90,,HISTORICO_PRECIOS_COMBUSTIBLES_SERIE_2000_-_2018_SEPTIEMBRE.xls :: Prom.Precio Anual Ano 2007,observed,official_xls,ok,Prom.Precio Anual Ano 2007,12,03 AL 09 FEB 2007,rebuilt_from_official_weekly_sequence,https://micm.gob.do/transparencia/images/pdf/transparencia/Estadisticas_Institucionales/2018/HISTORICO_PRECIOS_COMBUSTIBLES_SERIE_2000_-_2018_SEPTIEMBRE.xls
2007-02-10,2007-02-16,2007,133.40,122.90,100.50,104.10,,HISTORICO_PRECIOS_COMBUSTIBLES_SERIE_2000_-_2018_SEPTIEMBRE.xls :: Prom.Precio Anual Ano 2007,observed,official_xls,ok,Prom.Precio Anual Ano 2007,13,10 AL 16 FEB 2007,rebuilt_from_official_weekly_sequence,https://micm.gob.do/transparencia/images/pdf/transparencia/Estadisticas_Institucionales/2018/HISTORICO_PRECIOS_COMBUSTIBLES_SERIE_2000_-_2018_SEPTIEMBRE.xls
2007-02-17,2007-02-23,2007,137.43,125.29,98.51,103.00,,HISTORICO_PRECIOS_COMBUSTIBLES_SERIE_2000_-_2018_SEPTIEMBRE.xls :: Prom.Precio Anual Ano 2007,observed,official_xls,ok,Prom.Precio Anual Ano 2007,14,17 AL 23 FEB 2007,rebuilt_from_official_weekly_sequence,https://micm.gob.do/transparencia/images/pdf/transparencia/Estadisticas_Institucionales/2018/HISTORICO_PRECIOS_COMBUSTIBLES_SERIE_2000_-_2018_SEPTIEMBRE.xls
2007-02-24,2007-03-02,2007,138.10,127.70,100.30,103.90,,HISTORICO_PRECIOS_COMBUSTIBLES_SERIE_2000_-_2018_SEPTIEMBRE.xls :: Prom.Precio Anual Ano 2007,observed,official_xls,ok,Prom.Precio Anual Ano 2007,15,24 FEB AL 02 MAR 2007,rebuilt_from_official_weekly_sequence,https://micm.gob.do/transparencia/images/pdf/transparencia/Estadisticas_Institucionales/2018/HISTORICO_PRECIOS_COMBUSTIBLES_SERIE_2000_-_2018_SEPTIEMBRE.xls
2007-03-03,2007-03-09,2007,140.80,130.60,102.30,107.46,,HISTORICO_PRECIOS_COMBUSTIBLES_SERIE_2000_-_2018_SEPTIEMBRE.xls :: Prom.Precio Anual Ano 2007,observed,official_xls,ok,Prom.Precio Anual Ano 2007,16,03 AL 09 MAR 2007,rebuilt_from_official_weekly_sequence,https://micm.gob.do/transparencia/images/pdf/transparencia/Estadisticas_Institucionales/2018/HISTORICO_PRECIOS_COMBUSTIBLES_SERIE_2000_-_2018_SEPTIEMBRE.xls
2007-03-10,2007-03-16,2007,142.90,133.00,103.00,106.60,,HISTORICO_PRECIOS_COMBUSTIBLES_SERIE_2000_-_2018_SEPTIEMBRE.xls :: Prom.Precio Anual Ano 2007,observed,official_xls,ok,Prom.Precio Anual Ano 2007,17,10 AL 16 MAR 2007,rebuilt_from_official_weekly_sequence,https://micm.gob.do/transparencia/images/pdf/transparencia/Estadisticas_Institucionales/2018/HISTORICO_PRECIOS_COMBUSTIBLES_SERIE_2000_-_2018_SEPTIEMBRE.xls
2007-03-17,2007-03-23,2007,144.30,133.60,101.60,104.31,,HISTORICO_PRECIOS_COMBUSTIBLES_SERIE_2000_-_2018_SEPTIEMBRE.xls :: Prom.Precio Anual Ano 2007,observed,official_xls,ok,Prom.Precio Anual Ano 2007,18,17 AL 23 MAR 2007,rebuilt_from_official_weekly_sequence,https://micm.gob.do/transparencia/images/pdf/transparencia/Estadisticas_Institucionales/2018/HISTORICO_PRECIOS_COMBUSTIBLES_SERIE_2000_-_2018_SEPTIEMBRE.xls
2007-03-24,2007-03-30,2007,147.73,133.68,99.49,103.07,,HISTORICO_PRECIOS_COMBUSTIBLES_SERIE_2000_-_2018_SEPTIEMBRE.xls :: Prom.Precio Anual Ano 2007,observed,official_xls,ok,Prom.Precio Anual Ano 2007,19,24 AL 30 MAR 2007,rebuilt_from_official_weekly_sequence,https://micm.gob.do/transparencia/images/pdf/transparencia/Estadisticas_Institucionales/2018/HISTORICO_PRECIOS_COMBUSTIBLES_SERIE_2000_-_2018_SEPTIEMBRE.xls
2007-03-31,2007-04-06,2007,152.57,136.79,104.22,107.78,,HISTORICO_PRECIOS_COMBUSTIBLES_SERIE_2000_-_2018_SEPTIEMBRE.xls :: Prom.Precio Anual Ano 2007,observed,official_xls,ok,Prom.Precio Anual Ano 2007,20,31 MAR AL 06 ABR 2007,rebuilt_from_official_weekly_sequence,https://micm.gob.do/transparencia/images/pdf/transparencia/Estadisticas_Institucionales/2018/HISTORICO_PRECIOS_COMBUSTIBLES_SERIE_2000_-_2018_SEPTIEMBRE.xls
2007-04-07,2007-04-13,2007,153.76,138.54,105.99,109.53,,HISTORICO_PRECIOS_COMBUSTIBLES_SERIE_2000_-_2018_SEPTIEMBRE.xls :: Prom.Precio Anual Ano 2007,observed,official_xls,ok,Prom.Precio Anual Ano 2007,21,07 AL 13 ABRIL 2007,rebuilt_from_official_weekly_sequence,https://micm.gob.do/transparencia/images/pdf/transparencia/Estadisticas_Institucionales/2018/HISTORICO_PRECIOS_COMBUSTIBLES_SERIE_2000_-_2018_SEPTIEMBRE.xls
2007-04-14,2007-04-20,2007,159.33,144.75,105.50,109.04,,HISTORICO_PRECIOS_COMBUSTIBLES_SERIE_2000_-_2018_SEPTIEMBRE.xls :: Prom.Precio Anual Ano 2007,observed,official_xls,ok,Prom.Precio Anual Ano 2007,22,14 AL 20 ABRIL 2007,rebuilt_from_official_weekly_sequence,https://micm.gob.do/transparencia/images/pdf/transparencia/Estadisticas_Institucionales/2018/HISTORICO_PRECIOS_COMBUSTIBLES_SERIE_2000_-_2018_SEPTIEMBRE.xls
2007-04-21,2007-04-27,2007,151.95,140.75,104.60,108.14,,HISTORICO_PRECIOS_COMBUSTIBLES_SERIE_2000_-_2018_SEPTIEMBRE.xls :: Prom.Precio Anual Ano 2007,observed,official_xls,ok,Prom.Precio Anual Ano 2007,23,21 AL 27 ABRIL 2007,rebuilt_from_official_weekly_sequence,https://micm.gob.do/transparencia/images/pdf/transparencia/Estadisticas_Institucionales/2018/HISTORICO_PRECIOS_COMBUSTIBLES_SERIE_2000_-_2018_SEPTIEMBRE.xls
2007-04-28,2007-05-04,2007,158.45,148.77,106.90,110.50,,HISTORICO_PRECIOS_COMBUSTIBLES_SERIE_2000_-_2018_SEPTIEMBRE.xls :: Prom.Precio Anual Ano 2007,observed,official_xls,ok,Prom.Precio Anual Ano 2007,24,28 ABR AL 04 MAY 2007,rebuilt_from_official_weekly_sequence,https://micm.gob.do/transparencia/images/pdf/transparencia/Estadisticas_Institucionales/2018/HISTORICO_PRECIOS_COMBUSTIBLES_SERIE_2000_-_2018_SEPTIEMBRE.xls
2007-05-05,2007-05-11,2007,159.18,149.15,107.80,111.40,,HISTORICO_PRECIOS_COMBUSTIBLES_SERIE_2000_-_2018_SEPTIEMBRE.xls :: Prom.Precio Anual Ano 2007,observed,official_xls,ok,Prom.Precio Anual Ano 2007,25,05 AL 11 MAYO 2007,rebuilt_from_official_weekly_sequence,https://micm.gob.do/transparencia/images/pdf/transparencia/Estadisticas_Institucionales/2018/HISTORICO_PRECIOS_COMBUSTIBLES_SERIE_2000_-_2018_SEPTIEMBRE.xls
2007-05-12,2007-05-18,2007,158.10,147.50,105.30,108.90,,HISTORICO_PRECIOS_COMBUSTIBLES_SERIE_2000_-_2018_SEPTIEMBRE.xls :: Prom.Precio Anual Ano 2007,observed,official_xls,ok,Prom.Precio Anual Ano 2007,26,12 AL 18 MAYO 2007,rebuilt_from_official_weekly_sequence,https://micm.gob.do/transparencia/images/pdf/transparencia/Estadisticas_Institucionales/2018/HISTORICO_PRECIOS_COMBUSTIBLES_SERIE_2000_-_2018_SEPTIEMBRE.xls
2007-05-19,2007-05-25,2007,162.51,153.26,107.60,111.20,,HISTORICO_PRECIOS_COMBUSTIBLES_SERIE_2000_-_2018_SEPTIEMBRE.xls :: Prom.Precio Anual Ano 2007,observed,official_xls,ok,Prom.Precio Anual Ano 2007,27,19 AL 25 MAYO 2007,rebuilt_from_official_weekly_sequence,https://micm.gob.do/transparencia/images/pdf/transparencia/Estadisticas_Institucionales/2018/HISTORICO_PRECIOS_COMBUSTIBLES_SERIE_2000_-_2018_SEPTIEMBRE.xls
2007-05-26,2007-06-01,2007,160.01,149.79,111.00,114.60,,HISTORICO_PRECIOS_COMBUSTIBLES_SERIE_2000_-_2018_SEPTIEMBRE.xls :: Prom.Precio Anual Ano 2007,observed,official_xls,ok,Prom.Precio Anual Ano 2007,28,26 MAY AL 01 JUN 2007,rebuilt_from_official_weekly_sequence,https://micm.gob.do/transparencia/images/pdf/transparencia/Estadisticas_Institucionales/2018/HISTORICO_PRECIOS_COMBUSTIBLES_SERIE_2000_-_2018_SEPTIEMBRE.xls
2007-06-02,2007-06-08,2007,158.80,149.02,111.10,114.70,,HISTORICO_PRECIOS_COMBUSTIBLES_SERIE_2000_-_2018_SEPTIEMBRE.xls :: Prom.Precio Anual Ano 2007,observed,official_xls,ok,Prom.Precio Anual Ano 2007,29,02 AL 08 JUNIO 2007,rebuilt_from_official_weekly_sequence,https://micm.gob.do/transparencia/images/pdf/transparencia/Estadisticas_Institucionales/2018/HISTORICO_PRECIOS_COMBUSTIBLES_SERIE_2000_-_2018_SEPTIEMBRE.xls
2007-06-09,2007-06-15,2007,156.70,145.70,110.80,114.40,,HISTORICO_PRECIOS_COMBUSTIBLES_SERIE_2000_-_2018_SEPTIEMBRE.xls :: Prom.Precio Anual Ano 2007,observed,official_xls,ok,Prom.Precio Anual Ano 2007,30,09 AL 15 JUNIO 2007,rebuilt_from_official_weekly_sequence,https://micm.gob.do/transparencia/images/pdf/transparencia/Estadisticas_Institucionales/2018/HISTORICO_PRECIOS_COMBUSTIBLES_SERIE_2000_-_2018_SEPTIEMBRE.xls
2007-06-16,2007-06-22,2007,154.60,143.30,109.50,113.20,,HISTORICO_PRECIOS_COMBUSTIBLES_SERIE_2000_-_2018_SEPTIEMBRE.xls :: Prom.Precio Anual Ano 2007,observed,official_xls,ok,Prom.Precio Anual Ano 2007,31,16 AL 22 JUNIO 2007,rebuilt_from_official_weekly_sequence,https://micm.gob.do/transparencia/images/pdf/transparencia/Estadisticas_Institucionales/2018/HISTORICO_PRECIOS_COMBUSTIBLES_SERIE_2000_-_2018_SEPTIEMBRE.xls
2007-06-23,2007-06-29,2007,158.40,147.10,113.50,117.20,,HISTORICO_PRECIOS_COMBUSTIBLES_SERIE_2000_-_2018_SEPTIEMBRE.xls :: Prom.Precio Anual Ano 2007,observed,official_xls,ok,Prom.Precio Anual Ano 2007,32,23 AL 29 JUNIO 2007,rebuilt_from_official_weekly_sequence,https://micm.gob.do/transparencia/images/pdf/transparencia/Estadisticas_Institucionales/2018/HISTORICO_PRECIOS_COMBUSTIBLES_SERIE_2000_-_2018_SEPTIEMBRE.xls
2007-06-30,2007-07-06,2007,154.40,146.90,113.60,117.30,,HISTORICO_PRECIOS_COMBUSTIBLES_SERIE_2000_-_2018_SEPTIEMBRE.xls :: Prom.Precio Anual Ano 2007,observed,official_xls,ok,Prom.Precio Anual Ano 2007,33,30 JUN AL 06 JUL 2007,rebuilt_from_official_weekly_sequence,https://micm.gob.do/transparencia/images/pdf/transparencia/Estadisticas_Institucionales/2018/HISTORICO_PRECIOS_COMBUSTIBLES_SERIE_2000_-_2018_SEPTIEMBRE.xls
2007-07-07,2007-07-13,2007,161.40,148.60,115.80,119.50,,HISTORICO_PRECIOS_COMBUSTIBLES_SERIE_2000_-_2018_SEPTIEMBRE.xls :: Prom.Precio Anual Ano 2007,observed,official_xls,ok,Prom.Precio Anual Ano 2007,34,07 AL 13 JULIO 2007,rebuilt_from_official_weekly_sequence,https://micm.gob.do/transparencia/images/pdf/transparencia/Estadisticas_Institucionales/2018/HISTORICO_PRECIOS_COMBUSTIBLES_SERIE_2000_-_2018_SEPTIEMBRE.xls
2007-07-14,2007-07-20,2007,161.74,148.55,117.40,121.00,,HISTORICO_PRECIOS_COMBUSTIBLES_SERIE_2000_-_2018_SEPTIEMBRE.xls :: Prom.Precio Anual Ano 2007,observed,official_xls,ok,Prom.Precio Anual Ano 2007,35,14 AL 20 JULIO 2007,rebuilt_from_official_weekly_sequence,https://micm.gob.do/transparencia/images/pdf/transparencia/Estadisticas_Institucionales/2018/HISTORICO_PRECIOS_COMBUSTIBLES_SERIE_2000_-_2018_SEPTIEMBRE.xls
2007-07-21,2007-07-27,2007,156.40,144.30,115.00,118.70,,HISTORICO_PRECIOS_COMBUSTIBLES_SERIE_2000_-_2018_SEPTIEMBRE.xls :: Prom.Precio Anual Ano 2007,observed,official_xls,ok,Prom.Precio Anual Ano 2007,36,21 AL 27 JULIO 2007,rebuilt_from_official_weekly_sequence,https://micm.gob.do/transparencia/images/pdf/transparencia/Estadisticas_Institucionales/2018/HISTORICO_PRECIOS_COMBUSTIBLES_SERIE_2000_-_2018_SEPTIEMBRE.xls
2007-07-28,2007-08-03,2007,152.60,141.20,114.50,118.20,,HISTORICO_PRECIOS_COMBUSTIBLES_SERIE_2000_-_2018_SEPTIEMBRE.xls :: Prom.Precio Anual Ano 2007,observed,official_xls,ok,Prom.Precio Anual Ano 2007,37,28 JUL AL 03 AGO 2007,rebuilt_from_official_weekly_sequence,https://micm.gob.do/transparencia/images/pdf/transparencia/Estadisticas_Institucionales/2018/HISTORICO_PRECIOS_COMBUSTIBLES_SERIE_2000_-_2018_SEPTIEMBRE.xls
2007-08-04,2007-08-10,2007,152.50,140.90,115.30,119.10,,HISTORICO_PRECIOS_COMBUSTIBLES_SERIE_2000_-_2018_SEPTIEMBRE.xls :: Prom.Precio Anual Ano 2007,observed,official_xls,ok,Prom.Precio Anual Ano 2007,38,04 AL 10 AGO 2007,rebuilt_from_official_weekly_sequence,https://micm.gob.do/transparencia/images/pdf/transparencia/Estadisticas_Institucionales/2018/HISTORICO_PRECIOS_COMBUSTIBLES_SERIE_2000_-_2018_SEPTIEMBRE.xls
2007-08-11,2007-08-17,2007,150.10,137.00,110.30,114.10,,HISTORICO_PRECIOS_COMBUSTIBLES_SERIE_2000_-_2018_SEPTIEMBRE.xls :: Prom.Precio Anual Ano 2007,observed,official_xls,ok,Prom.Precio Anual Ano 2007,39,11 AL 17 AGO 2007,rebuilt_from_official_weekly_sequence,https://micm.gob.do/transparencia/images/pdf/transparencia/Estadisticas_Institucionales/2018/HISTORICO_PRECIOS_COMBUSTIBLES_SERIE_2000_-_2018_SEPTIEMBRE.xls
2007-08-18,2007-08-24,2007,152.20,140.40,112.60,116.40,,HISTORICO_PRECIOS_COMBUSTIBLES_SERIE_2000_-_2018_SEPTIEMBRE.xls :: Prom.Precio Anual Ano 2007,observed,official_xls,ok,Prom.Precio Anual Ano 2007,40,18 AL 24 AGO 2007,rebuilt_from_official_weekly_sequence,https://micm.gob.do/transparencia/images/pdf/transparencia/Estadisticas_Institucionales/2018/HISTORICO_PRECIOS_COMBUSTIBLES_SERIE_2000_-_2018_SEPTIEMBRE.xls
2007-08-25,2007-08-31,2007,148.70,137.20,111.80,115.50,,HISTORICO_PRECIOS_COMBUSTIBLES_SERIE_2000_-_2018_SEPTIEMBRE.xls :: Prom.Precio Anual Ano 2007,observed,official_xls,ok,Prom.Precio Anual Ano 2007,41,25 AGO AL 31 AGO 2007,rebuilt_from_official_weekly_sequence,https://micm.gob.do/transparencia/images/pdf/transparencia/Estadisticas_Institucionales/2018/HISTORICO_PRECIOS_COMBUSTIBLES_SERIE_2000_-_2018_SEPTIEMBRE.xls
2007-09-01,2007-09-07,2007,155.70,142.86,114.08,117.83,,HISTORICO_PRECIOS_COMBUSTIBLES_SERIE_2000_-_2018_SEPTIEMBRE.xls :: Prom.Precio Anual Ano 2007,observed,official_xls,ok,Prom.Precio Anual Ano 2007,42,01 AL 07 SEPT 2007,rebuilt_from_official_weekly_sequence,https://micm.gob.do/transparencia/images/pdf/transparencia/Estadisticas_Institucionales/2018/HISTORICO_PRECIOS_COMBUSTIBLES_SERIE_2000_-_2018_SEPTIEMBRE.xls
2007-09-08,2007-09-14,2007,158.81,147.00,116.20,120.00,,HISTORICO_PRECIOS_COMBUSTIBLES_SERIE_2000_-_2018_SEPTIEMBRE.xls :: Prom.Precio Anual Ano 2007,observed,official_xls,ok,Prom.Precio Anual Ano 2007,43,08 AL 14 SEPT 2007,rebuilt_from_official_weekly_sequence,https://micm.gob.do/transparencia/images/pdf/transparencia/Estadisticas_Institucionales/2018/HISTORICO_PRECIOS_COMBUSTIBLES_SERIE_2000_-_2018_SEPTIEMBRE.xls
2007-09-15,2007-09-21,2007,155.84,144.29,116.89,121.04,,HISTORICO_PRECIOS_COMBUSTIBLES_SERIE_2000_-_2018_SEPTIEMBRE.xls :: Prom.Precio Anual Ano 2007,observed,official_xls,ok,Prom.Precio Anual Ano 2007,44,15 AL 21 SEPT 2007,rebuilt_from_official_weekly_sequence,https://micm.gob.do/transparencia/images/pdf/transparencia/Estadisticas_Institucionales/2018/HISTORICO_PRECIOS_COMBUSTIBLES_SERIE_2000_-_2018_SEPTIEMBRE.xls
2007-09-22,2007-09-28,2007,158.13,147.90,119.90,124.03,,HISTORICO_PRECIOS_COMBUSTIBLES_SERIE_2000_-_2018_SEPTIEMBRE.xls :: Prom.Precio Anual Ano 2007,observed,official_xls,ok,Prom.Precio Anual Ano 2007,45,22 AL 28 SEPT 2007,rebuilt_from_official_weekly_sequence,https://micm.gob.do/transparencia/images/pdf/transparencia/Estadisticas_Institucionales/2018/HISTORICO_PRECIOS_COMBUSTIBLES_SERIE_2000_-_2018_SEPTIEMBRE.xls
2007-09-29,2007-10-05,2007,154.69,145.10,119.71,123.75,,HISTORICO_PRECIOS_COMBUSTIBLES_SERIE_2000_-_2018_SEPTIEMBRE.xls :: Prom.Precio Anual Ano 2007,observed,official_xls,ok,Prom.Precio Anual Ano 2007,46,29 SEPT AL 05 OCT 2007,rebuilt_from_official_weekly_sequence,https://micm.gob.do/transparencia/images/pdf/transparencia/Estadisticas_Institucionales/2018/HISTORICO_PRECIOS_COMBUSTIBLES_SERIE_2000_-_2018_SEPTIEMBRE.xls
2007-10-06,2007-10-12,2007,151.90,142.15,119.34,123.18,,HISTORICO_PRECIOS_COMBUSTIBLES_SERIE_2000_-_2018_SEPTIEMBRE.xls :: Prom.Precio Anual Ano 2007,observed,official_xls,ok,Prom.Precio Anual Ano 2007,47,06 AL 12 OCT 2007,rebuilt_from_official_weekly_sequence,https://micm.gob.do/transparencia/images/pdf/transparencia/Estadisticas_Institucionales/2018/HISTORICO_PRECIOS_COMBUSTIBLES_SERIE_2000_-_2018_SEPTIEMBRE.xls
2007-10-13,2007-10-19,2007,154.20,142.80,120.50,124.20,,HISTORICO_PRECIOS_COMBUSTIBLES_SERIE_2000_-_2018_SEPTIEMBRE.xls :: Prom.Precio Anual Ano 2007,observed,official_xls,ok,Prom.Precio Anual Ano 2007,48,13 AL 19 OCT 2007,rebuilt_from_official_weekly_sequence,https://micm.gob.do/transparencia/images/pdf/transparencia/Estadisticas_Institucionales/2018/HISTORICO_PRECIOS_COMBUSTIBLES_SERIE_2000_-_2018_SEPTIEMBRE.xls
2007-10-20,2007-10-26,2007,162.80,150.70,127.80,131.50,,HISTORICO_PRECIOS_COMBUSTIBLES_SERIE_2000_-_2018_SEPTIEMBRE.xls :: Prom.Precio Anual Ano 2007,observed,official_xls,ok,Prom.Precio Anual Ano 2007,49,20 AL 26 OCT 2007,rebuilt_from_official_weekly_sequence,https://micm.gob.do/transparencia/images/pdf/transparencia/Estadisticas_Institucionales/2018/HISTORICO_PRECIOS_COMBUSTIBLES_SERIE_2000_-_2018_SEPTIEMBRE.xls
2007-10-27,2007-11-02,2007,160.30,148.70,127.10,130.90,,HISTORICO_PRECIOS_COMBUSTIBLES_SERIE_2000_-_2018_SEPTIEMBRE.xls :: Prom.Precio Anual Ano 2007,observed,official_xls,ok,Prom.Precio Anual Ano 2007,50,27 OCT AL 02 NOV 2007,rebuilt_from_official_weekly_sequence,https://micm.gob.do/transparencia/images/pdf/transparencia/Estadisticas_Institucionales/2018/HISTORICO_PRECIOS_COMBUSTIBLES_SERIE_2000_-_2018_SEPTIEMBRE.xls
2007-11-03,2007-11-09,2007,161.50,149.60,127.10,130.90,,HISTORICO_PRECIOS_COMBUSTIBLES_SERIE_2000_-_2018_SEPTIEMBRE.xls :: Prom.Precio Anual Ano 2007,observed,official_xls,ok,Prom.Precio Anual Ano 2007,51,03 AL 09 NOV 2007,rebuilt_from_official_weekly_sequence,https://micm.gob.do/transparencia/images/pdf/transparencia/Estadisticas_Institucionales/2018/HISTORICO_PRECIOS_COMBUSTIBLES_SERIE_2000_-_2018_SEPTIEMBRE.xls
2007-11-10,2007-11-16,2007,165.40,154.20,131.90,135.70,,HISTORICO_PRECIOS_COMBUSTIBLES_SERIE_2000_-_2018_SEPTIEMBRE.xls :: Prom.Precio Anual Ano 2007,observed,official_xls,ok,Prom.Precio Anual Ano 2007,52,10 AL 16 NOV 2007,rebuilt_from_official_weekly_sequence,https://micm.gob.do/transparencia/images/pdf/transparencia/Estadisticas_Institucionales/2018/HISTORICO_PRECIOS_COMBUSTIBLES_SERIE_2000_-_2018_SEPTIEMBRE.xls
2007-11-17,2007-11-23,2007,167.10,156.50,133.10,137.00,,HISTORICO_PRECIOS_COMBUSTIBLES_SERIE_2000_-_2018_SEPTIEMBRE.xls :: Prom.Precio Anual Ano 2007,observed,official_xls,ok,Prom.Precio Anual Ano 2007,53,17 AL 23 NOV 2007,rebuilt_from_official_weekly_sequence,https://micm.gob.do/transparencia/images/pdf/transparencia/Estadisticas_Institucionales/2018/HISTORICO_PRECIOS_COMBUSTIBLES_SERIE_2000_-_2018_SEPTIEMBRE.xls
2007-11-24,2007-11-30,2007,167.40,157.60,136.20,140.00,,HISTORICO_PRECIOS_COMBUSTIBLES_SERIE_2000_-_2018_SEPTIEMBRE.xls :: Prom.Precio Anual Ano 2007,observed,official_xls,ok,Prom.Precio Anual Ano 2007,54,24 NOV AL 30 NOV 2007,rebuilt_from_official_weekly_sequence,https://micm.gob.do/transparencia/images/pdf/transparencia/Estadisticas_Institucionales/2018/HISTORICO_PRECIOS_COMBUSTIBLES_SERIE_2000_-_2018_SEPTIEMBRE.xls
2007-12-01,2007-12-07,2007,165.80,156.20,136.20,140.00,,HISTORICO_PRECIOS_COMBUSTIBLES_SERIE_2000_-_2018_SEPTIEMBRE.xls :: Prom.Precio Anual Ano 2007,observed,official_xls,ok,Prom.Precio Anual Ano 2007,55,01 AL 07 DIC 2007,rebuilt_from_official_weekly_sequence,https://micm.gob.do/transparencia/images/pdf/transparencia/Estadisticas_Institucionales/2018/HISTORICO_PRECIOS_COMBUSTIBLES_SERIE_2000_-_2018_SEPTIEMBRE.xls
2007-12-08,2007-12-14,2007,161.80,152.60,134.70,138.40,,HISTORICO_PRECIOS_COMBUSTIBLES_SERIE_2000_-_2018_SEPTIEMBRE.xls :: Prom.Precio Anual Ano 2007,observed,official_xls,ok,Prom.Precio Anual Ano 2007,56,08 AL 14 DIC 2007,rebuilt_from_official_weekly_sequence,https://micm.gob.do/transparencia/images/pdf/transparencia/Estadisticas_Institucionales/2018/HISTORICO_PRECIOS_COMBUSTIBLES_SERIE_2000_-_2018_SEPTIEMBRE.xls
2007-12-15,2007-12-21,2007,161.40,152.20,134.20,138.00,,HISTORICO_PRECIOS_COMBUSTIBLES_SERIE_2000_-_2018_SEPTIEMBRE.xls :: Prom.Precio Anual Ano 2007,observed,official_xls,ok,Prom.Precio Anual Ano 2007,57,15 AL 21 DIC 2007,rebuilt_from_official_weekly_sequence,https://micm.gob.do/transparencia/images/pdf/transparencia/Estadisticas_Institucionales/2018/HISTORICO_PRECIOS_COMBUSTIBLES_SERIE_2000_-_2018_SEPTIEMBRE.xls
2007-12-22,2007-12-28,2007,161.20,152.10,136.50,140.30,,HISTORICO_PRECIOS_COMBUSTIBLES_SERIE_2000_-_2018_SEPTIEMBRE.xls :: Prom.Precio Anual Ano 2007,observed,official_xls,ok,Prom.Precio Anual Ano 2007,58,22 AL 28 DIC 2007,rebuilt_from_official_weekly_sequence,https://micm.gob.do/transparencia/images/pdf/transparencia/Estadisticas_Institucionales/2018/HISTORICO_PRECIOS_COMBUSTIBLES_SERIE_2000_-_2018_SEPTIEMBRE.xls
2007-12-29,2008-01-04,2007,164.60,154.80,137.50,141.30,,HISTORICO_PRECIOS_COMBUSTIBLES_SERIE_2000_-_2018_SEPTIEMBRE.xls :: Prom.precio anual 2008,observed,official_xls,ok,Prom.precio anual 2008,7,29- DIC AL 04- ENE- 2008,rebuilt_from_official_weekly_sequence,https://micm.gob.do/transparencia/images/pdf/transparencia/Estadisticas_Institucionales/2018/HISTORICO_PRECIOS_COMBUSTIBLES_SERIE_2000_-_2018_SEPTIEMBRE.xls
2008-01-05,2008-01-11,2008,171.20,159.70,139.50,143.30,,HISTORICO_PRECIOS_COMBUSTIBLES_SERIE_2000_-_2018_SEPTIEMBRE.xls :: Prom.precio anual 2008,observed,official_xls,ok,Prom.precio anual 2008,8,05 AL 11 ENE 2008,rebuilt_from_official_weekly_sequence,https://micm.gob.do/transparencia/images/pdf/transparencia/Estadisticas_Institucionales/2018/HISTORICO_PRECIOS_COMBUSTIBLES_SERIE_2000_-_2018_SEPTIEMBRE.xls
2008-01-12,2008-01-18,2008,168.80,158.20,137.10,140.80,,HISTORICO_PRECIOS_COMBUSTIBLES_SERIE_2000_-_2018_SEPTIEMBRE.xls :: Prom.precio anual 2008,observed,official_xls,ok,Prom.precio anual 2008,9,12 AL 18 ENE 2008,rebuilt_from_official_weekly_sequence,https://micm.gob.do/transparencia/images/pdf/transparencia/Estadisticas_Institucionales/2018/HISTORICO_PRECIOS_COMBUSTIBLES_SERIE_2000_-_2018_SEPTIEMBRE.xls
2008-01-19,2008-01-25,2008,164.60,153.90,134.50,138.20,,HISTORICO_PRECIOS_COMBUSTIBLES_SERIE_2000_-_2018_SEPTIEMBRE.xls :: Prom.precio anual 2008,observed,official_xls,ok,Prom.precio anual 2008,10,19 AL 25 ENE 2008,rebuilt_from_official_weekly_sequence,https://micm.gob.do/transparencia/images/pdf/transparencia/Estadisticas_Institucionales/2018/HISTORICO_PRECIOS_COMBUSTIBLES_SERIE_2000_-_2018_SEPTIEMBRE.xls
2008-01-26,2008-02-01,2008,163.10,152.90,132.50,136.30,,HISTORICO_PRECIOS_COMBUSTIBLES_SERIE_2000_-_2018_SEPTIEMBRE.xls :: Prom.precio anual 2008,observed,official_xls,ok,Prom.precio anual 2008,11,26 ENE AL 01 FEB 2008,rebuilt_from_official_weekly_sequence,https://micm.gob.do/transparencia/images/pdf/transparencia/Estadisticas_Institucionales/2018/HISTORICO_PRECIOS_COMBUSTIBLES_SERIE_2000_-_2018_SEPTIEMBRE.xls
2008-02-02,2008-02-08,2008,166.50,155.90,135.40,139.20,,HISTORICO_PRECIOS_COMBUSTIBLES_SERIE_2000_-_2018_SEPTIEMBRE.xls :: Prom.precio anual 2008,observed,official_xls,ok,Prom.precio anual 2008,12,02 AL 08 FEB 2008,rebuilt_from_official_weekly_sequence,https://micm.gob.do/transparencia/images/pdf/transparencia/Estadisticas_Institucionales/2018/HISTORICO_PRECIOS_COMBUSTIBLES_SERIE_2000_-_2018_SEPTIEMBRE.xls
2008-02-09,2008-02-15,2008,164.20,153.60,134.10,137.90,,HISTORICO_PRECIOS_COMBUSTIBLES_SERIE_2000_-_2018_SEPTIEMBRE.xls :: Prom.precio anual 2008,observed,official_xls,ok,Prom.precio anual 2008,13,09 AL 15 FEB 2008,rebuilt_from_official_weekly_sequence,https://micm.gob.do/transparencia/images/pdf/transparencia/Estadisticas_Institucionales/2018/HISTORICO_PRECIOS_COMBUSTIBLES_SERIE_2000_-_2018_SEPTIEMBRE.xls
2008-02-16,2008-02-22,2008,167.10,156.30,137.90,141.70,,HISTORICO_PRECIOS_COMBUSTIBLES_SERIE_2000_-_2018_SEPTIEMBRE.xls :: Prom.precio anual 2008,observed,official_xls,ok,Prom.precio anual 2008,14,16 AL 22 FEB 2008,rebuilt_from_official_weekly_sequence,https://micm.gob.do/transparencia/images/pdf/transparencia/Estadisticas_Institucionales/2018/HISTORICO_PRECIOS_COMBUSTIBLES_SERIE_2000_-_2018_SEPTIEMBRE.xls
2008-02-23,2008-02-29,2008,170.60,160.20,140.30,144.20,,HISTORICO_PRECIOS_COMBUSTIBLES_SERIE_2000_-_2018_SEPTIEMBRE.xls :: Prom.precio anual 2008,observed,official_xls,ok,Prom.precio anual 2008,15,23 FEB AL 29 FEB 2008,rebuilt_from_official_weekly_sequence,https://micm.gob.do/transparencia/images/pdf/transparencia/Estadisticas_Institucionales/2018/HISTORICO_PRECIOS_COMBUSTIBLES_SERIE_2000_-_2018_SEPTIEMBRE.xls
2008-03-01,2008-03-07,2008,173.70,163.70,143.30,147.20,,HISTORICO_PRECIOS_COMBUSTIBLES_SERIE_2000_-_2018_SEPTIEMBRE.xls :: Prom.precio anual 2008,observed,official_xls,ok,Prom.precio anual 2008,16,01 AL 07 MAR 2008,rebuilt_from_official_weekly_sequence,https://micm.gob.do/transparencia/images/pdf/transparencia/Estadisticas_Institucionales/2018/HISTORICO_PRECIOS_COMBUSTIBLES_SERIE_2000_-_2018_SEPTIEMBRE.xls
2008-03-08,2008-03-14,2008,177.20,166.40,147.30,151.20,,HISTORICO_PRECIOS_COMBUSTIBLES_SERIE_2000_-_2018_SEPTIEMBRE.xls :: Prom.precio anual 2008,observed,official_xls,ok,Prom.precio anual 2008,17,08 AL 14 MAR 2008,rebuilt_from_official_weekly_sequence,https://micm.gob.do/transparencia/images/pdf/transparencia/Estadisticas_Institucionales/2018/HISTORICO_PRECIOS_COMBUSTIBLES_SERIE_2000_-_2018_SEPTIEMBRE.xls
2008-03-15,2008-03-21,2008,179.50,169.30,149.50,153.50,,HISTORICO_PRECIOS_COMBUSTIBLES_SERIE_2000_-_2018_SEPTIEMBRE.xls :: Prom.precio anual 2008,observed,official_xls,ok,Prom.precio anual 2008,18,15 AL 21 MAR 2008,rebuilt_from_official_weekly_sequence,https://micm.gob.do/transparencia/images/pdf/transparencia/Estadisticas_Institucionales/2018/HISTORICO_PRECIOS_COMBUSTIBLES_SERIE_2000_-_2018_SEPTIEMBRE.xls
2008-03-22,2008-03-28,2008,178.70,168.50,152.20,156.20,,HISTORICO_PRECIOS_COMBUSTIBLES_SERIE_2000_-_2018_SEPTIEMBRE.xls :: Prom.precio anual 2008,observed,official_xls,ok,Prom.precio anual 2008,19,22 AL 28 MAR 2008,rebuilt_from_official_weekly_sequence,https://micm.gob.do/transparencia/images/pdf/transparencia/Estadisticas_Institucionales/2018/HISTORICO_PRECIOS_COMBUSTIBLES_SERIE_2000_-_2018_SEPTIEMBRE.xls
2008-03-29,2008-04-04,2008,181.30,170.40,152.60,156.50,,HISTORICO_PRECIOS_COMBUSTIBLES_SERIE_2000_-_2018_SEPTIEMBRE.xls :: Prom.precio anual 2008,observed,official_xls,ok,Prom.precio anual 2008,20,29 MAR AL 04 ABR 2008,rebuilt_from_official_weekly_sequence,https://micm.gob.do/transparencia/images/pdf/transparencia/Estadisticas_Institucionales/2018/HISTORICO_PRECIOS_COMBUSTIBLES_SERIE_2000_-_2018_SEPTIEMBRE.xls
2008-04-05,2008-04-11,2008,180.90,170.00,151.90,155.80,,HISTORICO_PRECIOS_COMBUSTIBLES_SERIE_2000_-_2018_SEPTIEMBRE.xls :: Prom.precio anual 2008,observed,official_xls,ok,Prom.precio anual 2008,21,05 AL 11 ABRIL 2008,rebuilt_from_official_weekly_sequence,https://micm.gob.do/transparencia/images/pdf/transparencia/Estadisticas_Institucionales/2018/HISTORICO_PRECIOS_COMBUSTIBLES_SERIE_2000_-_2018_SEPTIEMBRE.xls
2008-04-12,2008-04-18,2008,183.70,172.10,154.10,158.00,,HISTORICO_PRECIOS_COMBUSTIBLES_SERIE_2000_-_2018_SEPTIEMBRE.xls :: Prom.precio anual 2008,observed,official_xls,ok,Prom.precio anual 2008,22,12 AL 18 ABRIL 2008,rebuilt_from_official_weekly_sequence,https://micm.gob.do/transparencia/images/pdf/transparencia/Estadisticas_Institucionales/2018/HISTORICO_PRECIOS_COMBUSTIBLES_SERIE_2000_-_2018_SEPTIEMBRE.xls
2008-04-19,2008-04-25,2008,186.30,175.00,155.10,159.00,,HISTORICO_PRECIOS_COMBUSTIBLES_SERIE_2000_-_2018_SEPTIEMBRE.xls :: Prom.precio anual 2008,observed,official_xls,ok,Prom.precio anual 2008,23,19 AL 25 ABRIL 2008,rebuilt_from_official_weekly_sequence,https://micm.gob.do/transparencia/images/pdf/transparencia/Estadisticas_Institucionales/2018/HISTORICO_PRECIOS_COMBUSTIBLES_SERIE_2000_-_2018_SEPTIEMBRE.xls
2008-04-26,2008-05-02,2008,187.40,175.70,156.10,160.40,,HISTORICO_PRECIOS_COMBUSTIBLES_SERIE_2000_-_2018_SEPTIEMBRE.xls :: Prom.precio anual 2008,observed,official_xls,ok,Prom.precio anual 2008,24,26 ABR AL 02 MAY 2008,rebuilt_from_official_weekly_sequence,https://micm.gob.do/transparencia/images/pdf/transparencia/Estadisticas_Institucionales/2018/HISTORICO_PRECIOS_COMBUSTIBLES_SERIE_2000_-_2018_SEPTIEMBRE.xls
2008-05-03,2008-05-09,2008,188.00,176.10,156.40,160.80,,HISTORICO_PRECIOS_COMBUSTIBLES_SERIE_2000_-_2018_SEPTIEMBRE.xls :: Prom.precio anual 2008,observed,official_xls,ok,Prom.precio anual 2008,25,03 AL 09 MAYO 2008,rebuilt_from_official_weekly_sequence,https://micm.gob.do/transparencia/images/pdf/transparencia/Estadisticas_Institucionales/2018/HISTORICO_PRECIOS_COMBUSTIBLES_SERIE_2000_-_2018_SEPTIEMBRE.xls
2008-05-10,2008-05-16,2008,188.00,176.10,156.40,160.80,,HISTORICO_PRECIOS_COMBUSTIBLES_SERIE_2000_-_2018_SEPTIEMBRE.xls :: Prom.precio anual 2008,observed,official_xls,ok,Prom.precio anual 2008,26,10 AL 16 MAYO 2008,rebuilt_from_official_weekly_sequence,https://micm.gob.do/transparencia/images/pdf/transparencia/Estadisticas_Institucionales/2018/HISTORICO_PRECIOS_COMBUSTIBLES_SERIE_2000_-_2018_SEPTIEMBRE.xls
2008-05-17,2008-05-23,2008,188.00,176.10,156.40,160.80,,HISTORICO_PRECIOS_COMBUSTIBLES_SERIE_2000_-_2018_SEPTIEMBRE.xls :: Prom.precio anual 2008,observed,official_xls,ok,Prom.precio anual 2008,27,17 AL 23 MAYO 2008,rebuilt_from_official_weekly_sequence,https://micm.gob.do/transparencia/images/pdf/transparencia/Estadisticas_Institucionales/2018/HISTORICO_PRECIOS_COMBUSTIBLES_SERIE_2000_-_2018_SEPTIEMBRE.xls
2008-05-24,2008-05-30,2008,196.20,184.10,164.80,169.60,,HISTORICO_PRECIOS_COMBUSTIBLES_SERIE_2000_-_2018_SEPTIEMBRE.xls :: Prom.precio anual 2008,observed,official_xls,ok,Prom.precio anual 2008,28,24 MAY AL 30 MAY 2008,rebuilt_from_official_weekly_sequence,https://micm.gob.do/transparencia/images/pdf/transparencia/Estadisticas_Institucionales/2018/HISTORICO_PRECIOS_COMBUSTIBLES_SERIE_2000_-_2018_SEPTIEMBRE.xls
2008-05-31,2008-06-06,2008,199.50,187.10,164.80,169.60,,HISTORICO_PRECIOS_COMBUSTIBLES_SERIE_2000_-_2018_SEPTIEMBRE.xls :: Prom.precio anual 2008,observed,official_xls,ok,Prom.precio anual 2008,29,31 AL 06 JUNIO 2008,rebuilt_from_official_weekly_sequence,https://micm.gob.do/transparencia/images/pdf/transparencia/Estadisticas_Institucionales/2018/HISTORICO_PRECIOS_COMBUSTIBLES_SERIE_2000_-_2018_SEPTIEMBRE.xls
2008-06-07,2008-06-13,2008,199.80,187.80,164.80,169.60,,HISTORICO_PRECIOS_COMBUSTIBLES_SERIE_2000_-_2018_SEPTIEMBRE.xls :: Prom.precio anual 2008,observed,official_xls,ok,Prom.precio anual 2008,30,07 AL 13 JUNIO 2008,rebuilt_from_official_weekly_sequence,https://micm.gob.do/transparencia/images/pdf/transparencia/Estadisticas_Institucionales/2018/HISTORICO_PRECIOS_COMBUSTIBLES_SERIE_2000_-_2018_SEPTIEMBRE.xls
2008-06-14,2008-06-20,2008,204.30,194.30,174.80,179.60,,HISTORICO_PRECIOS_COMBUSTIBLES_SERIE_2000_-_2018_SEPTIEMBRE.xls :: Prom.precio anual 2008,observed,official_xls,ok,Prom.precio anual 2008,31,14 AL 20 JUNIO 2008,rebuilt_from_official_weekly_sequence,https://micm.gob.do/transparencia/images/pdf/transparencia/Estadisticas_Institucionales/2018/HISTORICO_PRECIOS_COMBUSTIBLES_SERIE_2000_-_2018_SEPTIEMBRE.xls
2008-06-21,2008-06-27,2008,205.60,196.80,174.80,179.60,,HISTORICO_PRECIOS_COMBUSTIBLES_SERIE_2000_-_2018_SEPTIEMBRE.xls :: Prom.precio anual 2008,observed,official_xls,ok,Prom.precio anual 2008,32,21 AL 27 JUNIO 2008,rebuilt_from_official_weekly_sequence,https://micm.gob.do/transparencia/images/pdf/transparencia/Estadisticas_Institucionales/2018/HISTORICO_PRECIOS_COMBUSTIBLES_SERIE_2000_-_2018_SEPTIEMBRE.xls
2008-06-28,2008-07-04,2008,207.90,197.80,181.80,186.60,,HISTORICO_PRECIOS_COMBUSTIBLES_SERIE_2000_-_2018_SEPTIEMBRE.xls :: Prom.precio anual 2008,observed,official_xls,ok,Prom.precio anual 2008,33,28 JUN AL 04 JUL 2008,rebuilt_from_official_weekly_sequence,https://micm.gob.do/transparencia/images/pdf/transparencia/Estadisticas_Institucionales/2018/HISTORICO_PRECIOS_COMBUSTIBLES_SERIE_2000_-_2018_SEPTIEMBRE.xls
2008-07-05,2008-07-11,2008,208.80,199.10,194.90,198.80,,HISTORICO_PRECIOS_COMBUSTIBLES_SERIE_2000_-_2018_SEPTIEMBRE.xls :: Prom.precio anual 2008,observed,official_xls,ok,Prom.precio anual 2008,34,05 AL 11 JULIO 2008,rebuilt_from_official_weekly_sequence,https://micm.gob.do/transparencia/images/pdf/transparencia/Estadisticas_Institucionales/2018/HISTORICO_PRECIOS_COMBUSTIBLES_SERIE_2000_-_2018_SEPTIEMBRE.xls
2008-07-12,2008-07-18,2008,207.10,197.40,193.30,197.20,,HISTORICO_PRECIOS_COMBUSTIBLES_SERIE_2000_-_2018_SEPTIEMBRE.xls :: Prom.precio anual 2008,observed,official_xls,ok,Prom.precio anual 2008,35,12 AL 18 JULIO 2008,rebuilt_from_official_weekly_sequence,https://micm.gob.do/transparencia/images/pdf/transparencia/Estadisticas_Institucionales/2018/HISTORICO_PRECIOS_COMBUSTIBLES_SERIE_2000_-_2018_SEPTIEMBRE.xls
2008-07-19,2008-07-25,2008,207.20,197.20,195.40,199.30,,HISTORICO_PRECIOS_COMBUSTIBLES_SERIE_2000_-_2018_SEPTIEMBRE.xls :: Prom.precio anual 2008,observed,official_xls,ok,Prom.precio anual 2008,36,19 AL 25 JULIO 2008,rebuilt_from_official_weekly_sequence,https://micm.gob.do/transparencia/images/pdf/transparencia/Estadisticas_Institucionales/2018/HISTORICO_PRECIOS_COMBUSTIBLES_SERIE_2000_-_2018_SEPTIEMBRE.xls
2008-07-26,2008-08-01,2008,204.10,194.00,192.30,196.20,,HISTORICO_PRECIOS_COMBUSTIBLES_SERIE_2000_-_2018_SEPTIEMBRE.xls :: Prom.precio anual 2008,observed,official_xls,ok,Prom.precio anual 2008,37,26 JUL AL 01 AGO 2008,rebuilt_from_official_weekly_sequence,https://micm.gob.do/transparencia/images/pdf/transparencia/Estadisticas_Institucionales/2018/HISTORICO_PRECIOS_COMBUSTIBLES_SERIE_2000_-_2018_SEPTIEMBRE.xls
2008-08-02,2008-08-08,2008,198.10,187.90,182.30,186.20,,HISTORICO_PRECIOS_COMBUSTIBLES_SERIE_2000_-_2018_SEPTIEMBRE.xls :: Prom.precio anual 2008,observed,official_xls,ok,Prom.precio anual 2008,38,02 AL 08 AGO 2008,rebuilt_from_official_weekly_sequence,https://micm.gob.do/transparencia/images/pdf/transparencia/Estadisticas_Institucionales/2018/HISTORICO_PRECIOS_COMBUSTIBLES_SERIE_2000_-_2018_SEPTIEMBRE.xls
2008-08-09,2008-08-15,2008,194.60,185.20,175.80,179.60,,HISTORICO_PRECIOS_COMBUSTIBLES_SERIE_2000_-_2018_SEPTIEMBRE.xls :: Prom.precio anual 2008,observed,official_xls,ok,Prom.precio anual 2008,39,09 AL 15 AGO 2008,rebuilt_from_official_weekly_sequence,https://micm.gob.do/transparencia/images/pdf/transparencia/Estadisticas_Institucionales/2018/HISTORICO_PRECIOS_COMBUSTIBLES_SERIE_2000_-_2018_SEPTIEMBRE.xls
2008-08-16,2008-08-22,2008,194.10,184.20,170.90,175.20,,HISTORICO_PRECIOS_COMBUSTIBLES_SERIE_2000_-_2018_SEPTIEMBRE.xls :: Prom.precio anual 2008,observed,official_xls,ok,Prom.precio anual 2008,40,16 AL 22 AGO 2008,rebuilt_from_official_weekly_sequence,https://micm.gob.do/transparencia/images/pdf/transparencia/Estadisticas_Institucionales/2018/HISTORICO_PRECIOS_COMBUSTIBLES_SERIE_2000_-_2018_SEPTIEMBRE.xls
2008-08-23,2008-08-29,2008,192.80,183.10,169.50,173.80,,HISTORICO_PRECIOS_COMBUSTIBLES_SERIE_2000_-_2018_SEPTIEMBRE.xls :: Prom.precio anual 2008,observed,official_xls,ok,Prom.precio anual 2008,41,23 AGO AL 29 AGO 2008,rebuilt_from_official_weekly_sequence,https://micm.gob.do/transparencia/images/pdf/transparencia/Estadisticas_Institucionales/2018/HISTORICO_PRECIOS_COMBUSTIBLES_SERIE_2000_-_2018_SEPTIEMBRE.xls
2008-08-30,2008-09-05,2008,196.70,186.70,171.10,175.40,,HISTORICO_PRECIOS_COMBUSTIBLES_SERIE_2000_-_2018_SEPTIEMBRE.xls :: Prom.precio anual 2008,observed,official_xls,ok,Prom.precio anual 2008,42,30 AL 05 SEPT 2008,rebuilt_from_official_weekly_sequence,https://micm.gob.do/transparencia/images/pdf/transparencia/Estadisticas_Institucionales/2018/HISTORICO_PRECIOS_COMBUSTIBLES_SERIE_2000_-_2018_SEPTIEMBRE.xls
2008-09-06,2008-09-12,2008,199.80,189.90,167.30,171.60,,HISTORICO_PRECIOS_COMBUSTIBLES_SERIE_2000_-_2018_SEPTIEMBRE.xls :: Prom.precio anual 2008,observed,official_xls,ok,Prom.precio anual 2008,43,06 AL 12 SEPT 2008,rebuilt_from_official_weekly_sequence,https://micm.gob.do/transparencia/images/pdf/transparencia/Estadisticas_Institucionales/2018/HISTORICO_PRECIOS_COMBUSTIBLES_SERIE_2000_-_2018_SEPTIEMBRE.xls
2008-09-13,2008-09-19,2008,196.70,187.00,162.60,166.90,,HISTORICO_PRECIOS_COMBUSTIBLES_SERIE_2000_-_2018_SEPTIEMBRE.xls :: Prom.precio anual 2008,observed,official_xls,ok,Prom.precio anual 2008,44,13 AL 19 SEPT 2008,rebuilt_from_official_weekly_sequence,https://micm.gob.do/transparencia/images/pdf/transparencia/Estadisticas_Institucionales/2018/HISTORICO_PRECIOS_COMBUSTIBLES_SERIE_2000_-_2018_SEPTIEMBRE.xls
2008-09-20,2008-09-26,2008,191.70,182.20,155.90,160.20,,HISTORICO_PRECIOS_COMBUSTIBLES_SERIE_2000_-_2018_SEPTIEMBRE.xls :: Prom.precio anual 2008,observed,official_xls,ok,Prom.precio anual 2008,45,20 AL 26 SEPT 2008,rebuilt_from_official_weekly_sequence,https://micm.gob.do/transparencia/images/pdf/transparencia/Estadisticas_Institucionales/2018/HISTORICO_PRECIOS_COMBUSTIBLES_SERIE_2000_-_2018_SEPTIEMBRE.xls
2008-09-27,2008-10-03,2008,194.50,181.20,159.90,164.20,,HISTORICO_PRECIOS_COMBUSTIBLES_SERIE_2000_-_2018_SEPTIEMBRE.xls :: Prom.precio anual 2008,observed,official_xls,ok,Prom.precio anual 2008,46,27 SEPT AL 03 OCT 2008,rebuilt_from_official_weekly_sequence,https://micm.gob.do/transparencia/images/pdf/transparencia/Estadisticas_Institucionales/2018/HISTORICO_PRECIOS_COMBUSTIBLES_SERIE_2000_-_2018_SEPTIEMBRE.xls
2008-10-04,2008-10-10,2008,191.00,178.00,158.60,162.20,75.93,HISTORICO_PRECIOS_COMBUSTIBLES_SERIE_2000_-_2018_SEPTIEMBRE.xls :: Prom.precio anual 2008,observed,official_xls,ok,Prom.precio anual 2008,47,04 AL 10 OCT 2008,rebuilt_from_official_weekly_sequence,https://micm.gob.do/transparencia/images/pdf/transparencia/Estadisticas_Institucionales/2018/HISTORICO_PRECIOS_COMBUSTIBLES_SERIE_2000_-_2018_SEPTIEMBRE.xls
2008-10-11,2008-10-17,2008,181.00,166.00,150.40,154.00,74.63,HISTORICO_PRECIOS_COMBUSTIBLES_SERIE_2000_-_2018_SEPTIEMBRE.xls :: Prom.precio anual 2008,observed,official_xls,ok,Prom.precio anual 2008,48,11 AL 17 OCT 2008,rebuilt_from_official_weekly_sequence,https://micm.gob.do/transparencia/images/pdf/transparencia/Estadisticas_Institucionales/2018/HISTORICO_PRECIOS_COMBUSTIBLES_SERIE_2000_-_2018_SEPTIEMBRE.xls
2008-10-18,2008-10-24,2008,168.40,155.70,141.90,147.00,69.34,HISTORICO_PRECIOS_COMBUSTIBLES_SERIE_2000_-_2018_SEPTIEMBRE.xls :: Prom.precio anual 2008,observed,official_xls,ok,Prom.precio anual 2008,49,18 AL 24 OCT 2008,rebuilt_from_official_weekly_sequence,https://micm.gob.do/transparencia/images/pdf/transparencia/Estadisticas_Institucionales/2018/HISTORICO_PRECIOS_COMBUSTIBLES_SERIE_2000_-_2018_SEPTIEMBRE.xls
2008-10-25,2008-10-31,2008,155.30,141.40,135.60,140.80,64.34,HISTORICO_PRECIOS_COMBUSTIBLES_SERIE_2000_-_2018_SEPTIEMBRE.xls :: Prom.precio anual 2008,observed,official_xls,ok,Prom.precio anual 2008,50,25 OCT AL 31 OCT 2008,rebuilt_from_official_weekly_sequence,https://micm.gob.do/transparencia/images/pdf/transparencia/Estadisticas_Institucionales/2018/HISTORICO_PRECIOS_COMBUSTIBLES_SERIE_2000_-_2018_SEPTIEMBRE.xls
2008-11-01,2008-11-07,2008,147.30,134.40,123.20,128.80,63.72,HISTORICO_PRECIOS_COMBUSTIBLES_SERIE_2000_-_2018_SEPTIEMBRE.xls :: Prom.precio anual 2008,observed,official_xls,ok,Prom.precio anual 2008,51,01 AL 07 NOV 2008,rebuilt_from_official_weekly_sequence,https://micm.gob.do/transparencia/images/pdf/transparencia/Estadisticas_Institucionales/2018/HISTORICO_PRECIOS_COMBUSTIBLES_SERIE_2000_-_2018_SEPTIEMBRE.xls
2008-11-08,2008-11-14,2008,143.80,130.40,121.20,126.60,60.42,HISTORICO_PRECIOS_COMBUSTIBLES_SERIE_2000_-_2018_SEPTIEMBRE.xls :: Prom.precio anual 2008,observed,official_xls,ok,Prom.precio anual 2008,52,08 AL 14 NOV 2008,rebuilt_from_official_weekly_sequence,https://micm.gob.do/transparencia/images/pdf/transparencia/Estadisticas_Institucionales/2018/HISTORICO_PRECIOS_COMBUSTIBLES_SERIE_2000_-_2018_SEPTIEMBRE.xls
2008-11-15,2008-11-21,2008,137.80,124.40,118.70,125.20,56.62,HISTORICO_PRECIOS_COMBUSTIBLES_SERIE_2000_-_2018_SEPTIEMBRE.xls :: Prom.precio anual 2008,observed,official_xls,ok,Prom.precio anual 2008,53,15 AL 21 NOV 2008,rebuilt_from_official_weekly_sequence,https://micm.gob.do/transparencia/images/pdf/transparencia/Estadisticas_Institucionales/2018/HISTORICO_PRECIOS_COMBUSTIBLES_SERIE_2000_-_2018_SEPTIEMBRE.xls
2008-11-22,2008-11-28,2008,136.90,123.70,118.10,124.70,56.20,HISTORICO_PRECIOS_COMBUSTIBLES_SERIE_2000_-_2018_SEPTIEMBRE.xls :: Prom.precio anual 2008,observed,official_xls,ok,Prom.precio anual 2008,54,24 NOV AL 28 NOV 2008,rebuilt_from_official_weekly_sequence,https://micm.gob.do/transparencia/images/pdf/transparencia/Estadisticas_Institucionales/2018/HISTORICO_PRECIOS_COMBUSTIBLES_SERIE_2000_-_2018_SEPTIEMBRE.xls
2008-11-29,2008-12-05,2008,136.20,123.20,117.70,124.30,55.57,HISTORICO_PRECIOS_COMBUSTIBLES_SERIE_2000_-_2018_SEPTIEMBRE.xls :: Prom.precio anual 2008,observed,official_xls,ok,Prom.precio anual 2008,55,29 AL 05 DIC 2008,rebuilt_from_official_weekly_sequence,https://micm.gob.do/transparencia/images/pdf/transparencia/Estadisticas_Institucionales/2018/HISTORICO_PRECIOS_COMBUSTIBLES_SERIE_2000_-_2018_SEPTIEMBRE.xls
2008-12-06,2008-12-12,2008,126.90,115.00,111.80,117.60,53.21,HISTORICO_PRECIOS_COMBUSTIBLES_SERIE_2000_-_2018_SEPTIEMBRE.xls :: Prom.precio anual 2008,observed,official_xls,ok,Prom.precio anual 2008,56,06 AL 12 DIC 2008,rebuilt_from_official_weekly_sequence,https://micm.gob.do/transparencia/images/pdf/transparencia/Estadisticas_Institucionales/2018/HISTORICO_PRECIOS_COMBUSTIBLES_SERIE_2000_-_2018_SEPTIEMBRE.xls
2008-12-13,2008-12-19,2008,118.50,109.00,102.00,110.00,50.00,HISTORICO_PRECIOS_COMBUSTIBLES_SERIE_2000_-_2018_SEPTIEMBRE.xls :: Prom.precio anual 2008,observed,official_xls,ok,Prom.precio anual 2008,57,13 AL 29 DIC 2008,rebuilt_from_official_weekly_sequence,https://micm.gob.do/transparencia/images/pdf/transparencia/Estadisticas_Institucionales/2018/HISTORICO_PRECIOS_COMBUSTIBLES_SERIE_2000_-_2018_SEPTIEMBRE.xls
2008-12-20,2008-12-26,2008,117.80,108.00,101.00,109.00,50.00,HISTORICO_PRECIOS_COMBUSTIBLES_SERIE_2000_-_2018_SEPTIEMBRE.xls :: Prom.precio anual 2008,observed,official_xls,ok,Prom.precio anual 2008,58,20 AL 26 DIC 2008,rebuilt_from_official_weekly_sequence,https://micm.gob.do/transparencia/images/pdf/transparencia/Estadisticas_Institucionales/2018/HISTORICO_PRECIOS_COMBUSTIBLES_SERIE_2000_-_2018_SEPTIEMBRE.xls
2008-12-27,2009-01-02,2008,115.00,105.00,100.00,107.00,50.00,HISTORICO_PRECIOS_COMBUSTIBLES_SERIE_2000_-_2018_SEPTIEMBRE.xls :: Prom.precio anual 2008,observed,official_xls,ok,Prom.precio anual 2008,59,27 AL 02 DIC 2008,rebuilt_from_official_weekly_sequence,https://micm.gob.do/transparencia/images/pdf/transparencia/Estadisticas_Institucionales/2018/HISTORICO_PRECIOS_COMBUSTIBLES_SERIE_2000_-_2018_SEPTIEMBRE.xls
2009-01-03,2009-01-09,2009,115.00,105.00,100.00,107.00,50.00,HISTORICO_PRECIOS_COMBUSTIBLES_SERIE_2000_-_2018_SEPTIEMBRE.xls :: Prom.Anual precios pub. 2009,observed,official_xls,ok,Prom.Anual precios pub. 2009,8,03 DE ENERO DEL 2009 AL 09 DE ENERO DE 2009,rebuilt_from_official_weekly_sequence,https://micm.gob.do/transparencia/images/pdf/transparencia/Estadisticas_Institucionales/2018/HISTORICO_PRECIOS_COMBUSTIBLES_SERIE_2000_-_2018_SEPTIEMBRE.xls
2009-01-10,2009-01-16,2009,115.00,105.00,100.00,107.00,50.00,HISTORICO_PRECIOS_COMBUSTIBLES_SERIE_2000_-_2018_SEPTIEMBRE.xls :: Prom.Anual precios pub. 2009,observed,official_xls,ok,Prom.Anual precios pub. 2009,9,10 DE ENERO DEL 2009 AL 16 DE ENERO DE 2009,rebuilt_from_official_weekly_sequence,https://micm.gob.do/transparencia/images/pdf/transparencia/Estadisticas_Institucionales/2018/HISTORICO_PRECIOS_COMBUSTIBLES_SERIE_2000_-_2018_SEPTIEMBRE.xls
2009-01-17,2009-01-23,2009,122.30,112.30,102.10,107.10,55.87,HISTORICO_PRECIOS_COMBUSTIBLES_SERIE_2000_-_2018_SEPTIEMBRE.xls :: Prom.Anual precios pub. 2009,observed,official_xls,ok,Prom.Anual precios pub. 2009,10,17 DE ENERO DEL 2009 AL 23 DE ENERO DE 2009,rebuilt_from_official_weekly_sequence,https://micm.gob.do/transparencia/images/pdf/transparencia/Estadisticas_Institucionales/2018/HISTORICO_PRECIOS_COMBUSTIBLES_SERIE_2000_-_2018_SEPTIEMBRE.xls
2009-01-24,2009-01-30,2009,120.20,110.30,100.50,105.90,55.12,HISTORICO_PRECIOS_COMBUSTIBLES_SERIE_2000_-_2018_SEPTIEMBRE.xls :: Prom.Anual precios pub. 2009,observed,official_xls,ok,Prom.Anual precios pub. 2009,11,24 DE ENERO DEL 2009 AL 30 DE ENERO DE 2009,rebuilt_from_official_weekly_sequence,https://micm.gob.do/transparencia/images/pdf/transparencia/Estadisticas_Institucionales/2018/HISTORICO_PRECIOS_COMBUSTIBLES_SERIE_2000_-_2018_SEPTIEMBRE.xls
2009-01-31,2009-02-06,2009,122.60,112.40,100.00,105.00,58.12,HISTORICO_PRECIOS_COMBUSTIBLES_SERIE_2000_-_2018_SEPTIEMBRE.xls :: Prom.Anual precios pub. 2009,observed,official_xls,ok,Prom.Anual precios pub. 2009,12,31 DE ENERO AL 6 DE FEBRERO DE 2009,rebuilt_from_official_weekly_sequence,https://micm.gob.do/transparencia/images/pdf/transparencia/Estadisticas_Institucionales/2018/HISTORICO_PRECIOS_COMBUSTIBLES_SERIE_2000_-_2018_SEPTIEMBRE.xls
2009-02-07,2009-02-13,2009,122.60,112.40,100.00,105.00,56.65,HISTORICO_PRECIOS_COMBUSTIBLES_SERIE_2000_-_2018_SEPTIEMBRE.xls :: Prom.Anual precios pub. 2009,observed,official_xls,ok,Prom.Anual precios pub. 2009,13,7 AL 13 DE FEBRERO DE 2009,rebuilt_from_official_weekly_sequence,https://micm.gob.do/transparencia/images/pdf/transparencia/Estadisticas_Institucionales/2018/HISTORICO_PRECIOS_COMBUSTIBLES_SERIE_2000_-_2018_SEPTIEMBRE.xls
2009-02-14,2009-02-20,2009,122.60,112.40,100.00,105.00,56.65,HISTORICO_PRECIOS_COMBUSTIBLES_SERIE_2000_-_2018_SEPTIEMBRE.xls :: Prom.Anual precios pub. 2009,observed,official_xls,ok,Prom.Anual precios pub. 2009,14,14 AL 20 DE FEBRERO DE 2009,rebuilt_from_official_weekly_sequence,https://micm.gob.do/transparencia/images/pdf/transparencia/Estadisticas_Institucionales/2018/HISTORICO_PRECIOS_COMBUSTIBLES_SERIE_2000_-_2018_SEPTIEMBRE.xls
2009-02-21,2009-02-27,2009,120.20,110.20,100.00,105.00,54.65,HISTORICO_PRECIOS_COMBUSTIBLES_SERIE_2000_-_2018_SEPTIEMBRE.xls :: Prom.Anual precios pub. 2009,observed,official_xls,ok,Prom.Anual precios pub. 2009,15,21 AL 27 DE FEBRERO DE 2009,rebuilt_from_official_weekly_sequence,https://micm.gob.do/transparencia/images/pdf/transparencia/Estadisticas_Institucionales/2018/HISTORICO_PRECIOS_COMBUSTIBLES_SERIE_2000_-_2018_SEPTIEMBRE.xls
2009-02-28,2009-03-06,2009,120.20,110.20,98.00,103.00,53.65,HISTORICO_PRECIOS_COMBUSTIBLES_SERIE_2000_-_2018_SEPTIEMBRE.xls :: Prom.Anual precios pub. 2009,observed,official_xls,ok,Prom.Anual precios pub. 2009,16,28 DE FEBRERO AL 6 DE MARZO DE 2009,rebuilt_from_official_weekly_sequence,https://micm.gob.do/transparencia/images/pdf/transparencia/Estadisticas_Institucionales/2018/HISTORICO_PRECIOS_COMBUSTIBLES_SERIE_2000_-_2018_SEPTIEMBRE.xls
2009-03-07,2009-03-13,2009,123.20,112.60,97.00,102.00,52.00,HISTORICO_PRECIOS_COMBUSTIBLES_SERIE_2000_-_2018_SEPTIEMBRE.xls :: Prom.Anual precios pub. 2009,observed,official_xls,ok,Prom.Anual precios pub. 2009,17,7 AL 13 DE MARZO DE 2009,rebuilt_from_official_weekly_sequence,https://micm.gob.do/transparencia/images/pdf/transparencia/Estadisticas_Institucionales/2018/HISTORICO_PRECIOS_COMBUSTIBLES_SERIE_2000_-_2018_SEPTIEMBRE.xls
2009-03-14,2009-03-20,2009,123.20,112.60,96.00,101.00,51.06,HISTORICO_PRECIOS_COMBUSTIBLES_SERIE_2000_-_2018_SEPTIEMBRE.xls :: Prom.Anual precios pub. 2009,observed,official_xls,ok,Prom.Anual precios pub. 2009,18,14 AL 20 DE MARZO DE 2009,rebuilt_from_official_weekly_sequence,https://micm.gob.do/transparencia/images/pdf/transparencia/Estadisticas_Institucionales/2018/HISTORICO_PRECIOS_COMBUSTIBLES_SERIE_2000_-_2018_SEPTIEMBRE.xls
2009-03-21,2009-03-27,2009,123.20,112.60,96.50,102.00,51.99,HISTORICO_PRECIOS_COMBUSTIBLES_SERIE_2000_-_2018_SEPTIEMBRE.xls :: Prom.Anual precios pub. 2009,observed,official_xls,ok,Prom.Anual precios pub. 2009,19,21 AL 27 DE MARZO DE 2009,rebuilt_from_official_weekly_sequence,https://micm.gob.do/transparencia/images/pdf/transparencia/Estadisticas_Institucionales/2018/HISTORICO_PRECIOS_COMBUSTIBLES_SERIE_2000_-_2018_SEPTIEMBRE.xls
2009-03-28,2009-04-03,2009,128.10,117.80,101.00,106.50,56.33,HISTORICO_PRECIOS_COMBUSTIBLES_SERIE_2000_-_2018_SEPTIEMBRE.xls :: Prom.Anual precios pub. 2009,observed,official_xls,ok,Prom.Anual precios pub. 2009,20,28 DE MARZO AL 3 DE ABRIL  DE 2009,rebuilt_from_official_weekly_sequence,https://micm.gob.do/transparencia/images/pdf/transparencia/Estadisticas_Institucionales/2018/HISTORICO_PRECIOS_COMBUSTIBLES_SERIE_2000_-_2018_SEPTIEMBRE.xls
2009-04-04,2009-04-10,2009,128.10,117.80,100.00,105.50,54.83,HISTORICO_PRECIOS_COMBUSTIBLES_SERIE_2000_-_2018_SEPTIEMBRE.xls :: Prom.Anual precios pub. 2009,observed,official_xls,ok,Prom.Anual precios pub. 2009,21,4 AL 10 DE ABRIL  DE 2009,rebuilt_from_official_weekly_sequence,https://micm.gob.do/transparencia/images/pdf/transparencia/Estadisticas_Institucionales/2018/HISTORICO_PRECIOS_COMBUSTIBLES_SERIE_2000_-_2018_SEPTIEMBRE.xls
2009-04-11,2009-04-17,2009,128.10,117.80,101.00,106.50,54.83,HISTORICO_PRECIOS_COMBUSTIBLES_SERIE_2000_-_2018_SEPTIEMBRE.xls :: Prom.Anual precios pub. 2009,observed,official_xls,ok,Prom.Anual precios pub. 2009,22,11 AL 17 DE ABRIL  DE 2009,rebuilt_from_official_weekly_sequence,https://micm.gob.do/transparencia/images/pdf/transparencia/Estadisticas_Institucionales/2018/HISTORICO_PRECIOS_COMBUSTIBLES_SERIE_2000_-_2018_SEPTIEMBRE.xls
2009-04-18,2009-04-24,2009,128.10,117.80,101.00,106.50,54.83,HISTORICO_PRECIOS_COMBUSTIBLES_SERIE_2000_-_2018_SEPTIEMBRE.xls :: Prom.Anual precios pub. 2009,observed,official_xls,ok,Prom.Anual precios pub. 2009,23,18 AL 24 DE ABRIL  DE 2009,rebuilt_from_official_weekly_sequence,https://micm.gob.do/transparencia/images/pdf/transparencia/Estadisticas_Institucionales/2018/HISTORICO_PRECIOS_COMBUSTIBLES_SERIE_2000_-_2018_SEPTIEMBRE.xls
2009-04-25,2009-05-01,2009,128.10,117.80,100.00,105.50,53.97,HISTORICO_PRECIOS_COMBUSTIBLES_SERIE_2000_-_2018_SEPTIEMBRE.xls :: Prom.Anual precios pub. 2009,observed,official_xls,ok,Prom.Anual precios pub. 2009,24,25 DE ABRIL AL 1 DE MAYO  DE 2009,rebuilt_from_official_weekly_sequence,https://micm.gob.do/transparencia/images/pdf/transparencia/Estadisticas_Institucionales/2018/HISTORICO_PRECIOS_COMBUSTIBLES_SERIE_2000_-_2018_SEPTIEMBRE.xls
2009-05-02,2009-05-08,2009,128.10,117.80,100.00,105.50,53.97,HISTORICO_PRECIOS_COMBUSTIBLES_SERIE_2000_-_2018_SEPTIEMBRE.xls :: Prom.Anual precios pub. 2009,observed,official_xls,ok,Prom.Anual precios pub. 2009,25,2  AL 8 DE MAYO  DE 2009,rebuilt_from_official_weekly_sequence,https://micm.gob.do/transparencia/images/pdf/transparencia/Estadisticas_Institucionales/2018/HISTORICO_PRECIOS_COMBUSTIBLES_SERIE_2000_-_2018_SEPTIEMBRE.xls
2009-05-09,2009-05-15,2009,132.90,122.30,103.80,109.30,56.27,HISTORICO_PRECIOS_COMBUSTIBLES_SERIE_2000_-_2018_SEPTIEMBRE.xls :: Prom.Anual precios pub. 2009,observed,official_xls,ok,Prom.Anual precios pub. 2009,26,9  AL 15 DE MAYO  DE 2009,rebuilt_from_official_weekly_sequence,https://micm.gob.do/transparencia/images/pdf/transparencia/Estadisticas_Institucionales/2018/HISTORICO_PRECIOS_COMBUSTIBLES_SERIE_2000_-_2018_SEPTIEMBRE.xls
2009-05-16,2009-05-22,2009,136.90,126.30,105.80,111.30,58.27,HISTORICO_PRECIOS_COMBUSTIBLES_SERIE_2000_-_2018_SEPTIEMBRE.xls :: Prom.Anual precios pub. 2009,observed,official_xls,ok,Prom.Anual precios pub. 2009,27,16  AL 22 DE MAYO  DE 2009,rebuilt_from_official_weekly_sequence,https://micm.gob.do/transparencia/images/pdf/transparencia/Estadisticas_Institucionales/2018/HISTORICO_PRECIOS_COMBUSTIBLES_SERIE_2000_-_2018_SEPTIEMBRE.xls
2009-05-23,2009-05-29,2009,140.90,130.10,105.80,111.30,57.38,HISTORICO_PRECIOS_COMBUSTIBLES_SERIE_2000_-_2018_SEPTIEMBRE.xls :: Prom.Anual precios pub. 2009,observed,official_xls,ok,Prom.Anual precios pub. 2009,28,23  AL 29 DE MAYO  DE 2009,rebuilt_from_official_weekly_sequence,https://micm.gob.do/transparencia/images/pdf/transparencia/Estadisticas_Institucionales/2018/HISTORICO_PRECIOS_COMBUSTIBLES_SERIE_2000_-_2018_SEPTIEMBRE.xls
2009-05-30,2009-06-05,2009,140.90,130.10,105.80,111.30,57.38,HISTORICO_PRECIOS_COMBUSTIBLES_SERIE_2000_-_2018_SEPTIEMBRE.xls :: Prom.Anual precios pub. 2009,observed,official_xls,ok,Prom.Anual precios pub. 2009,29,30 DE MAYO AL 5 DE JUNIO  DE 2009,rebuilt_from_official_weekly_sequence,https://micm.gob.do/transparencia/images/pdf/transparencia/Estadisticas_Institucionales/2018/HISTORICO_PRECIOS_COMBUSTIBLES_SERIE_2000_-_2018_SEPTIEMBRE.xls
2009-06-06,2009-06-12,2009,149.90,139.00,111.80,117.50,60.75,HISTORICO_PRECIOS_COMBUSTIBLES_SERIE_2000_-_2018_SEPTIEMBRE.xls :: Prom.Anual precios pub. 2009,observed,official_xls,ok,Prom.Anual precios pub. 2009,30,6 AL 12 DE JUNIO  DE 2009,rebuilt_from_official_weekly_sequence,https://micm.gob.do/transparencia/images/pdf/transparencia/Estadisticas_Institucionales/2018/HISTORICO_PRECIOS_COMBUSTIBLES_SERIE_2000_-_2018_SEPTIEMBRE.xls
2009-06-13,2009-06-19,2009,157.10,146.50,116.80,121.80,62.54,HISTORICO_PRECIOS_COMBUSTIBLES_SERIE_2000_-_2018_SEPTIEMBRE.xls :: Prom.Anual precios pub. 2009,observed,official_xls,ok,Prom.Anual precios pub. 2009,31,13 AL 19 DE JUNIO  DE 2009,rebuilt_from_official_weekly_sequence,https://micm.gob.do/transparencia/images/pdf/transparencia/Estadisticas_Institucionales/2018/HISTORICO_PRECIOS_COMBUSTIBLES_SERIE_2000_-_2018_SEPTIEMBRE.xls
2009-06-20,2009-06-26,2009,160.20,149.80,116.80,121.80,62.54,HISTORICO_PRECIOS_COMBUSTIBLES_SERIE_2000_-_2018_SEPTIEMBRE.xls :: Prom.Anual precios pub. 2009,observed,official_xls,ok,Prom.Anual precios pub. 2009,32,20 AL 26 DE JUNIO  DE 2009,rebuilt_from_official_weekly_sequence,https://micm.gob.do/transparencia/images/pdf/transparencia/Estadisticas_Institucionales/2018/HISTORICO_PRECIOS_COMBUSTIBLES_SERIE_2000_-_2018_SEPTIEMBRE.xls
2009-06-27,2009-07-03,2009,153.30,143.70,115.80,120.80,61.34,HISTORICO_PRECIOS_COMBUSTIBLES_SERIE_2000_-_2018_SEPTIEMBRE.xls :: Prom.Anual precios pub. 2009,observed,official_xls,ok,Prom.Anual precios pub. 2009,33,27 DE JUNIO AL 3 DE JULIO DE 2009,rebuilt_from_official_weekly_sequence,https://micm.gob.do/transparencia/images/pdf/transparencia/Estadisticas_Institucionales/2018/HISTORICO_PRECIOS_COMBUSTIBLES_SERIE_2000_-_2018_SEPTIEMBRE.xls
2009-07-04,2009-07-10,2009,153.30,143.70,115.80,120.80,61.34,HISTORICO_PRECIOS_COMBUSTIBLES_SERIE_2000_-_2018_SEPTIEMBRE.xls :: Prom.Anual precios pub. 2009,observed,official_xls,ok,Prom.Anual precios pub. 2009,34,4 AL 10 DE JULIO DE 2009,rebuilt_from_official_weekly_sequence,https://micm.gob.do/transparencia/images/pdf/transparencia/Estadisticas_Institucionales/2018/HISTORICO_PRECIOS_COMBUSTIBLES_SERIE_2000_-_2018_SEPTIEMBRE.xls
2009-07-11,2009-07-17,2009,146.90,137.70,110.80,115.80,58.34,HISTORICO_PRECIOS_COMBUSTIBLES_SERIE_2000_-_2018_SEPTIEMBRE.xls :: Prom.Anual precios pub. 2009,observed,official_xls,ok,Prom.Anual precios pub. 2009,35,11 AL 17 DE JULIO DE 2009,rebuilt_from_official_weekly_sequence,https://micm.gob.do/transparencia/images/pdf/transparencia/Estadisticas_Institucionales/2018/HISTORICO_PRECIOS_COMBUSTIBLES_SERIE_2000_-_2018_SEPTIEMBRE.xls
2009-07-18,2009-07-24,2009,144.90,135.20,108.40,113.40,57.54,HISTORICO_PRECIOS_COMBUSTIBLES_SERIE_2000_-_2018_SEPTIEMBRE.xls :: Prom.Anual precios pub. 2009,observed,official_xls,ok,Prom.Anual precios pub. 2009,36,18 AL 24 DE JULIO DE 2009,rebuilt_from_official_weekly_sequence,https://micm.gob.do/transparencia/images/pdf/transparencia/Estadisticas_Institucionales/2018/HISTORICO_PRECIOS_COMBUSTIBLES_SERIE_2000_-_2018_SEPTIEMBRE.xls
2009-07-25,2009-07-31,2009,144.90,135.20,108.40,113.40,57.54,HISTORICO_PRECIOS_COMBUSTIBLES_SERIE_2000_-_2018_SEPTIEMBRE.xls :: Prom.Anual precios pub. 2009,observed,official_xls,ok,Prom.Anual precios pub. 2009,37,25 AL 31 DE JULIO DE 2009,rebuilt_from_official_weekly_sequence,https://micm.gob.do/transparencia/images/pdf/transparencia/Estadisticas_Institucionales/2018/HISTORICO_PRECIOS_COMBUSTIBLES_SERIE_2000_-_2018_SEPTIEMBRE.xls
2009-08-01,2009-08-07,2009,148.70,139.40,112.70,117.70,60.90,HISTORICO_PRECIOS_COMBUSTIBLES_SERIE_2000_-_2018_SEPTIEMBRE.xls :: Prom.Anual precios pub. 2009,observed,official_xls,ok,Prom.Anual precios pub. 2009,38,1 AL 7 DE AGOSTO DE 2009,rebuilt_from_official_weekly_sequence,https://micm.gob.do/transparencia/images/pdf/transparencia/Estadisticas_Institucionales/2018/HISTORICO_PRECIOS_COMBUSTIBLES_SERIE_2000_-_2018_SEPTIEMBRE.xls
2009-08-08,2009-08-14,2009,156.50,146.90,119.70,124.70,63.22,HISTORICO_PRECIOS_COMBUSTIBLES_SERIE_2000_-_2018_SEPTIEMBRE.xls :: Prom.Anual precios pub. 2009,observed,official_xls,ok,Prom.Anual precios pub. 2009,39,8 AL 14 DE AGOSTO DE 2009,rebuilt_from_official_weekly_sequence,https://micm.gob.do/transparencia/images/pdf/transparencia/Estadisticas_Institucionales/2018/HISTORICO_PRECIOS_COMBUSTIBLES_SERIE_2000_-_2018_SEPTIEMBRE.xls
2009-08-15,2009-08-21,2009,159.30,149.20,123.80,128.80,65.42,HISTORICO_PRECIOS_COMBUSTIBLES_SERIE_2000_-_2018_SEPTIEMBRE.xls :: Prom.Anual precios pub. 2009,observed,official_xls,ok,Prom.Anual precios pub. 2009,40,15 AL 21 DE AGOSTO DE 2009,rebuilt_from_official_weekly_sequence,https://micm.gob.do/transparencia/images/pdf/transparencia/Estadisticas_Institucionales/2018/HISTORICO_PRECIOS_COMBUSTIBLES_SERIE_2000_-_2018_SEPTIEMBRE.xls
2009-08-22,2009-08-28,2009,155.30,146.90,122.10,127.10,65.42,HISTORICO_PRECIOS_COMBUSTIBLES_SERIE_2000_-_2018_SEPTIEMBRE.xls :: Prom.Anual precios pub. 2009,observed,official_xls,ok,Prom.Anual precios pub. 2009,41,22 AL 28 DE AGOSTO DE 2009,rebuilt_from_official_weekly_sequence,https://micm.gob.do/transparencia/images/pdf/transparencia/Estadisticas_Institucionales/2018/HISTORICO_PRECIOS_COMBUSTIBLES_SERIE_2000_-_2018_SEPTIEMBRE.xls
2009-08-29,2009-09-04,2009,154.00,145.00,122.60,127.60,65.42,HISTORICO_PRECIOS_COMBUSTIBLES_SERIE_2000_-_2018_SEPTIEMBRE.xls :: Prom.Anual precios pub. 2009,observed,official_xls,ok,Prom.Anual precios pub. 2009,42,29 DE AGOSTO AL 4 DE SEPTIEMBRE DE 2009,rebuilt_from_official_weekly_sequence,https://micm.gob.do/transparencia/images/pdf/transparencia/Estadisticas_Institucionales/2018/HISTORICO_PRECIOS_COMBUSTIBLES_SERIE_2000_-_2018_SEPTIEMBRE.xls
2009-09-05,2009-09-11,2009,151.10,141.50,117.20,122.20,65.42,HISTORICO_PRECIOS_COMBUSTIBLES_SERIE_2000_-_2018_SEPTIEMBRE.xls :: Prom.Anual precios pub. 2009,observed,official_xls,ok,Prom.Anual precios pub. 2009,43,5 AL 11 DE SEPTIEMBRE DE 2009,rebuilt_from_official_weekly_sequence,https://micm.gob.do/transparencia/images/pdf/transparencia/Estadisticas_Institucionales/2018/HISTORICO_PRECIOS_COMBUSTIBLES_SERIE_2000_-_2018_SEPTIEMBRE.xls
2009-09-12,2009-09-18,2009,151.10,140.90,117.00,122.00,65.42,HISTORICO_PRECIOS_COMBUSTIBLES_SERIE_2000_-_2018_SEPTIEMBRE.xls :: Prom.Anual precios pub. 2009,observed,official_xls,ok,Prom.Anual precios pub. 2009,44,12 AL 18 DE SEPTIEMBRE DE 2009,rebuilt_from_official_weekly_sequence,https://micm.gob.do/transparencia/images/pdf/transparencia/Estadisticas_Institucionales/2018/HISTORICO_PRECIOS_COMBUSTIBLES_SERIE_2000_-_2018_SEPTIEMBRE.xls
2009-09-19,2009-09-25,2009,153.10,140.40,118.10,123.10,68.01,HISTORICO_PRECIOS_COMBUSTIBLES_SERIE_2000_-_2018_SEPTIEMBRE.xls :: Prom.Anual precios pub. 2009,observed,official_xls,ok,Prom.Anual precios pub. 2009,45,19 AL 25 DE SEPTIEMBRE DE 2009,rebuilt_from_official_weekly_sequence,https://micm.gob.do/transparencia/images/pdf/transparencia/Estadisticas_Institucionales/2018/HISTORICO_PRECIOS_COMBUSTIBLES_SERIE_2000_-_2018_SEPTIEMBRE.xls
2009-09-26,2009-10-02,2009,151.10,139.40,118.10,123.10,68.01,HISTORICO_PRECIOS_COMBUSTIBLES_SERIE_2000_-_2018_SEPTIEMBRE.xls :: Prom.Anual precios pub. 2009,observed,official_xls,ok,Prom.Anual precios pub. 2009,46,26 DE SEPTIEMBRE AL 2 DE OCTUBRE DE 2009,rebuilt_from_official_weekly_sequence,https://micm.gob.do/transparencia/images/pdf/transparencia/Estadisticas_Institucionales/2018/HISTORICO_PRECIOS_COMBUSTIBLES_SERIE_2000_-_2018_SEPTIEMBRE.xls
2009-10-03,2009-10-09,2009,145.90,135.50,116.70,121.70,66.86,HISTORICO_PRECIOS_COMBUSTIBLES_SERIE_2000_-_2018_SEPTIEMBRE.xls :: Prom.Anual precios pub. 2009,observed,official_xls,ok,Prom.Anual precios pub. 2009,47,3 AL 9 DE OCTUBRE DE 2009,rebuilt_from_official_weekly_sequence,https://micm.gob.do/transparencia/images/pdf/transparencia/Estadisticas_Institucionales/2018/HISTORICO_PRECIOS_COMBUSTIBLES_SERIE_2000_-_2018_SEPTIEMBRE.xls
2009-10-10,2009-10-16,2009,149.90,139.90,119.40,124.40,67.29,HISTORICO_PRECIOS_COMBUSTIBLES_SERIE_2000_-_2018_SEPTIEMBRE.xls :: Prom.Anual precios pub. 2009,observed,official_xls,ok,Prom.Anual precios pub. 2009,48,10 AL 16 DE OCTUBRE DE 2009,rebuilt_from_official_weekly_sequence,https://micm.gob.do/transparencia/images/pdf/transparencia/Estadisticas_Institucionales/2018/HISTORICO_PRECIOS_COMBUSTIBLES_SERIE_2000_-_2018_SEPTIEMBRE.xls
2009-10-17,2009-10-23,2009,152.90,142.50,121.60,126.60,67.29,HISTORICO_PRECIOS_COMBUSTIBLES_SERIE_2000_-_2018_SEPTIEMBRE.xls :: Prom.Anual precios pub. 2009,observed,official_xls,ok,Prom.Anual precios pub. 2009,49,17 AL 23 DE OCTUBRE DE 2009,rebuilt_from_official_weekly_sequence,https://micm.gob.do/transparencia/images/pdf/transparencia/Estadisticas_Institucionales/2018/HISTORICO_PRECIOS_COMBUSTIBLES_SERIE_2000_-_2018_SEPTIEMBRE.xls
2009-10-24,2009-10-30,2009,156.40,145.90,121.60,126.60,67.29,HISTORICO_PRECIOS_COMBUSTIBLES_SERIE_2000_-_2018_SEPTIEMBRE.xls :: Prom.Anual precios pub. 2009,observed,official_xls,ok,Prom.Anual precios pub. 2009,50,24 AL 30 DE OCTUBRE DE 2009,rebuilt_from_official_weekly_sequence,https://micm.gob.do/transparencia/images/pdf/transparencia/Estadisticas_Institucionales/2018/HISTORICO_PRECIOS_COMBUSTIBLES_SERIE_2000_-_2018_SEPTIEMBRE.xls
2009-10-31,2009-11-06,2009,160.80,150.60,125.40,130.40,70.77,HISTORICO_PRECIOS_COMBUSTIBLES_SERIE_2000_-_2018_SEPTIEMBRE.xls :: Prom.Anual precios pub. 2009,observed,official_xls,ok,Prom.Anual precios pub. 2009,51,31 DE OCTUBRE AL 6 DE NOVIEMBRE DE 2009,rebuilt_from_official_weekly_sequence,https://micm.gob.do/transparencia/images/pdf/transparencia/Estadisticas_Institucionales/2018/HISTORICO_PRECIOS_COMBUSTIBLES_SERIE_2000_-_2018_SEPTIEMBRE.xls
2009-11-07,2009-11-13,2009,160.80,150.60,125.40,130.40,70.77,HISTORICO_PRECIOS_COMBUSTIBLES_SERIE_2000_-_2018_SEPTIEMBRE.xls :: Prom.Anual precios pub. 2009,observed,official_xls,ok,Prom.Anual precios pub. 2009,52,7 AL 13 DE NOVIEMBRE DE 2009,rebuilt_from_official_weekly_sequence,https://micm.gob.do/transparencia/images/pdf/transparencia/Estadisticas_Institucionales/2018/HISTORICO_PRECIOS_COMBUSTIBLES_SERIE_2000_-_2018_SEPTIEMBRE.xls
2009-11-14,2009-11-20,2009,160.80,150.60,125.40,130.40,70.77,HISTORICO_PRECIOS_COMBUSTIBLES_SERIE_2000_-_2018_SEPTIEMBRE.xls :: Prom.Anual precios pub. 2009,observed,official_xls,ok,Prom.Anual precios pub. 2009,53,14 AL 20 DE NOVIEMBRE DE 2009,rebuilt_from_official_weekly_sequence,https://micm.gob.do/transparencia/images/pdf/transparencia/Estadisticas_Institucionales/2018/HISTORICO_PRECIOS_COMBUSTIBLES_SERIE_2000_-_2018_SEPTIEMBRE.xls
2009-11-21,2009-11-27,2009,160.80,150.60,127.30,132.30,72.29,HISTORICO_PRECIOS_COMBUSTIBLES_SERIE_2000_-_2018_SEPTIEMBRE.xls :: Prom.Anual precios pub. 2009,observed,official_xls,ok,Prom.Anual precios pub. 2009,54,21 AL 27 DE NOVIEMBRE DE 2009,rebuilt_from_official_weekly_sequence,https://micm.gob.do/transparencia/images/pdf/transparencia/Estadisticas_Institucionales/2018/HISTORICO_PRECIOS_COMBUSTIBLES_SERIE_2000_-_2018_SEPTIEMBRE.xls
2009-11-28,2009-12-04,2009,159.80,149.60,127.30,132.30,72.29,HISTORICO_PRECIOS_COMBUSTIBLES_SERIE_2000_-_2018_SEPTIEMBRE.xls :: Prom.Anual precios pub. 2009,observed,official_xls,ok,Prom.Anual precios pub. 2009,55,28 DE NOVIEMBRE AL 4 DE DICIEMBRE DE 2009,rebuilt_from_official_weekly_sequence,https://micm.gob.do/transparencia/images/pdf/transparencia/Estadisticas_Institucionales/2018/HISTORICO_PRECIOS_COMBUSTIBLES_SERIE_2000_-_2018_SEPTIEMBRE.xls
2009-12-05,2009-12-11,2009,158.20,148.80,128.60,133.60,75.50,HISTORICO_PRECIOS_COMBUSTIBLES_SERIE_2000_-_2018_SEPTIEMBRE.xls :: Prom.Anual precios pub. 2009,observed,official_xls,ok,Prom.Anual precios pub. 2009,56,5 AL 11 DE DICIEMBRE DE 2009,rebuilt_from_official_weekly_sequence,https://micm.gob.do/transparencia/images/pdf/transparencia/Estadisticas_Institucionales/2018/HISTORICO_PRECIOS_COMBUSTIBLES_SERIE_2000_-_2018_SEPTIEMBRE.xls
2009-12-12,2009-12-18,2009,155.00,145.60,126.50,131.50,75.50,HISTORICO_PRECIOS_COMBUSTIBLES_SERIE_2000_-_2018_SEPTIEMBRE.xls :: Prom.Anual precios pub. 2009,observed,official_xls,ok,Prom.Anual precios pub. 2009,57,12 AL 18 DE DICIEMBRE DE 2009,rebuilt_from_official_weekly_sequence,https://micm.gob.do/transparencia/images/pdf/transparencia/Estadisticas_Institucionales/2018/HISTORICO_PRECIOS_COMBUSTIBLES_SERIE_2000_-_2018_SEPTIEMBRE.xls
2009-12-19,2009-12-25,2009,151.80,142.80,124.10,129.10,75.50,HISTORICO_PRECIOS_COMBUSTIBLES_SERIE_2000_-_2018_SEPTIEMBRE.xls :: Prom.Anual precios pub. 2009,observed,official_xls,ok,Prom.Anual precios pub. 2009,58,19 AL 25 DE DICIEMBRE DE 2009,rebuilt_from_official_weekly_sequence,https://micm.gob.do/transparencia/images/pdf/transparencia/Estadisticas_Institucionales/2018/HISTORICO_PRECIOS_COMBUSTIBLES_SERIE_2000_-_2018_SEPTIEMBRE.xls
2009-12-26,2010-01-01,2009,151.80,142.80,124.10,129.10,75.50,HISTORICO_PRECIOS_COMBUSTIBLES_SERIE_2000_-_2018_SEPTIEMBRE.xls :: Prom.Anual precios pub. 2009,observed,official_xls,ok,Prom.Anual precios pub. 2009,59,26 DE DICIEMBRE AL 1 DE ENERO DE 2010,rebuilt_from_official_weekly_sequence,https://micm.gob.do/transparencia/images/pdf/transparencia/Estadisticas_Institucionales/2018/HISTORICO_PRECIOS_COMBUSTIBLES_SERIE_2000_-_2018_SEPTIEMBRE.xls
2010-01-02,2010-01-08,2010,160.00,150.70,131.70,139.70,80.00,HISTORICO_PRECIOS_COMBUSTIBLES_SERIE_2000_-_2018_SEPTIEMBRE.xls :: Prom.Anual Precs.Public.2010,observed,official_xls,ok,Prom.Anual Precs.Public.2010,7,02 AL 08 ENE 2010,rebuilt_from_official_weekly_sequence,https://micm.gob.do/transparencia/images/pdf/transparencia/Estadisticas_Institucionales/2018/HISTORICO_PRECIOS_COMBUSTIBLES_SERIE_2000_-_2018_SEPTIEMBRE.xls
2010-01-09,2010-01-15,2010,163.70,154.50,131.70,136.70,80.00,HISTORICO_PRECIOS_COMBUSTIBLES_SERIE_2000_-_2018_SEPTIEMBRE.xls :: Prom.Anual Precs.Public.2010,observed,official_xls,ok,Prom.Anual Precs.Public.2010,8,09 AL 15 ENE 2010,rebuilt_from_official_weekly_sequence,https://micm.gob.do/transparencia/images/pdf/transparencia/Estadisticas_Institucionales/2018/HISTORICO_PRECIOS_COMBUSTIBLES_SERIE_2000_-_2018_SEPTIEMBRE.xls
2010-01-16,2010-01-22,2010,163.70,154.50,131.70,136.70,80.00,HISTORICO_PRECIOS_COMBUSTIBLES_SERIE_2000_-_2018_SEPTIEMBRE.xls :: Prom.Anual Precs.Public.2010,observed,official_xls,ok,Prom.Anual Precs.Public.2010,9,16 AL 22 ENE 2010,rebuilt_from_official_weekly_sequence,https://micm.gob.do/transparencia/images/pdf/transparencia/Estadisticas_Institucionales/2018/HISTORICO_PRECIOS_COMBUSTIBLES_SERIE_2000_-_2018_SEPTIEMBRE.xls
2010-01-23,2010-01-29,2010,161.60,151.80,128.80,133.80,80.00,HISTORICO_PRECIOS_COMBUSTIBLES_SERIE_2000_-_2018_SEPTIEMBRE.xls :: Prom.Anual Precs.Public.2010,observed,official_xls,ok,Prom.Anual Precs.Public.2010,10,23 ENE AL 29 ENE 2010,rebuilt_from_official_weekly_sequence,https://micm.gob.do/transparencia/images/pdf/transparencia/Estadisticas_Institucionales/2018/HISTORICO_PRECIOS_COMBUSTIBLES_SERIE_2000_-_2018_SEPTIEMBRE.xls
2010-01-30,2010-02-05,2010,157.50,148.00,125.30,130.30,80.00,HISTORICO_PRECIOS_COMBUSTIBLES_SERIE_2000_-_2018_SEPTIEMBRE.xls :: Prom.Anual Precs.Public.2010,observed,official_xls,ok,Prom.Anual Precs.Public.2010,11,30 AL 05 FEB 2010,rebuilt_from_official_weekly_sequence,https://micm.gob.do/transparencia/images/pdf/transparencia/Estadisticas_Institucionales/2018/HISTORICO_PRECIOS_COMBUSTIBLES_SERIE_2000_-_2018_SEPTIEMBRE.xls
2010-02-06,2010-02-12,2010,157.80,148.80,127.60,132.60,80.00,HISTORICO_PRECIOS_COMBUSTIBLES_SERIE_2000_-_2018_SEPTIEMBRE.xls :: Prom.Anual Precs.Public.2010,observed,official_xls,ok,Prom.Anual Precs.Public.2010,12,06 AL 12 FEB 2010,rebuilt_from_official_weekly_sequence,https://micm.gob.do/transparencia/images/pdf/transparencia/Estadisticas_Institucionales/2018/HISTORICO_PRECIOS_COMBUSTIBLES_SERIE_2000_-_2018_SEPTIEMBRE.xls
2010-02-13,2010-02-19,2010,154.10,145.10,124.40,129.40,80.00,HISTORICO_PRECIOS_COMBUSTIBLES_SERIE_2000_-_2018_SEPTIEMBRE.xls :: Prom.Anual Precs.Public.2010,observed,official_xls,ok,Prom.Anual Precs.Public.2010,13,13 AL 19 FEB 2010,rebuilt_from_official_weekly_sequence,https://micm.gob.do/transparencia/images/pdf/transparencia/Estadisticas_Institucionales/2018/HISTORICO_PRECIOS_COMBUSTIBLES_SERIE_2000_-_2018_SEPTIEMBRE.xls
2010-02-20,2010-02-26,2010,157.10,148.30,126.70,131.70,80.00,HISTORICO_PRECIOS_COMBUSTIBLES_SERIE_2000_-_2018_SEPTIEMBRE.xls :: Prom.Anual Precs.Public.2010,observed,official_xls,ok,Prom.Anual Precs.Public.2010,14,20 FEB AL 26 FEB 2010,rebuilt_from_official_weekly_sequence,https://micm.gob.do/transparencia/images/pdf/transparencia/Estadisticas_Institucionales/2018/HISTORICO_PRECIOS_COMBUSTIBLES_SERIE_2000_-_2018_SEPTIEMBRE.xls
2010-02-27,2010-03-05,2010,160.30,151.10,128.50,133.50,80.00,HISTORICO_PRECIOS_COMBUSTIBLES_SERIE_2000_-_2018_SEPTIEMBRE.xls :: Prom.Anual Precs.Public.2010,observed,official_xls,ok,Prom.Anual Precs.Public.2010,15,27 AL 05 MARZO 2010,rebuilt_from_official_weekly_sequence,https://micm.gob.do/transparencia/images/pdf/transparencia/Estadisticas_Institucionales/2018/HISTORICO_PRECIOS_COMBUSTIBLES_SERIE_2000_-_2018_SEPTIEMBRE.xls
2010-03-06,2010-03-12,2010,160.30,151.10,128.50,133.50,80.00,HISTORICO_PRECIOS_COMBUSTIBLES_SERIE_2000_-_2018_SEPTIEMBRE.xls :: Prom.Anual Precs.Public.2010,observed,official_xls,ok,Prom.Anual Precs.Public.2010,16,06 AL 12 MAR 2010,rebuilt_from_official_weekly_sequence,https://micm.gob.do/transparencia/images/pdf/transparencia/Estadisticas_Institucionales/2018/HISTORICO_PRECIOS_COMBUSTIBLES_SERIE_2000_-_2018_SEPTIEMBRE.xls
2010-03-13,2010-03-19,2010,164.00,154.40,130.30,135.30,78.37,HISTORICO_PRECIOS_COMBUSTIBLES_SERIE_2000_-_2018_SEPTIEMBRE.xls :: Prom.Anual Precs.Public.2010,observed,official_xls,ok,Prom.Anual Precs.Public.2010,17,13 AL 19 MAR 2010,rebuilt_from_official_weekly_sequence,https://micm.gob.do/transparencia/images/pdf/transparencia/Estadisticas_Institucionales/2018/HISTORICO_PRECIOS_COMBUSTIBLES_SERIE_2000_-_2018_SEPTIEMBRE.xls
2010-03-20,2010-03-26,2010,165.90,155.90,131.30,136.30,75.96,HISTORICO_PRECIOS_COMBUSTIBLES_SERIE_2000_-_2018_SEPTIEMBRE.xls :: Prom.Anual Precs.Public.2010,observed,official_xls,ok,Prom.Anual Precs.Public.2010,18,20 MAR AL 26 MAR 2010,rebuilt_from_official_weekly_sequence,https://micm.gob.do/transparencia/images/pdf/transparencia/Estadisticas_Institucionales/2018/HISTORICO_PRECIOS_COMBUSTIBLES_SERIE_2000_-_2018_SEPTIEMBRE.xls
2010-03-27,2010-04-02,2010,165.90,155.90,131.30,136.30,75.96,HISTORICO_PRECIOS_COMBUSTIBLES_SERIE_2000_-_2018_SEPTIEMBRE.xls :: Prom.Anual Precs.Public.2010,observed,official_xls,ok,Prom.Anual Precs.Public.2010,19,27 AL 02 ABRIL 2010,rebuilt_from_official_weekly_sequence,https://micm.gob.do/transparencia/images/pdf/transparencia/Estadisticas_Institucionales/2018/HISTORICO_PRECIOS_COMBUSTIBLES_SERIE_2000_-_2018_SEPTIEMBRE.xls
2010-04-03,2010-04-09,2010,165.90,155.90,131.30,136.30,75.96,HISTORICO_PRECIOS_COMBUSTIBLES_SERIE_2000_-_2018_SEPTIEMBRE.xls :: Prom.Anual Precs.Public.2010,observed,official_xls,ok,Prom.Anual Precs.Public.2010,20,03 AL 09 ABRIL 2010,rebuilt_from_official_weekly_sequence,https://micm.gob.do/transparencia/images/pdf/transparencia/Estadisticas_Institucionales/2018/HISTORICO_PRECIOS_COMBUSTIBLES_SERIE_2000_-_2018_SEPTIEMBRE.xls
2010-04-10,2010-04-16,2010,165.90,155.90,131.30,136.30,75.96,HISTORICO_PRECIOS_COMBUSTIBLES_SERIE_2000_-_2018_SEPTIEMBRE.xls :: Prom.Anual Precs.Public.2010,observed,official_xls,ok,Prom.Anual Precs.Public.2010,21,10 AL 16 ABRIL 2010,rebuilt_from_official_weekly_sequence,https://micm.gob.do/transparencia/images/pdf/transparencia/Estadisticas_Institucionales/2018/HISTORICO_PRECIOS_COMBUSTIBLES_SERIE_2000_-_2018_SEPTIEMBRE.xls
2010-04-17,2010-04-23,2010,165.90,155.90,131.30,136.30,75.96,HISTORICO_PRECIOS_COMBUSTIBLES_SERIE_2000_-_2018_SEPTIEMBRE.xls :: Prom.Anual Precs.Public.2010,observed,official_xls,ok,Prom.Anual Precs.Public.2010,22,17 ABR AL 23 ABR 2010,rebuilt_from_official_weekly_sequence,https://micm.gob.do/transparencia/images/pdf/transparencia/Estadisticas_Institucionales/2018/HISTORICO_PRECIOS_COMBUSTIBLES_SERIE_2000_-_2018_SEPTIEMBRE.xls
2010-04-24,2010-04-30,2010,165.90,155.90,131.30,136.30,75.96,HISTORICO_PRECIOS_COMBUSTIBLES_SERIE_2000_-_2018_SEPTIEMBRE.xls :: Prom.Anual Precs.Public.2010,observed,official_xls,ok,Prom.Anual Precs.Public.2010,23,24 AL 30 ABRIL 2010,rebuilt_from_official_weekly_sequence,https://micm.gob.do/transparencia/images/pdf/transparencia/Estadisticas_Institucionales/2018/HISTORICO_PRECIOS_COMBUSTIBLES_SERIE_2000_-_2018_SEPTIEMBRE.xls
2010-05-01,2010-05-07,2010,167.80,158.30,133.20,138.20,76.88,HISTORICO_PRECIOS_COMBUSTIBLES_SERIE_2000_-_2018_SEPTIEMBRE.xls :: Prom.Anual Precs.Public.2010,observed,official_xls,ok,Prom.Anual Precs.Public.2010,24,01 AL 07 MAYO 2010,rebuilt_from_official_weekly_sequence,https://micm.gob.do/transparencia/images/pdf/transparencia/Estadisticas_Institucionales/2018/HISTORICO_PRECIOS_COMBUSTIBLES_SERIE_2000_-_2018_SEPTIEMBRE.xls
2010-05-08,2010-05-14,2010,167.80,158.30,133.20,138.20,76.88,HISTORICO_PRECIOS_COMBUSTIBLES_SERIE_2000_-_2018_SEPTIEMBRE.xls :: Prom.Anual Precs.Public.2010,observed,official_xls,ok,Prom.Anual Precs.Public.2010,25,08 AL 14 MAYO 2010,rebuilt_from_official_weekly_sequence,https://micm.gob.do/transparencia/images/pdf/transparencia/Estadisticas_Institucionales/2018/HISTORICO_PRECIOS_COMBUSTIBLES_SERIE_2000_-_2018_SEPTIEMBRE.xls
2010-05-15,2010-05-21,2010,167.80,158.30,133.20,138.20,76.88,HISTORICO_PRECIOS_COMBUSTIBLES_SERIE_2000_-_2018_SEPTIEMBRE.xls :: Prom.Anual Precs.Public.2010,observed,official_xls,ok,Prom.Anual Precs.Public.2010,26,15 MAY AL 21 MAY 2010,rebuilt_from_official_weekly_sequence,https://micm.gob.do/transparencia/images/pdf/transparencia/Estadisticas_Institucionales/2018/HISTORICO_PRECIOS_COMBUSTIBLES_SERIE_2000_-_2018_SEPTIEMBRE.xls
2010-05-22,2010-05-28,2010,164.60,154.40,130.70,135.70,75.75,HISTORICO_PRECIOS_COMBUSTIBLES_SERIE_2000_-_2018_SEPTIEMBRE.xls :: Prom.Anual Precs.Public.2010,observed,official_xls,ok,Prom.Anual Precs.Public.2010,27,22 AL 28 MAYO 2010,rebuilt_from_official_weekly_sequence,https://micm.gob.do/transparencia/images/pdf/transparencia/Estadisticas_Institucionales/2018/HISTORICO_PRECIOS_COMBUSTIBLES_SERIE_2000_-_2018_SEPTIEMBRE.xls
2010-05-29,2010-06-04,2010,161.20,150.90,128.40,133.40,74.21,HISTORICO_PRECIOS_COMBUSTIBLES_SERIE_2000_-_2018_SEPTIEMBRE.xls :: Prom.Anual Precs.Public.2010,observed,official_xls,ok,Prom.Anual Precs.Public.2010,28,29 AL 04 JUNIO 2010,rebuilt_from_official_weekly_sequence,https://micm.gob.do/transparencia/images/pdf/transparencia/Estadisticas_Institucionales/2018/HISTORICO_PRECIOS_COMBUSTIBLES_SERIE_2000_-_2018_SEPTIEMBRE.xls
2010-06-05,2010-06-11,2010,161.20,150.90,128.40,133.40,74.21,HISTORICO_PRECIOS_COMBUSTIBLES_SERIE_2000_-_2018_SEPTIEMBRE.xls :: Prom.Anual Precs.Public.2010,observed,official_xls,ok,Prom.Anual Precs.Public.2010,29,05 AL 11 JUNIO 2010,rebuilt_from_official_weekly_sequence,https://micm.gob.do/transparencia/images/pdf/transparencia/Estadisticas_Institucionales/2018/HISTORICO_PRECIOS_COMBUSTIBLES_SERIE_2000_-_2018_SEPTIEMBRE.xls
2010-06-12,2010-06-18,2010,161.20,150.90,128.40,133.40,74.21,HISTORICO_PRECIOS_COMBUSTIBLES_SERIE_2000_-_2018_SEPTIEMBRE.xls :: Prom.Anual Precs.Public.2010,observed,official_xls,ok,Prom.Anual Precs.Public.2010,30,12 AL 18 JUNIO 2010,rebuilt_from_official_weekly_sequence,https://micm.gob.do/transparencia/images/pdf/transparencia/Estadisticas_Institucionales/2018/HISTORICO_PRECIOS_COMBUSTIBLES_SERIE_2000_-_2018_SEPTIEMBRE.xls
2010-06-19,2010-06-25,2010,162.90,152.50,130.40,135.40,74.21,HISTORICO_PRECIOS_COMBUSTIBLES_SERIE_2000_-_2018_SEPTIEMBRE.xls :: Prom.Anual Precs.Public.2010,observed,official_xls,ok,Prom.Anual Precs.Public.2010,31,19 JUN AL 25 JUN 2010,rebuilt_from_official_weekly_sequence,https://micm.gob.do/transparencia/images/pdf/transparencia/Estadisticas_Institucionales/2018/HISTORICO_PRECIOS_COMBUSTIBLES_SERIE_2000_-_2018_SEPTIEMBRE.xls
2010-06-26,2010-07-02,2010,164.00,153.60,132.30,137.30,74.21,HISTORICO_PRECIOS_COMBUSTIBLES_SERIE_2000_-_2018_SEPTIEMBRE.xls :: Prom.Anual Precs.Public.2010,observed,official_xls,ok,Prom.Anual Precs.Public.2010,32,26 AL 02 JULIO 2010,rebuilt_from_official_weekly_sequence,https://micm.gob.do/transparencia/images/pdf/transparencia/Estadisticas_Institucionales/2018/HISTORICO_PRECIOS_COMBUSTIBLES_SERIE_2000_-_2018_SEPTIEMBRE.xls
2010-07-03,2010-07-09,2010,164.00,153.60,130.70,135.70,74.21,HISTORICO_PRECIOS_COMBUSTIBLES_SERIE_2000_-_2018_SEPTIEMBRE.xls :: Prom.Anual Precs.Public.2010,observed,official_xls,ok,Prom.Anual Precs.Public.2010,33,03 AL 09 JULIO 2010,rebuilt_from_official_weekly_sequence,https://micm.gob.do/transparencia/images/pdf/transparencia/Estadisticas_Institucionales/2018/HISTORICO_PRECIOS_COMBUSTIBLES_SERIE_2000_-_2018_SEPTIEMBRE.xls
2010-07-10,2010-07-16,2010,162.50,152.10,129.10,134.10,74.21,HISTORICO_PRECIOS_COMBUSTIBLES_SERIE_2000_-_2018_SEPTIEMBRE.xls :: Prom.Anual Precs.Public.2010,observed,official_xls,ok,Prom.Anual Precs.Public.2010,34,10 AL 16 JULIO 2010,rebuilt_from_official_weekly_sequence,https://micm.gob.do/transparencia/images/pdf/transparencia/Estadisticas_Institucionales/2018/HISTORICO_PRECIOS_COMBUSTIBLES_SERIE_2000_-_2018_SEPTIEMBRE.xls
2010-07-17,2010-07-23,2010,163.50,153.90,130.10,135.10,74.74,HISTORICO_PRECIOS_COMBUSTIBLES_SERIE_2000_-_2018_SEPTIEMBRE.xls :: Prom.Anual Precs.Public.2010,observed,official_xls,ok,Prom.Anual Precs.Public.2010,35,17 JUL AL 23 JUL 2010,rebuilt_from_official_weekly_sequence,https://micm.gob.do/transparencia/images/pdf/transparencia/Estadisticas_Institucionales/2018/HISTORICO_PRECIOS_COMBUSTIBLES_SERIE_2000_-_2018_SEPTIEMBRE.xls
2010-07-24,2010-07-30,2010,163.50,153.90,130.10,135.10,74.74,HISTORICO_PRECIOS_COMBUSTIBLES_SERIE_2000_-_2018_SEPTIEMBRE.xls :: Prom.Anual Precs.Public.2010,observed,official_xls,ok,Prom.Anual Precs.Public.2010,36,24 AL 30 JULIO 2010,rebuilt_from_official_weekly_sequence,https://micm.gob.do/transparencia/images/pdf/transparencia/Estadisticas_Institucionales/2018/HISTORICO_PRECIOS_COMBUSTIBLES_SERIE_2000_-_2018_SEPTIEMBRE.xls
2010-07-31,2010-08-06,2010,163.50,153.90,130.10,135.10,74.74,HISTORICO_PRECIOS_COMBUSTIBLES_SERIE_2000_-_2018_SEPTIEMBRE.xls :: Prom.Anual Precs.Public.2010,observed,official_xls,ok,Prom.Anual Precs.Public.2010,37,31 AL 06 AGO 2010,rebuilt_from_official_weekly_sequence,https://micm.gob.do/transparencia/images/pdf/transparencia/Estadisticas_Institucionales/2018/HISTORICO_PRECIOS_COMBUSTIBLES_SERIE_2000_-_2018_SEPTIEMBRE.xls
2010-08-07,2010-08-13,2010,163.50,153.90,130.10,135.10,74.74,HISTORICO_PRECIOS_COMBUSTIBLES_SERIE_2000_-_2018_SEPTIEMBRE.xls :: Prom.Anual Precs.Public.2010,observed,official_xls,ok,Prom.Anual Precs.Public.2010,38,07 AL 13 AGO 2010,rebuilt_from_official_weekly_sequence,https://micm.gob.do/transparencia/images/pdf/transparencia/Estadisticas_Institucionales/2018/HISTORICO_PRECIOS_COMBUSTIBLES_SERIE_2000_-_2018_SEPTIEMBRE.xls
2010-08-14,2010-08-20,2010,163.50,153.90,130.10,135.10,74.74,HISTORICO_PRECIOS_COMBUSTIBLES_SERIE_2000_-_2018_SEPTIEMBRE.xls :: Prom.Anual Precs.Public.2010,observed,official_xls,ok,Prom.Anual Precs.Public.2010,39,14 AGO AL 20 AGO 2010,rebuilt_from_official_weekly_sequence,https://micm.gob.do/transparencia/images/pdf/transparencia/Estadisticas_Institucionales/2018/HISTORICO_PRECIOS_COMBUSTIBLES_SERIE_2000_-_2018_SEPTIEMBRE.xls
2010-08-21,2010-08-27,2010,163.50,153.90,130.10,135.10,74.74,HISTORICO_PRECIOS_COMBUSTIBLES_SERIE_2000_-_2018_SEPTIEMBRE.xls :: Prom.Anual Precs.Public.2010,observed,official_xls,ok,Prom.Anual Precs.Public.2010,40,21 AL 27 AGOSTO 2010,rebuilt_from_official_weekly_sequence,https://micm.gob.do/transparencia/images/pdf/transparencia/Estadisticas_Institucionales/2018/HISTORICO_PRECIOS_COMBUSTIBLES_SERIE_2000_-_2018_SEPTIEMBRE.xls
2010-08-28,2010-09-03,2010,159.20,150.40,130.10,135.10,76.89,HISTORICO_PRECIOS_COMBUSTIBLES_SERIE_2000_-_2018_SEPTIEMBRE.xls :: Prom.Anual Precs.Public.2010,observed,official_xls,ok,Prom.Anual Precs.Public.2010,41,28 AL 03 SEPT 2010,rebuilt_from_official_weekly_sequence,https://micm.gob.do/transparencia/images/pdf/transparencia/Estadisticas_Institucionales/2018/HISTORICO_PRECIOS_COMBUSTIBLES_SERIE_2000_-_2018_SEPTIEMBRE.xls
2010-09-04,2010-09-10,2010,160.60,150.90,131.70,137.00,78.39,HISTORICO_PRECIOS_COMBUSTIBLES_SERIE_2000_-_2018_SEPTIEMBRE.xls :: Prom.Anual Precs.Public.2010,observed,official_xls,ok,Prom.Anual Precs.Public.2010,42,04 AL 10 SEPT 2010,rebuilt_from_official_weekly_sequence,https://micm.gob.do/transparencia/images/pdf/transparencia/Estadisticas_Institucionales/2018/HISTORICO_PRECIOS_COMBUSTIBLES_SERIE_2000_-_2018_SEPTIEMBRE.xls
2010-09-11,2010-09-17,2010,161.10,151.80,132.80,138.10,78.39,HISTORICO_PRECIOS_COMBUSTIBLES_SERIE_2000_-_2018_SEPTIEMBRE.xls :: Prom.Anual Precs.Public.2010,observed,official_xls,ok,Prom.Anual Precs.Public.2010,43,11 AL 17 SEPT 2010,rebuilt_from_official_weekly_sequence,https://micm.gob.do/transparencia/images/pdf/transparencia/Estadisticas_Institucionales/2018/HISTORICO_PRECIOS_COMBUSTIBLES_SERIE_2000_-_2018_SEPTIEMBRE.xls
2010-09-18,2010-09-24,2010,163.20,154.60,134.00,139.30,79.89,HISTORICO_PRECIOS_COMBUSTIBLES_SERIE_2000_-_2018_SEPTIEMBRE.xls :: Prom.Anual Precs.Public.2010,observed,official_xls,ok,Prom.Anual Precs.Public.2010,44,18 AL 24 SEPT 2010,rebuilt_from_official_weekly_sequence,https://micm.gob.do/transparencia/images/pdf/transparencia/Estadisticas_Institucionales/2018/HISTORICO_PRECIOS_COMBUSTIBLES_SERIE_2000_-_2018_SEPTIEMBRE.xls
2010-09-25,2010-10-01,2010,163.20,154.60,135.00,140.30,79.89,HISTORICO_PRECIOS_COMBUSTIBLES_SERIE_2000_-_2018_SEPTIEMBRE.xls :: Prom.Anual Precs.Public.2010,observed,official_xls,ok,Prom.Anual Precs.Public.2010,45,25 AL 01 OCT 2010,rebuilt_from_official_weekly_sequence,https://micm.gob.do/transparencia/images/pdf/transparencia/Estadisticas_Institucionales/2018/HISTORICO_PRECIOS_COMBUSTIBLES_SERIE_2000_-_2018_SEPTIEMBRE.xls
2010-10-02,2010-10-08,2010,163.20,154.60,136.60,141.90,79.89,HISTORICO_PRECIOS_COMBUSTIBLES_SERIE_2000_-_2018_SEPTIEMBRE.xls :: Prom.Anual Precs.Public.2010,observed,official_xls,ok,Prom.Anual Precs.Public.2010,46,02 AL 08 OCT 2010,rebuilt_from_official_weekly_sequence,https://micm.gob.do/transparencia/images/pdf/transparencia/Estadisticas_Institucionales/2018/HISTORICO_PRECIOS_COMBUSTIBLES_SERIE_2000_-_2018_SEPTIEMBRE.xls
2010-10-09,2010-10-15,2010,165.80,156.20,138.60,143.90,82.79,HISTORICO_PRECIOS_COMBUSTIBLES_SERIE_2000_-_2018_SEPTIEMBRE.xls :: Prom.Anual Precs.Public.2010,observed,official_xls,ok,Prom.Anual Precs.Public.2010,47,09 AL 15 OCT 2010,rebuilt_from_official_weekly_sequence,https://micm.gob.do/transparencia/images/pdf/transparencia/Estadisticas_Institucionales/2018/HISTORICO_PRECIOS_COMBUSTIBLES_SERIE_2000_-_2018_SEPTIEMBRE.xls
2010-10-16,2010-10-22,2010,168.30,158.00,140.41,145.70,82.79,HISTORICO_PRECIOS_COMBUSTIBLES_SERIE_2000_-_2018_SEPTIEMBRE.xls :: Prom.Anual Precs.Public.2010,observed,official_xls,ok,Prom.Anual Precs.Public.2010,48,16 OCT AL 22 OCT 2010,rebuilt_from_official_weekly_sequence,https://micm.gob.do/transparencia/images/pdf/transparencia/Estadisticas_Institucionales/2018/HISTORICO_PRECIOS_COMBUSTIBLES_SERIE_2000_-_2018_SEPTIEMBRE.xls
2010-10-23,2010-10-29,2010,168.30,158.00,140.41,145.70,82.79,HISTORICO_PRECIOS_COMBUSTIBLES_SERIE_2000_-_2018_SEPTIEMBRE.xls :: Prom.Anual Precs.Public.2010,observed,official_xls,ok,Prom.Anual Precs.Public.2010,49,23 AL 29 NOV 2010,rebuilt_from_official_weekly_sequence,https://micm.gob.do/transparencia/images/pdf/transparencia/Estadisticas_Institucionales/2018/HISTORICO_PRECIOS_COMBUSTIBLES_SERIE_2000_-_2018_SEPTIEMBRE.xls
2010-10-30,2010-11-05,2010,168.30,158.00,140.41,145.70,82.79,HISTORICO_PRECIOS_COMBUSTIBLES_SERIE_2000_-_2018_SEPTIEMBRE.xls :: Prom.Anual Precs.Public.2010,observed,official_xls,ok,Prom.Anual Precs.Public.2010,50,30 AL 05 NOV 2010,rebuilt_from_official_weekly_sequence,https://micm.gob.do/transparencia/images/pdf/transparencia/Estadisticas_Institucionales/2018/HISTORICO_PRECIOS_COMBUSTIBLES_SERIE_2000_-_2018_SEPTIEMBRE.xls
2010-11-06,2010-11-12,2010,168.30,158.00,141.90,147.90,85.79,HISTORICO_PRECIOS_COMBUSTIBLES_SERIE_2000_-_2018_SEPTIEMBRE.xls :: Prom.Anual Precs.Public.2010,observed,official_xls,ok,Prom.Anual Precs.Public.2010,51,06 AL 12 NOV 2010,rebuilt_from_official_weekly_sequence,https://micm.gob.do/transparencia/images/pdf/transparencia/Estadisticas_Institucionales/2018/HISTORICO_PRECIOS_COMBUSTIBLES_SERIE_2000_-_2018_SEPTIEMBRE.xls
2010-11-13,2010-11-19,2010,170.80,160.50,143.90,149.90,87.79,HISTORICO_PRECIOS_COMBUSTIBLES_SERIE_2000_-_2018_SEPTIEMBRE.xls :: Prom.Anual Precs.Public.2010,observed,official_xls,ok,Prom.Anual Precs.Public.2010,52,13 NOV AL 19 NOV 2010,rebuilt_from_official_weekly_sequence,https://micm.gob.do/transparencia/images/pdf/transparencia/Estadisticas_Institucionales/2018/HISTORICO_PRECIOS_COMBUSTIBLES_SERIE_2000_-_2018_SEPTIEMBRE.xls
2010-11-20,2010-11-26,2010,170.80,160.50,143.90,149.90,87.79,HISTORICO_PRECIOS_COMBUSTIBLES_SERIE_2000_-_2018_SEPTIEMBRE.xls :: Prom.Anual Precs.Public.2010,observed,official_xls,ok,Prom.Anual Precs.Public.2010,53,20 AL 26 NOV 2010,rebuilt_from_official_weekly_sequence,https://micm.gob.do/transparencia/images/pdf/transparencia/Estadisticas_Institucionales/2018/HISTORICO_PRECIOS_COMBUSTIBLES_SERIE_2000_-_2018_SEPTIEMBRE.xls
2010-11-27,2010-12-03,2010,170.80,160.50,143.90,149.90,87.79,HISTORICO_PRECIOS_COMBUSTIBLES_SERIE_2000_-_2018_SEPTIEMBRE.xls :: Prom.Anual Precs.Public.2010,observed,official_xls,ok,Prom.Anual Precs.Public.2010,54,27 NOV  AL 13 DIC 2010,rebuilt_from_official_weekly_sequence,https://micm.gob.do/transparencia/images/pdf/transparencia/Estadisticas_Institucionales/2018/HISTORICO_PRECIOS_COMBUSTIBLES_SERIE_2000_-_2018_SEPTIEMBRE.xls
2010-12-04,2010-12-10,2010,170.80,160.50,143.90,149.90,87.79,HISTORICO_PRECIOS_COMBUSTIBLES_SERIE_2000_-_2018_SEPTIEMBRE.xls :: Prom.Anual Precs.Public.2010,observed,official_xls,ok,Prom.Anual Precs.Public.2010,55,04 AL 10 DIC 2010,rebuilt_from_official_weekly_sequence,https://micm.gob.do/transparencia/images/pdf/transparencia/Estadisticas_Institucionales/2018/HISTORICO_PRECIOS_COMBUSTIBLES_SERIE_2000_-_2018_SEPTIEMBRE.xls
2010-12-11,2010-12-17,2010,170.80,160.50,143.90,149.90,87.79,HISTORICO_PRECIOS_COMBUSTIBLES_SERIE_2000_-_2018_SEPTIEMBRE.xls :: Prom.Anual Precs.Public.2010,observed,official_xls,ok,Prom.Anual Precs.Public.2010,56,11 AL 17 DIC 2010,rebuilt_from_official_weekly_sequence,https://micm.gob.do/transparencia/images/pdf/transparencia/Estadisticas_Institucionales/2018/HISTORICO_PRECIOS_COMBUSTIBLES_SERIE_2000_-_2018_SEPTIEMBRE.xls
2010-12-18,2010-12-24,2010,170.80,160.50,143.90,149.90,87.79,HISTORICO_PRECIOS_COMBUSTIBLES_SERIE_2000_-_2018_SEPTIEMBRE.xls :: Prom.Anual Precs.Public.2010,observed,official_xls,ok,Prom.Anual Precs.Public.2010,57,18 AL 24 DIC 2010,rebuilt_from_official_weekly_sequence,https://micm.gob.do/transparencia/images/pdf/transparencia/Estadisticas_Institucionales/2018/HISTORICO_PRECIOS_COMBUSTIBLES_SERIE_2000_-_2018_SEPTIEMBRE.xls
2010-12-25,2010-12-31,2010,170.80,160.50,143.90,149.90,87.79,HISTORICO_PRECIOS_COMBUSTIBLES_SERIE_2000_-_2018_SEPTIEMBRE.xls :: Prom.Anual Precs.Public.2010,observed,official_xls,ok,Prom.Anual Precs.Public.2010,58,25 AL 31 DIC 2010,rebuilt_from_official_weekly_sequence,https://micm.gob.do/transparencia/images/pdf/transparencia/Estadisticas_Institucionales/2018/HISTORICO_PRECIOS_COMBUSTIBLES_SERIE_2000_-_2018_SEPTIEMBRE.xls
2011-01-01,2011-01-07,2011,172.60,161.90,145.30,151.60,89.00,HISTORICO_PRECIOS_COMBUSTIBLES_SERIE_2000_-_2018_SEPTIEMBRE.xls :: Prom. Anual Publico 2011,observed,official_xls,ok,Prom. Anual Publico 2011,7,08 AL 14 ENE 2011,rebuilt_from_official_weekly_sequence,https://micm.gob.do/transparencia/images/pdf/transparencia/Estadisticas_Institucionales/2018/HISTORICO_PRECIOS_COMBUSTIBLES_SERIE_2000_-_2018_SEPTIEMBRE.xls
2011-01-08,2011-01-14,2011,176.80,167.10,150.00,155.80,91.00,HISTORICO_PRECIOS_COMBUSTIBLES_SERIE_2000_-_2018_SEPTIEMBRE.xls :: Prom. Anual Publico 2011,observed,official_xls,ok,Prom. Anual Publico 2011,8,08 AL 14 ENE 2011,rebuilt_from_official_weekly_sequence,https://micm.gob.do/transparencia/images/pdf/transparencia/Estadisticas_Institucionales/2018/HISTORICO_PRECIOS_COMBUSTIBLES_SERIE_2000_-_2018_SEPTIEMBRE.xls
2011-01-15,2011-01-21,2011,180.10,170.30,154.00,159.60,92.52,HISTORICO_PRECIOS_COMBUSTIBLES_SERIE_2000_-_2018_SEPTIEMBRE.xls :: Prom. Anual Publico 2011,observed,official_xls,ok,Prom. Anual Publico 2011,9,15 AL 21 ENE 2011,rebuilt_from_official_weekly_sequence,https://micm.gob.do/transparencia/images/pdf/transparencia/Estadisticas_Institucionales/2018/HISTORICO_PRECIOS_COMBUSTIBLES_SERIE_2000_-_2018_SEPTIEMBRE.xls
2011-01-22,2011-01-28,2011,182.90,172.80,157.00,162.80,93.80,HISTORICO_PRECIOS_COMBUSTIBLES_SERIE_2000_-_2018_SEPTIEMBRE.xls :: Prom. Anual Publico 2011,observed,official_xls,ok,Prom. Anual Publico 2011,10,22 AL 28 ENE 2011,rebuilt_from_official_weekly_sequence,https://micm.gob.do/transparencia/images/pdf/transparencia/Estadisticas_Institucionales/2018/HISTORICO_PRECIOS_COMBUSTIBLES_SERIE_2000_-_2018_SEPTIEMBRE.xls
2011-01-29,2011-02-04,2011,182.90,172.80,157.00,162.60,93.80,HISTORICO_PRECIOS_COMBUSTIBLES_SERIE_2000_-_2018_SEPTIEMBRE.xls :: Prom. Anual Publico 2011,observed,official_xls,ok,Prom. Anual Publico 2011,11,29 ENE AL 04 FEB 2011,rebuilt_from_official_weekly_sequence,https://micm.gob.do/transparencia/images/pdf/transparencia/Estadisticas_Institucionales/2018/HISTORICO_PRECIOS_COMBUSTIBLES_SERIE_2000_-_2018_SEPTIEMBRE.xls
2011-02-05,2011-02-11,2011,182.90,172.80,157.00,162.60,93.80,HISTORICO_PRECIOS_COMBUSTIBLES_SERIE_2000_-_2018_SEPTIEMBRE.xls :: Prom. Anual Publico 2011,observed,official_xls,ok,Prom. Anual Publico 2011,12,05 AL 11 FEB 2011,rebuilt_from_official_weekly_sequence,https://micm.gob.do/transparencia/images/pdf/transparencia/Estadisticas_Institucionales/2018/HISTORICO_PRECIOS_COMBUSTIBLES_SERIE_2000_-_2018_SEPTIEMBRE.xls
2011-02-12,2011-02-18,2011,185.70,175.30,160.50,166.30,93.80,HISTORICO_PRECIOS_COMBUSTIBLES_SERIE_2000_-_2018_SEPTIEMBRE.xls :: Prom. Anual Publico 2011,observed,official_xls,ok,Prom. Anual Publico 2011,13,12 AL 18 FEB 2011,rebuilt_from_official_weekly_sequence,https://micm.gob.do/transparencia/images/pdf/transparencia/Estadisticas_Institucionales/2018/HISTORICO_PRECIOS_COMBUSTIBLES_SERIE_2000_-_2018_SEPTIEMBRE.xls
2011-02-19,2011-02-25,2011,187.50,177.50,163.20,169.00,93.80,HISTORICO_PRECIOS_COMBUSTIBLES_SERIE_2000_-_2018_SEPTIEMBRE.xls :: Prom. Anual Publico 2011,observed,official_xls,ok,Prom. Anual Publico 2011,14,19 AL 25 FEB 2011,rebuilt_from_official_weekly_sequence,https://micm.gob.do/transparencia/images/pdf/transparencia/Estadisticas_Institucionales/2018/HISTORICO_PRECIOS_COMBUSTIBLES_SERIE_2000_-_2018_SEPTIEMBRE.xls
2011-02-26,2011-03-04,2011,191.00,180.80,166.30,171.80,95.22,HISTORICO_PRECIOS_COMBUSTIBLES_SERIE_2000_-_2018_SEPTIEMBRE.xls :: Prom. Anual Publico 2011,observed,official_xls,ok,Prom. Anual Publico 2011,15,26 FEB AL 04 MARZ0 2011,rebuilt_from_official_weekly_sequence,https://micm.gob.do/transparencia/images/pdf/transparencia/Estadisticas_Institucionales/2018/HISTORICO_PRECIOS_COMBUSTIBLES_SERIE_2000_-_2018_SEPTIEMBRE.xls
2011-03-05,2011-03-11,2011,195.40,185.20,170.50,175.90,96.76,HISTORICO_PRECIOS_COMBUSTIBLES_SERIE_2000_-_2018_SEPTIEMBRE.xls :: Prom. Anual Publico 2011,observed,official_xls,ok,Prom. Anual Publico 2011,16,05 AL 11 MARZO 2011,rebuilt_from_official_weekly_sequence,https://micm.gob.do/transparencia/images/pdf/transparencia/Estadisticas_Institucionales/2018/HISTORICO_PRECIOS_COMBUSTIBLES_SERIE_2000_-_2018_SEPTIEMBRE.xls
2011-03-12,2011-03-18,2011,200.10,189.80,174.30,179.60,96.76,HISTORICO_PRECIOS_COMBUSTIBLES_SERIE_2000_-_2018_SEPTIEMBRE.xls :: Prom. Anual Publico 2011,observed,official_xls,ok,Prom. Anual Publico 2011,17,12 AL 18 MAR 2011,rebuilt_from_official_weekly_sequence,https://micm.gob.do/transparencia/images/pdf/transparencia/Estadisticas_Institucionales/2018/HISTORICO_PRECIOS_COMBUSTIBLES_SERIE_2000_-_2018_SEPTIEMBRE.xls
2011-03-19,2011-03-25,2011,200.10,189.80,174.30,179.60,96.76,HISTORICO_PRECIOS_COMBUSTIBLES_SERIE_2000_-_2018_SEPTIEMBRE.xls :: Prom. Anual Publico 2011,observed,official_xls,ok,Prom. Anual Publico 2011,18,19 AL 25 MAR 2011,rebuilt_from_official_weekly_sequence,https://micm.gob.do/transparencia/images/pdf/transparencia/Estadisticas_Institucionales/2018/HISTORICO_PRECIOS_COMBUSTIBLES_SERIE_2000_-_2018_SEPTIEMBRE.xls
2011-03-26,2011-04-01,2011,204.70,193.60,178.00,183.30,98.91,HISTORICO_PRECIOS_COMBUSTIBLES_SERIE_2000_-_2018_SEPTIEMBRE.xls :: Prom. Anual Publico 2011,observed,official_xls,ok,Prom. Anual Publico 2011,19,26 MAR AL 01 ABRIL 2011,rebuilt_from_official_weekly_sequence,https://micm.gob.do/transparencia/images/pdf/transparencia/Estadisticas_Institucionales/2018/HISTORICO_PRECIOS_COMBUSTIBLES_SERIE_2000_-_2018_SEPTIEMBRE.xls
2011-04-02,2011-04-08,2011,208.70,197.10,181.00,185.30,98.91,HISTORICO_PRECIOS_COMBUSTIBLES_SERIE_2000_-_2018_SEPTIEMBRE.xls :: Prom. Anual Publico 2011,observed,official_xls,ok,Prom. Anual Publico 2011,20,02 AL 08 ABRIL 2011,rebuilt_from_official_weekly_sequence,https://micm.gob.do/transparencia/images/pdf/transparencia/Estadisticas_Institucionales/2018/HISTORICO_PRECIOS_COMBUSTIBLES_SERIE_2000_-_2018_SEPTIEMBRE.xls
2011-04-09,2011-04-15,2011,214.20,201.90,184.90,189.80,99.50,HISTORICO_PRECIOS_COMBUSTIBLES_SERIE_2000_-_2018_SEPTIEMBRE.xls :: Prom. Anual Publico 2011,observed,official_xls,ok,Prom. Anual Publico 2011,21,09 AL 15 ABRIL 2011,rebuilt_from_official_weekly_sequence,https://micm.gob.do/transparencia/images/pdf/transparencia/Estadisticas_Institucionales/2018/HISTORICO_PRECIOS_COMBUSTIBLES_SERIE_2000_-_2018_SEPTIEMBRE.xls
2011-04-16,2011-04-22,2011,217.90,205.40,187.90,192.80,99.50,HISTORICO_PRECIOS_COMBUSTIBLES_SERIE_2000_-_2018_SEPTIEMBRE.xls :: Prom. Anual Publico 2011,observed,official_xls,ok,Prom. Anual Publico 2011,22,16 AL 22 ABRIL 2011,rebuilt_from_official_weekly_sequence,https://micm.gob.do/transparencia/images/pdf/transparencia/Estadisticas_Institucionales/2018/HISTORICO_PRECIOS_COMBUSTIBLES_SERIE_2000_-_2018_SEPTIEMBRE.xls
2011-04-23,2011-04-29,2011,217.90,205.40,187.90,192.80,99.50,HISTORICO_PRECIOS_COMBUSTIBLES_SERIE_2000_-_2018_SEPTIEMBRE.xls :: Prom. Anual Publico 2011,observed,official_xls,ok,Prom. Anual Publico 2011,23,23 ABR AL 29 ABR 2011,rebuilt_from_official_weekly_sequence,https://micm.gob.do/transparencia/images/pdf/transparencia/Estadisticas_Institucionales/2018/HISTORICO_PRECIOS_COMBUSTIBLES_SERIE_2000_-_2018_SEPTIEMBRE.xls
2011-04-30,2011-05-06,2011,222.80,210.20,190.40,196.00,100.94,HISTORICO_PRECIOS_COMBUSTIBLES_SERIE_2000_-_2018_SEPTIEMBRE.xls :: Prom. Anual Publico 2011,observed,official_xls,ok,Prom. Anual Publico 2011,24,30 ABRIL AL 06 MAYO 2011,rebuilt_from_official_weekly_sequence,https://micm.gob.do/transparencia/images/pdf/transparencia/Estadisticas_Institucionales/2018/HISTORICO_PRECIOS_COMBUSTIBLES_SERIE_2000_-_2018_SEPTIEMBRE.xls
2011-05-07,2011-05-13,2011,222.80,210.20,190.40,196.00,100.94,HISTORICO_PRECIOS_COMBUSTIBLES_SERIE_2000_-_2018_SEPTIEMBRE.xls :: Prom. Anual Publico 2011,observed,official_xls,ok,Prom. Anual Publico 2011,25,07 AL 13 MAYO 2011,rebuilt_from_official_weekly_sequence,https://micm.gob.do/transparencia/images/pdf/transparencia/Estadisticas_Institucionales/2018/HISTORICO_PRECIOS_COMBUSTIBLES_SERIE_2000_-_2018_SEPTIEMBRE.xls
2011-05-14,2011-05-20,2011,221.70,209.00,189.30,194.90,99.85,HISTORICO_PRECIOS_COMBUSTIBLES_SERIE_2000_-_2018_SEPTIEMBRE.xls :: Prom. Anual Publico 2011,observed,official_xls,ok,Prom. Anual Publico 2011,26,14 AL 20 MAYO 2011,rebuilt_from_official_weekly_sequence,https://micm.gob.do/transparencia/images/pdf/transparencia/Estadisticas_Institucionales/2018/HISTORICO_PRECIOS_COMBUSTIBLES_SERIE_2000_-_2018_SEPTIEMBRE.xls
2011-05-21,2011-05-27,2011,220.10,206.90,186.60,192.30,99.85,HISTORICO_PRECIOS_COMBUSTIBLES_SERIE_2000_-_2018_SEPTIEMBRE.xls :: Prom. Anual Publico 2011,observed,official_xls,ok,Prom. Anual Publico 2011,27,21 AL 27 MAYO 2011,rebuilt_from_official_weekly_sequence,https://micm.gob.do/transparencia/images/pdf/transparencia/Estadisticas_Institucionales/2018/HISTORICO_PRECIOS_COMBUSTIBLES_SERIE_2000_-_2018_SEPTIEMBRE.xls
2011-05-28,2011-06-03,2011,220.10,206.90,186.60,192.30,99.85,HISTORICO_PRECIOS_COMBUSTIBLES_SERIE_2000_-_2018_SEPTIEMBRE.xls :: Prom. Anual Publico 2011,observed,official_xls,ok,Prom. Anual Publico 2011,28,28 MAY AL 03 JUN 2011,rebuilt_from_official_weekly_sequence,https://micm.gob.do/transparencia/images/pdf/transparencia/Estadisticas_Institucionales/2018/HISTORICO_PRECIOS_COMBUSTIBLES_SERIE_2000_-_2018_SEPTIEMBRE.xls
2011-06-04,2011-06-10,2011,223.10,210.30,189.40,195.27,101.85,HISTORICO_PRECIOS_COMBUSTIBLES_SERIE_2000_-_2018_SEPTIEMBRE.xls :: Prom. Anual Publico 2011,observed,official_xls,ok,Prom. Anual Publico 2011,29,04 AL 10 JUNIO 2011,rebuilt_from_official_weekly_sequence,https://micm.gob.do/transparencia/images/pdf/transparencia/Estadisticas_Institucionales/2018/HISTORICO_PRECIOS_COMBUSTIBLES_SERIE_2000_-_2018_SEPTIEMBRE.xls
2011-06-11,2011-06-17,2011,226.10,212.70,192.20,198.10,103.85,HISTORICO_PRECIOS_COMBUSTIBLES_SERIE_2000_-_2018_SEPTIEMBRE.xls :: Prom. Anual Publico 2011,observed,official_xls,ok,Prom. Anual Publico 2011,30,11 AL 17 JUN 2011,rebuilt_from_official_weekly_sequence,https://micm.gob.do/transparencia/images/pdf/transparencia/Estadisticas_Institucionales/2018/HISTORICO_PRECIOS_COMBUSTIBLES_SERIE_2000_-_2018_SEPTIEMBRE.xls
2011-06-18,2011-06-24,2011,227.10,213.70,193.80,199.80,104.85,HISTORICO_PRECIOS_COMBUSTIBLES_SERIE_2000_-_2018_SEPTIEMBRE.xls :: Prom. Anual Publico 2011,observed,official_xls,ok,Prom. Anual Publico 2011,31,18 JUN AL 24 JUNIO 2011,rebuilt_from_official_weekly_sequence,https://micm.gob.do/transparencia/images/pdf/transparencia/Estadisticas_Institucionales/2018/HISTORICO_PRECIOS_COMBUSTIBLES_SERIE_2000_-_2018_SEPTIEMBRE.xls
2011-06-25,2011-07-01,2011,225.10,211.20,190.80,196.60,103.35,HISTORICO_PRECIOS_COMBUSTIBLES_SERIE_2000_-_2018_SEPTIEMBRE.xls :: Prom. Anual Publico 2011,observed,official_xls,ok,Prom. Anual Publico 2011,32,25 JUN AL 01 JULIO 2011,rebuilt_from_official_weekly_sequence,https://micm.gob.do/transparencia/images/pdf/transparencia/Estadisticas_Institucionales/2018/HISTORICO_PRECIOS_COMBUSTIBLES_SERIE_2000_-_2018_SEPTIEMBRE.xls
2011-07-02,2011-07-08,2011,225.10,210.20,188.80,194.50,104.10,HISTORICO_PRECIOS_COMBUSTIBLES_SERIE_2000_-_2018_SEPTIEMBRE.xls :: Prom. Anual Publico 2011,observed,official_xls,ok,Prom. Anual Publico 2011,33,02 AL 08 JULIO 2011,rebuilt_from_official_weekly_sequence,https://micm.gob.do/transparencia/images/pdf/transparencia/Estadisticas_Institucionales/2018/HISTORICO_PRECIOS_COMBUSTIBLES_SERIE_2000_-_2018_SEPTIEMBRE.xls
2011-07-09,2011-07-15,2011,225.10,210.20,188.80,194.60,104.10,HISTORICO_PRECIOS_COMBUSTIBLES_SERIE_2000_-_2018_SEPTIEMBRE.xls :: Prom. Anual Publico 2011,observed,official_xls,ok,Prom. Anual Publico 2011,34,09  AL 15 JUL 2011,rebuilt_from_official_weekly_sequence,https://micm.gob.do/transparencia/images/pdf/transparencia/Estadisticas_Institucionales/2018/HISTORICO_PRECIOS_COMBUSTIBLES_SERIE_2000_-_2018_SEPTIEMBRE.xls
2011-07-16,2011-07-22,2011,229.90,214.40,193.30,199.50,106.86,HISTORICO_PRECIOS_COMBUSTIBLES_SERIE_2000_-_2018_SEPTIEMBRE.xls :: Prom. Anual Publico 2011,observed,official_xls,ok,Prom. Anual Publico 2011,35,16 AL 22 JULIO 2011,rebuilt_from_official_weekly_sequence,https://micm.gob.do/transparencia/images/pdf/transparencia/Estadisticas_Institucionales/2018/HISTORICO_PRECIOS_COMBUSTIBLES_SERIE_2000_-_2018_SEPTIEMBRE.xls
2011-07-23,2011-07-29,2011,234.50,218.40,195.80,202.20,107.56,HISTORICO_PRECIOS_COMBUSTIBLES_SERIE_2000_-_2018_SEPTIEMBRE.xls :: Prom. Anual Publico 2011,observed,official_xls,ok,Prom. Anual Publico 2011,36,23 AL 29 JULIO 2011,rebuilt_from_official_weekly_sequence,https://micm.gob.do/transparencia/images/pdf/transparencia/Estadisticas_Institucionales/2018/HISTORICO_PRECIOS_COMBUSTIBLES_SERIE_2000_-_2018_SEPTIEMBRE.xls
2011-07-30,2011-08-05,2011,237.00,220.70,197.10,203.50,108.06,HISTORICO_PRECIOS_COMBUSTIBLES_SERIE_2000_-_2018_SEPTIEMBRE.xls :: Prom. Anual Publico 2011,observed,official_xls,ok,Prom. Anual Publico 2011,37,30 JUL  AL 05 AGO 2011,rebuilt_from_official_weekly_sequence,https://micm.gob.do/transparencia/images/pdf/transparencia/Estadisticas_Institucionales/2018/HISTORICO_PRECIOS_COMBUSTIBLES_SERIE_2000_-_2018_SEPTIEMBRE.xls
2011-08-06,2011-08-12,2011,237.00,220.70,197.10,203.50,108.06,HISTORICO_PRECIOS_COMBUSTIBLES_SERIE_2000_-_2018_SEPTIEMBRE.xls :: Prom. Anual Publico 2011,observed,official_xls,ok,Prom. Anual Publico 2011,38,06  AL 12 AGO 2011,rebuilt_from_official_weekly_sequence,https://micm.gob.do/transparencia/images/pdf/transparencia/Estadisticas_Institucionales/2018/HISTORICO_PRECIOS_COMBUSTIBLES_SERIE_2000_-_2018_SEPTIEMBRE.xls
2011-08-13,2011-08-19,2011,227.20,210.30,186.20,192.70,104.20,HISTORICO_PRECIOS_COMBUSTIBLES_SERIE_2000_-_2018_SEPTIEMBRE.xls :: Prom. Anual Publico 2011,observed,official_xls,ok,Prom. Anual Publico 2011,39,13 AL 19 AGOSTO 2011,rebuilt_from_official_weekly_sequence,https://micm.gob.do/transparencia/images/pdf/transparencia/Estadisticas_Institucionales/2018/HISTORICO_PRECIOS_COMBUSTIBLES_SERIE_2000_-_2018_SEPTIEMBRE.xls
2011-08-20,2011-08-26,2011,230.40,213.00,187.40,193.90,105.70,HISTORICO_PRECIOS_COMBUSTIBLES_SERIE_2000_-_2018_SEPTIEMBRE.xls :: Prom. Anual Publico 2011,observed,official_xls,ok,Prom. Anual Publico 2011,40,20 AL 26 AGOSTO 2011,rebuilt_from_official_weekly_sequence,https://micm.gob.do/transparencia/images/pdf/transparencia/Estadisticas_Institucionales/2018/HISTORICO_PRECIOS_COMBUSTIBLES_SERIE_2000_-_2018_SEPTIEMBRE.xls
2011-08-27,2011-09-02,2011,232.40,215.30,187.40,193.90,105.70,HISTORICO_PRECIOS_COMBUSTIBLES_SERIE_2000_-_2018_SEPTIEMBRE.xls :: Prom. Anual Publico 2011,observed,official_xls,ok,Prom. Anual Publico 2011,41,27 AGO AL 02 SEPT 2011,rebuilt_from_official_weekly_sequence,https://micm.gob.do/transparencia/images/pdf/transparencia/Estadisticas_Institucionales/2018/HISTORICO_PRECIOS_COMBUSTIBLES_SERIE_2000_-_2018_SEPTIEMBRE.xls
2011-09-03,2011-09-09,2011,236.00,219.20,190.50,197.00,107.10,HISTORICO_PRECIOS_COMBUSTIBLES_SERIE_2000_-_2018_SEPTIEMBRE.xls :: Prom. Anual Publico 2011,observed,official_xls,ok,Prom. Anual Publico 2011,42,03 AL 09 SEPT 2011,rebuilt_from_official_weekly_sequence,https://micm.gob.do/transparencia/images/pdf/transparencia/Estadisticas_Institucionales/2018/HISTORICO_PRECIOS_COMBUSTIBLES_SERIE_2000_-_2018_SEPTIEMBRE.xls
2011-09-10,2011-09-16,2011,235.70,219.30,192.30,198.80,108.20,HISTORICO_PRECIOS_COMBUSTIBLES_SERIE_2000_-_2018_SEPTIEMBRE.xls :: Prom. Anual Publico 2011,observed,official_xls,ok,Prom. Anual Publico 2011,43,10 AL 16 SEPT 2011,rebuilt_from_official_weekly_sequence,https://micm.gob.do/transparencia/images/pdf/transparencia/Estadisticas_Institucionales/2018/HISTORICO_PRECIOS_COMBUSTIBLES_SERIE_2000_-_2018_SEPTIEMBRE.xls
2011-09-17,2011-09-23,2011,230.50,215.00,190.20,196.90,109.60,HISTORICO_PRECIOS_COMBUSTIBLES_SERIE_2000_-_2018_SEPTIEMBRE.xls :: Prom. Anual Publico 2011,observed,official_xls,ok,Prom. Anual Publico 2011,44,17 AL 23 SEPT 2011,rebuilt_from_official_weekly_sequence,https://micm.gob.do/transparencia/images/pdf/transparencia/Estadisticas_Institucionales/2018/HISTORICO_PRECIOS_COMBUSTIBLES_SERIE_2000_-_2018_SEPTIEMBRE.xls
2011-09-24,2011-09-30,2011,226.80,210.90,188.70,195.40,109.60,HISTORICO_PRECIOS_COMBUSTIBLES_SERIE_2000_-_2018_SEPTIEMBRE.xls :: Prom. Anual Publico 2011,observed,official_xls,ok,Prom. Anual Publico 2011,45,24 AL 30 SEPT 2011,rebuilt_from_official_weekly_sequence,https://micm.gob.do/transparencia/images/pdf/transparencia/Estadisticas_Institucionales/2018/HISTORICO_PRECIOS_COMBUSTIBLES_SERIE_2000_-_2018_SEPTIEMBRE.xls
2011-10-01,2011-10-07,2011,222.90,206.90,186.30,192.90,108.60,HISTORICO_PRECIOS_COMBUSTIBLES_SERIE_2000_-_2018_SEPTIEMBRE.xls :: Prom. Anual Publico 2011,observed,official_xls,ok,Prom. Anual Publico 2011,46,01 AL 07 OCT 2011,rebuilt_from_official_weekly_sequence,https://micm.gob.do/transparencia/images/pdf/transparencia/Estadisticas_Institucionales/2018/HISTORICO_PRECIOS_COMBUSTIBLES_SERIE_2000_-_2018_SEPTIEMBRE.xls
2011-10-08,2011-10-14,2011,220.80,205.20,184.00,190.60,107.60,HISTORICO_PRECIOS_COMBUSTIBLES_SERIE_2000_-_2018_SEPTIEMBRE.xls :: Prom. Anual Publico 2011,observed,official_xls,ok,Prom. Anual Publico 2011,47,08 OCT AL 14 OCT 2011,rebuilt_from_official_weekly_sequence,https://micm.gob.do/transparencia/images/pdf/transparencia/Estadisticas_Institucionales/2018/HISTORICO_PRECIOS_COMBUSTIBLES_SERIE_2000_-_2018_SEPTIEMBRE.xls
2011-10-15,2011-10-21,2011,223.40,208.00,186.20,192.80,107.60,HISTORICO_PRECIOS_COMBUSTIBLES_SERIE_2000_-_2018_SEPTIEMBRE.xls :: Prom. Anual Publico 2011,observed,official_xls,ok,Prom. Anual Publico 2011,48,15 AL 21 OCT 2011,rebuilt_from_official_weekly_sequence,https://micm.gob.do/transparencia/images/pdf/transparencia/Estadisticas_Institucionales/2018/HISTORICO_PRECIOS_COMBUSTIBLES_SERIE_2000_-_2018_SEPTIEMBRE.xls
2011-10-22,2011-10-28,2011,225.60,210.00,188.60,195.20,108.60,HISTORICO_PRECIOS_COMBUSTIBLES_SERIE_2000_-_2018_SEPTIEMBRE.xls :: Prom. Anual Publico 2011,observed,official_xls,ok,Prom. Anual Publico 2011,49,22 AL 28 OCT 2011,rebuilt_from_official_weekly_sequence,https://micm.gob.do/transparencia/images/pdf/transparencia/Estadisticas_Institucionales/2018/HISTORICO_PRECIOS_COMBUSTIBLES_SERIE_2000_-_2018_SEPTIEMBRE.xls
2011-10-29,2011-11-04,2011,225.60,210.00,190.90,197.40,108.60,HISTORICO_PRECIOS_COMBUSTIBLES_SERIE_2000_-_2018_SEPTIEMBRE.xls :: Prom. Anual Publico 2011,observed,official_xls,ok,Prom. Anual Publico 2011,50,29 AL 04 NOV 2011,rebuilt_from_official_weekly_sequence,https://micm.gob.do/transparencia/images/pdf/transparencia/Estadisticas_Institucionales/2018/HISTORICO_PRECIOS_COMBUSTIBLES_SERIE_2000_-_2018_SEPTIEMBRE.xls
2011-11-05,2011-11-11,2011,225.60,210.00,190.90,197.40,108.60,HISTORICO_PRECIOS_COMBUSTIBLES_SERIE_2000_-_2018_SEPTIEMBRE.xls :: Prom. Anual Publico 2011,observed,official_xls,ok,Prom. Anual Publico 2011,51,05 NOV AL 11 NOV 2011,rebuilt_from_official_weekly_sequence,https://micm.gob.do/transparencia/images/pdf/transparencia/Estadisticas_Institucionales/2018/HISTORICO_PRECIOS_COMBUSTIBLES_SERIE_2000_-_2018_SEPTIEMBRE.xls
2011-11-12,2011-11-18,2011,225.60,210.00,192.90,199.40,108.60,HISTORICO_PRECIOS_COMBUSTIBLES_SERIE_2000_-_2018_SEPTIEMBRE.xls :: Prom. Anual Publico 2011,observed,official_xls,ok,Prom. Anual Publico 2011,52,12 AL 18 NOV 2011,rebuilt_from_official_weekly_sequence,https://micm.gob.do/transparencia/images/pdf/transparencia/Estadisticas_Institucionales/2018/HISTORICO_PRECIOS_COMBUSTIBLES_SERIE_2000_-_2018_SEPTIEMBRE.xls
2011-11-19,2011-11-25,2011,225.60,210.00,195.60,202.20,108.60,HISTORICO_PRECIOS_COMBUSTIBLES_SERIE_2000_-_2018_SEPTIEMBRE.xls :: Prom. Anual Publico 2011,observed,official_xls,ok,Prom. Anual Publico 2011,53,19 NOV  AL 25 NOV 2011,rebuilt_from_official_weekly_sequence,https://micm.gob.do/transparencia/images/pdf/transparencia/Estadisticas_Institucionales/2018/HISTORICO_PRECIOS_COMBUSTIBLES_SERIE_2000_-_2018_SEPTIEMBRE.xls
2011-11-26,2011-12-02,2011,222.20,206.80,194.60,201.20,107.60,HISTORICO_PRECIOS_COMBUSTIBLES_SERIE_2000_-_2018_SEPTIEMBRE.xls :: Prom. Anual Publico 2011,observed,official_xls,ok,Prom. Anual Publico 2011,54,26 AL 02 DIC 2011,rebuilt_from_official_weekly_sequence,https://micm.gob.do/transparencia/images/pdf/transparencia/Estadisticas_Institucionales/2018/HISTORICO_PRECIOS_COMBUSTIBLES_SERIE_2000_-_2018_SEPTIEMBRE.xls
2011-12-03,2011-12-09,2011,220.30,205.10,193.60,200.20,107.60,HISTORICO_PRECIOS_COMBUSTIBLES_SERIE_2000_-_2018_SEPTIEMBRE.xls :: Prom. Anual Publico 2011,observed,official_xls,ok,Prom. Anual Publico 2011,55,03 DIC  AL 09 DIC 2011,rebuilt_from_official_weekly_sequence,https://micm.gob.do/transparencia/images/pdf/transparencia/Estadisticas_Institucionales/2018/HISTORICO_PRECIOS_COMBUSTIBLES_SERIE_2000_-_2018_SEPTIEMBRE.xls
2011-12-10,2011-12-16,2011,220.30,205.10,193.60,200.20,107.60,HISTORICO_PRECIOS_COMBUSTIBLES_SERIE_2000_-_2018_SEPTIEMBRE.xls :: Prom. Anual Publico 2011,observed,official_xls,ok,Prom. Anual Publico 2011,56,10 AL 16 DIC 2011,rebuilt_from_official_weekly_sequence,https://micm.gob.do/transparencia/images/pdf/transparencia/Estadisticas_Institucionales/2018/HISTORICO_PRECIOS_COMBUSTIBLES_SERIE_2000_-_2018_SEPTIEMBRE.xls
2011-12-17,2011-12-23,2011,219.30,204.00,191.20,197.80,107.60,HISTORICO_PRECIOS_COMBUSTIBLES_SERIE_2000_-_2018_SEPTIEMBRE.xls :: Prom. Anual Publico 2011,observed,official_xls,ok,Prom. Anual Publico 2011,57,17 AL 23 DIC 2011,rebuilt_from_official_weekly_sequence,https://micm.gob.do/transparencia/images/pdf/transparencia/Estadisticas_Institucionales/2018/HISTORICO_PRECIOS_COMBUSTIBLES_SERIE_2000_-_2018_SEPTIEMBRE.xls
2011-12-24,2011-12-30,2011,217.30,201.60,188.90,195.50,106.60,HISTORICO_PRECIOS_COMBUSTIBLES_SERIE_2000_-_2018_SEPTIEMBRE.xls :: Prom. Anual Publico 2011,observed,official_xls,ok,Prom. Anual Publico 2011,58,24 AL 30 DIC 2011,rebuilt_from_official_weekly_sequence,https://micm.gob.do/transparencia/images/pdf/transparencia/Estadisticas_Institucionales/2018/HISTORICO_PRECIOS_COMBUSTIBLES_SERIE_2000_-_2018_SEPTIEMBRE.xls
2011-12-31,2012-01-06,2011,217.30,201.60,188.90,195.50,106.60,HISTORICO_PRECIOS_COMBUSTIBLES_SERIE_2000_-_2018_SEPTIEMBRE.xls :: Prom.Anual Precios al Pub.2012,observed,official_xls,ok,Prom.Anual Precios al Pub.2012,7,31 DIC.  AL 06 ENE 2012,rebuilt_from_official_weekly_sequence,https://micm.gob.do/transparencia/images/pdf/transparencia/Estadisticas_Institucionales/2018/HISTORICO_PRECIOS_COMBUSTIBLES_SERIE_2000_-_2018_SEPTIEMBRE.xls
2012-01-07,2012-01-13,2012,219.80,204.00,191.00,197.60,107.60,HISTORICO_PRECIOS_COMBUSTIBLES_SERIE_2000_-_2018_SEPTIEMBRE.xls :: Prom.Anual Precios al Pub.2012,observed,official_xls,ok,Prom.Anual Precios al Pub.2012,8,07 AL 13 ENE 2012,rebuilt_from_official_weekly_sequence,https://micm.gob.do/transparencia/images/pdf/transparencia/Estadisticas_Institucionales/2018/HISTORICO_PRECIOS_COMBUSTIBLES_SERIE_2000_-_2018_SEPTIEMBRE.xls
2012-01-14,2012-01-20,2012,222.60,206.50,192.80,199.40,107.60,HISTORICO_PRECIOS_COMBUSTIBLES_SERIE_2000_-_2018_SEPTIEMBRE.xls :: Prom.Anual Precios al Pub.2012,observed,official_xls,ok,Prom.Anual Precios al Pub.2012,9,14 AL 20 ENE 2012,rebuilt_from_official_weekly_sequence,https://micm.gob.do/transparencia/images/pdf/transparencia/Estadisticas_Institucionales/2018/HISTORICO_PRECIOS_COMBUSTIBLES_SERIE_2000_-_2018_SEPTIEMBRE.xls
2012-01-21,2012-01-27,2012,222.60,206.50,192.80,199.40,107.60,HISTORICO_PRECIOS_COMBUSTIBLES_SERIE_2000_-_2018_SEPTIEMBRE.xls :: Prom.Anual Precios al Pub.2012,observed,official_xls,ok,Prom.Anual Precios al Pub.2012,10,21 AL 27 ENE 2012,rebuilt_from_official_weekly_sequence,https://micm.gob.do/transparencia/images/pdf/transparencia/Estadisticas_Institucionales/2018/HISTORICO_PRECIOS_COMBUSTIBLES_SERIE_2000_-_2018_SEPTIEMBRE.xls
2012-01-28,2012-02-03,2012,222.60,206.50,192.80,199.40,107.60,HISTORICO_PRECIOS_COMBUSTIBLES_SERIE_2000_-_2018_SEPTIEMBRE.xls :: Prom.Anual Precios al Pub.2012,observed,official_xls,ok,Prom.Anual Precios al Pub.2012,11,28 ENE AL 03 FEB 2012,rebuilt_from_official_weekly_sequence,https://micm.gob.do/transparencia/images/pdf/transparencia/Estadisticas_Institucionales/2018/HISTORICO_PRECIOS_COMBUSTIBLES_SERIE_2000_-_2018_SEPTIEMBRE.xls
2012-02-04,2012-02-10,2012,225.30,209.00,195.40,202.00,107.60,HISTORICO_PRECIOS_COMBUSTIBLES_SERIE_2000_-_2018_SEPTIEMBRE.xls :: Prom.Anual Precios al Pub.2012,observed,official_xls,ok,Prom.Anual Precios al Pub.2012,12,04 AL 10 FEB 2012,rebuilt_from_official_weekly_sequence,https://micm.gob.do/transparencia/images/pdf/transparencia/Estadisticas_Institucionales/2018/HISTORICO_PRECIOS_COMBUSTIBLES_SERIE_2000_-_2018_SEPTIEMBRE.xls
2012-02-11,2012-02-17,2012,225.30,209.00,195.40,202.00,107.60,HISTORICO_PRECIOS_COMBUSTIBLES_SERIE_2000_-_2018_SEPTIEMBRE.xls :: Prom.Anual Precios al Pub.2012,observed,official_xls,ok,Prom.Anual Precios al Pub.2012,13,11 AL 17 FEB 2012,rebuilt_from_official_weekly_sequence,https://micm.gob.do/transparencia/images/pdf/transparencia/Estadisticas_Institucionales/2018/HISTORICO_PRECIOS_COMBUSTIBLES_SERIE_2000_-_2018_SEPTIEMBRE.xls
2012-02-18,2012-02-24,2012,227.50,211.10,197.10,203.70,105.00,HISTORICO_PRECIOS_COMBUSTIBLES_SERIE_2000_-_2018_SEPTIEMBRE.xls :: Prom.Anual Precios al Pub.2012,observed,official_xls,ok,Prom.Anual Precios al Pub.2012,14,18 AL 24 FEB 2012,rebuilt_from_official_weekly_sequence,https://micm.gob.do/transparencia/images/pdf/transparencia/Estadisticas_Institucionales/2018/HISTORICO_PRECIOS_COMBUSTIBLES_SERIE_2000_-_2018_SEPTIEMBRE.xls
2012-02-25,2012-03-02,2012,227.50,211.10,197.10,203.70,105.00,HISTORICO_PRECIOS_COMBUSTIBLES_SERIE_2000_-_2018_SEPTIEMBRE.xls :: Prom.Anual Precios al Pub.2012,observed,official_xls,ok,Prom.Anual Precios al Pub.2012,15,25 FEB AL 02 MARZ0 2012,rebuilt_from_official_weekly_sequence,https://micm.gob.do/transparencia/images/pdf/transparencia/Estadisticas_Institucionales/2018/HISTORICO_PRECIOS_COMBUSTIBLES_SERIE_2000_-_2018_SEPTIEMBRE.xls
2012-03-03,2012-03-09,2012,227.50,211.10,197.10,203.70,105.00,HISTORICO_PRECIOS_COMBUSTIBLES_SERIE_2000_-_2018_SEPTIEMBRE.xls :: Prom.Anual Precios al Pub.2012,observed,official_xls,ok,Prom.Anual Precios al Pub.2012,16,03 AL 09 MARZO 2012,rebuilt_from_official_weekly_sequence,https://micm.gob.do/transparencia/images/pdf/transparencia/Estadisticas_Institucionales/2018/HISTORICO_PRECIOS_COMBUSTIBLES_SERIE_2000_-_2018_SEPTIEMBRE.xls
2012-03-10,2012-03-16,2012,227.50,211.10,197.10,203.70,105.00,HISTORICO_PRECIOS_COMBUSTIBLES_SERIE_2000_-_2018_SEPTIEMBRE.xls :: Prom.Anual Precios al Pub.2012,observed,official_xls,ok,Prom.Anual Precios al Pub.2012,17,10 AL 16 MAR 2012,rebuilt_from_official_weekly_sequence,https://micm.gob.do/transparencia/images/pdf/transparencia/Estadisticas_Institucionales/2018/HISTORICO_PRECIOS_COMBUSTIBLES_SERIE_2000_-_2018_SEPTIEMBRE.xls
2012-03-17,2012-03-23,2012,229.90,213.80,199.40,206.00,103.40,HISTORICO_PRECIOS_COMBUSTIBLES_SERIE_2000_-_2018_SEPTIEMBRE.xls :: Prom.Anual Precios al Pub.2012,observed,official_xls,ok,Prom.Anual Precios al Pub.2012,18,17 AL 23 MAR 2012,rebuilt_from_official_weekly_sequence,https://micm.gob.do/transparencia/images/pdf/transparencia/Estadisticas_Institucionales/2018/HISTORICO_PRECIOS_COMBUSTIBLES_SERIE_2000_-_2018_SEPTIEMBRE.xls
2012-03-24,2012-03-30,2012,229.90,213.80,199.40,206.00,103.40,HISTORICO_PRECIOS_COMBUSTIBLES_SERIE_2000_-_2018_SEPTIEMBRE.xls :: Prom.Anual Precios al Pub.2012,observed,official_xls,ok,Prom.Anual Precios al Pub.2012,19,24 MAR AL 30 MARZO 2012,rebuilt_from_official_weekly_sequence,https://micm.gob.do/transparencia/images/pdf/transparencia/Estadisticas_Institucionales/2018/HISTORICO_PRECIOS_COMBUSTIBLES_SERIE_2000_-_2018_SEPTIEMBRE.xls
2012-03-31,2012-04-06,2012,229.90,213.80,199.40,206.00,103.40,HISTORICO_PRECIOS_COMBUSTIBLES_SERIE_2000_-_2018_SEPTIEMBRE.xls :: Prom.Anual Precios al Pub.2012,observed,official_xls,ok,Prom.Anual Precios al Pub.2012,20,31  MAR AL 01 ABRIL 2012,rebuilt_from_official_weekly_sequence,https://micm.gob.do/transparencia/images/pdf/transparencia/Estadisticas_Institucionales/2018/HISTORICO_PRECIOS_COMBUSTIBLES_SERIE_2000_-_2018_SEPTIEMBRE.xls
2012-04-07,2012-04-13,2012,229.90,213.80,199.40,206.00,103.40,HISTORICO_PRECIOS_COMBUSTIBLES_SERIE_2000_-_2018_SEPTIEMBRE.xls :: Prom.Anual Precios al Pub.2012,observed,official_xls,ok,Prom.Anual Precios al Pub.2012,21,07 AL 13 ABRIL 2012,rebuilt_from_official_weekly_sequence,https://micm.gob.do/transparencia/images/pdf/transparencia/Estadisticas_Institucionales/2018/HISTORICO_PRECIOS_COMBUSTIBLES_SERIE_2000_-_2018_SEPTIEMBRE.xls
2012-04-14,2012-04-20,2012,229.90,213.80,199.40,206.00,103.40,HISTORICO_PRECIOS_COMBUSTIBLES_SERIE_2000_-_2018_SEPTIEMBRE.xls :: Prom.Anual Precios al Pub.2012,observed,official_xls,ok,Prom.Anual Precios al Pub.2012,22,14 AL 20 ABRIL 2012,rebuilt_from_official_weekly_sequence,https://micm.gob.do/transparencia/images/pdf/transparencia/Estadisticas_Institucionales/2018/HISTORICO_PRECIOS_COMBUSTIBLES_SERIE_2000_-_2018_SEPTIEMBRE.xls
2012-04-21,2012-04-27,2012,229.90,213.80,199.40,206.00,103.40,HISTORICO_PRECIOS_COMBUSTIBLES_SERIE_2000_-_2018_SEPTIEMBRE.xls :: Prom.Anual Precios al Pub.2012,observed,official_xls,ok,Prom.Anual Precios al Pub.2012,23,21 ABR AL 27 ABR 2012,rebuilt_from_official_weekly_sequence,https://micm.gob.do/transparencia/images/pdf/transparencia/Estadisticas_Institucionales/2018/HISTORICO_PRECIOS_COMBUSTIBLES_SERIE_2000_-_2018_SEPTIEMBRE.xls
2012-04-28,2012-05-04,2012,229.90,213.80,199.40,206.00,103.40,HISTORICO_PRECIOS_COMBUSTIBLES_SERIE_2000_-_2018_SEPTIEMBRE.xls :: Prom.Anual Precios al Pub.2012,observed,official_xls,ok,Prom.Anual Precios al Pub.2012,24,28 ABRIL AL 04 MAYO 2012,rebuilt_from_official_weekly_sequence,https://micm.gob.do/transparencia/images/pdf/transparencia/Estadisticas_Institucionales/2018/HISTORICO_PRECIOS_COMBUSTIBLES_SERIE_2000_-_2018_SEPTIEMBRE.xls
2012-05-05,2012-05-11,2012,229.90,213.80,199.40,206.00,103.40,HISTORICO_PRECIOS_COMBUSTIBLES_SERIE_2000_-_2018_SEPTIEMBRE.xls :: Prom.Anual Precios al Pub.2012,observed,official_xls,ok,Prom.Anual Precios al Pub.2012,25,05 AL 11 MAYO 2012,rebuilt_from_official_weekly_sequence,https://micm.gob.do/transparencia/images/pdf/transparencia/Estadisticas_Institucionales/2018/HISTORICO_PRECIOS_COMBUSTIBLES_SERIE_2000_-_2018_SEPTIEMBRE.xls
2012-05-12,2012-05-18,2012,229.90,213.80,199.40,206.00,100.00,HISTORICO_PRECIOS_COMBUSTIBLES_SERIE_2000_-_2018_SEPTIEMBRE.xls :: Prom.Anual Precios al Pub.2012,observed,official_xls,ok,Prom.Anual Precios al Pub.2012,26,12 AL 18 MAYO 2012,rebuilt_from_official_weekly_sequence,https://micm.gob.do/transparencia/images/pdf/transparencia/Estadisticas_Institucionales/2018/HISTORICO_PRECIOS_COMBUSTIBLES_SERIE_2000_-_2018_SEPTIEMBRE.xls
2012-05-19,2012-05-25,2012,229.90,213.80,199.40,206.00,100.00,HISTORICO_PRECIOS_COMBUSTIBLES_SERIE_2000_-_2018_SEPTIEMBRE.xls :: Prom.Anual Precios al Pub.2012,observed,official_xls,ok,Prom.Anual Precios al Pub.2012,27,19 AL 25 MAYO 2012,rebuilt_from_official_weekly_sequence,https://micm.gob.do/transparencia/images/pdf/transparencia/Estadisticas_Institucionales/2018/HISTORICO_PRECIOS_COMBUSTIBLES_SERIE_2000_-_2018_SEPTIEMBRE.xls
2012-05-26,2012-06-01,2012,229.90,213.80,199.40,206.00,100.00,HISTORICO_PRECIOS_COMBUSTIBLES_SERIE_2000_-_2018_SEPTIEMBRE.xls :: Prom.Anual Precios al Pub.2012,observed,official_xls,ok,Prom.Anual Precios al Pub.2012,28,26 MAY AL 01 JUN 2012,rebuilt_from_official_weekly_sequence,https://micm.gob.do/transparencia/images/pdf/transparencia/Estadisticas_Institucionales/2018/HISTORICO_PRECIOS_COMBUSTIBLES_SERIE_2000_-_2018_SEPTIEMBRE.xls
2012-06-02,2012-06-08,2012,229.90,213.80,199.40,206.00,100.00,HISTORICO_PRECIOS_COMBUSTIBLES_SERIE_2000_-_2018_SEPTIEMBRE.xls :: Prom.Anual Precios al Pub.2012,observed,official_xls,ok,Prom.Anual Precios al Pub.2012,29,02 AL 08 JUNIO 2012,rebuilt_from_official_weekly_sequence,https://micm.gob.do/transparencia/images/pdf/transparencia/Estadisticas_Institucionales/2018/HISTORICO_PRECIOS_COMBUSTIBLES_SERIE_2000_-_2018_SEPTIEMBRE.xls
2012-06-09,2012-06-15,2012,227.40,211.40,197.10,203.70,98.00,HISTORICO_PRECIOS_COMBUSTIBLES_SERIE_2000_-_2018_SEPTIEMBRE.xls :: Prom.Anual Precios al Pub.2012,observed,official_xls,ok,Prom.Anual Precios al Pub.2012,30,09 AL 15 JUN 2012,rebuilt_from_official_weekly_sequence,https://micm.gob.do/transparencia/images/pdf/transparencia/Estadisticas_Institucionales/2018/HISTORICO_PRECIOS_COMBUSTIBLES_SERIE_2000_-_2018_SEPTIEMBRE.xls
2012-06-16,2012-06-22,2012,225.20,208.90,194.60,201.20,95.90,HISTORICO_PRECIOS_COMBUSTIBLES_SERIE_2000_-_2018_SEPTIEMBRE.xls :: Prom.Anual Precios al Pub.2012,observed,official_xls,ok,Prom.Anual Precios al Pub.2012,31,16 JUN AL 22 JUNIO 2012,rebuilt_from_official_weekly_sequence,https://micm.gob.do/transparencia/images/pdf/transparencia/Estadisticas_Institucionales/2018/HISTORICO_PRECIOS_COMBUSTIBLES_SERIE_2000_-_2018_SEPTIEMBRE.xls
2012-06-23,2012-06-29,2012,224.00,207.40,192.40,199.10,93.90,HISTORICO_PRECIOS_COMBUSTIBLES_SERIE_2000_-_2018_SEPTIEMBRE.xls :: Prom.Anual Precios al Pub.2012,observed,official_xls,ok,Prom.Anual Precios al Pub.2012,32,26 JUN AL 29 JUNIO 2012,rebuilt_from_official_weekly_sequence,https://micm.gob.do/transparencia/images/pdf/transparencia/Estadisticas_Institucionales/2018/HISTORICO_PRECIOS_COMBUSTIBLES_SERIE_2000_-_2018_SEPTIEMBRE.xls
2012-06-30,2012-07-06,2012,221.90,205.10,190.10,196.80,91.60,HISTORICO_PRECIOS_COMBUSTIBLES_SERIE_2000_-_2018_SEPTIEMBRE.xls :: Prom.Anual Precios al Pub.2012,observed,official_xls,ok,Prom.Anual Precios al Pub.2012,33,30 AL 06 JULIO 2012,rebuilt_from_official_weekly_sequence,https://micm.gob.do/transparencia/images/pdf/transparencia/Estadisticas_Institucionales/2018/HISTORICO_PRECIOS_COMBUSTIBLES_SERIE_2000_-_2018_SEPTIEMBRE.xls
2012-07-07,2012-07-13,2012,221.90,205.10,190.10,196.80,91.60,HISTORICO_PRECIOS_COMBUSTIBLES_SERIE_2000_-_2018_SEPTIEMBRE.xls :: Prom.Anual Precios al Pub.2012,observed,official_xls,ok,Prom.Anual Precios al Pub.2012,34,07  AL 13 JUL 2012,rebuilt_from_official_weekly_sequence,https://micm.gob.do/transparencia/images/pdf/transparencia/Estadisticas_Institucionales/2018/HISTORICO_PRECIOS_COMBUSTIBLES_SERIE_2000_-_2018_SEPTIEMBRE.xls
2012-07-14,2012-07-20,2012,224.00,207.10,190.10,196.80,91.60,HISTORICO_PRECIOS_COMBUSTIBLES_SERIE_2000_-_2018_SEPTIEMBRE.xls :: Prom.Anual Precios al Pub.2012,observed,official_xls,ok,Prom.Anual Precios al Pub.2012,35,14 AL 20 JULIO 2012,rebuilt_from_official_weekly_sequence,https://micm.gob.do/transparencia/images/pdf/transparencia/Estadisticas_Institucionales/2018/HISTORICO_PRECIOS_COMBUSTIBLES_SERIE_2000_-_2018_SEPTIEMBRE.xls
2012-07-21,2012-07-27,2012,226.50,209.30,190.10,196.80,90.00,HISTORICO_PRECIOS_COMBUSTIBLES_SERIE_2000_-_2018_SEPTIEMBRE.xls :: Prom.Anual Precios al Pub.2012,observed,official_xls,ok,Prom.Anual Precios al Pub.2012,36,21 AL 27 JULIO 2012,rebuilt_from_official_weekly_sequence,https://micm.gob.do/transparencia/images/pdf/transparencia/Estadisticas_Institucionales/2018/HISTORICO_PRECIOS_COMBUSTIBLES_SERIE_2000_-_2018_SEPTIEMBRE.xls
2012-07-28,2012-08-03,2012,228.90,211.40,190.10,196.80,90.00,HISTORICO_PRECIOS_COMBUSTIBLES_SERIE_2000_-_2018_SEPTIEMBRE.xls :: Prom.Anual Precios al Pub.2012,observed,official_xls,ok,Prom.Anual Precios al Pub.2012,37,28 JUL  AL 03 AGO 2012,rebuilt_from_official_weekly_sequence,https://micm.gob.do/transparencia/images/pdf/transparencia/Estadisticas_Institucionales/2018/HISTORICO_PRECIOS_COMBUSTIBLES_SERIE_2000_-_2018_SEPTIEMBRE.xls
2012-08-04,2012-08-10,2012,231.10,213.50,190.10,196.80,90.00,HISTORICO_PRECIOS_COMBUSTIBLES_SERIE_2000_-_2018_SEPTIEMBRE.xls :: Prom.Anual Precios al Pub.2012,observed,official_xls,ok,Prom.Anual Precios al Pub.2012,38,04  AL 10 AGO 2012,rebuilt_from_official_weekly_sequence,https://micm.gob.do/transparencia/images/pdf/transparencia/Estadisticas_Institucionales/2018/HISTORICO_PRECIOS_COMBUSTIBLES_SERIE_2000_-_2018_SEPTIEMBRE.xls
2012-08-11,2012-08-17,2012,233.50,215.60,192.00,198.70,88.00,HISTORICO_PRECIOS_COMBUSTIBLES_SERIE_2000_-_2018_SEPTIEMBRE.xls :: Prom.Anual Precios al Pub.2012,observed,official_xls,ok,Prom.Anual Precios al Pub.2012,39,11 AL 17 AGOSTO 2012,rebuilt_from_official_weekly_sequence,https://micm.gob.do/transparencia/images/pdf/transparencia/Estadisticas_Institucionales/2018/HISTORICO_PRECIOS_COMBUSTIBLES_SERIE_2000_-_2018_SEPTIEMBRE.xls
2012-08-18,2012-08-24,2012,233.50,215.60,192.00,198.70,88.00,HISTORICO_PRECIOS_COMBUSTIBLES_SERIE_2000_-_2018_SEPTIEMBRE.xls :: Prom.Anual Precios al Pub.2012,observed,official_xls,ok,Prom.Anual Precios al Pub.2012,40,18 AL 24 AGOSTO 2012,rebuilt_from_official_weekly_sequence,https://micm.gob.do/transparencia/images/pdf/transparencia/Estadisticas_Institucionales/2018/HISTORICO_PRECIOS_COMBUSTIBLES_SERIE_2000_-_2018_SEPTIEMBRE.xls
2012-08-25,2012-08-31,2012,233.50,215.60,192.00,198.70,88.00,HISTORICO_PRECIOS_COMBUSTIBLES_SERIE_2000_-_2018_SEPTIEMBRE.xls :: Prom.Anual Precios al Pub.2012,observed,official_xls,ok,Prom.Anual Precios al Pub.2012,41,25 AGO AL 31 AGO 2012,rebuilt_from_official_weekly_sequence,https://micm.gob.do/transparencia/images/pdf/transparencia/Estadisticas_Institucionales/2018/HISTORICO_PRECIOS_COMBUSTIBLES_SERIE_2000_-_2018_SEPTIEMBRE.xls
2012-09-01,2012-09-07,2012,237.20,219.10,195.20,201.90,88.00,HISTORICO_PRECIOS_COMBUSTIBLES_SERIE_2000_-_2018_SEPTIEMBRE.xls :: Prom.Anual Precios al Pub.2012,observed,official_xls,ok,Prom.Anual Precios al Pub.2012,42,01 AL 07 SEPT 2012,rebuilt_from_official_weekly_sequence,https://micm.gob.do/transparencia/images/pdf/transparencia/Estadisticas_Institucionales/2018/HISTORICO_PRECIOS_COMBUSTIBLES_SERIE_2000_-_2018_SEPTIEMBRE.xls
2012-09-08,2012-09-14,2012,240.40,221.60,197.70,204.40,90.00,HISTORICO_PRECIOS_COMBUSTIBLES_SERIE_2000_-_2018_SEPTIEMBRE.xls :: Prom.Anual Precios al Pub.2012,observed,official_xls,ok,Prom.Anual Precios al Pub.2012,43,08 AL 14 SEPT 2012,rebuilt_from_official_weekly_sequence,https://micm.gob.do/transparencia/images/pdf/transparencia/Estadisticas_Institucionales/2018/HISTORICO_PRECIOS_COMBUSTIBLES_SERIE_2000_-_2018_SEPTIEMBRE.xls
2012-09-15,2012-09-21,2012,243.50,224.20,200.60,207.30,92.50,HISTORICO_PRECIOS_COMBUSTIBLES_SERIE_2000_-_2018_SEPTIEMBRE.xls :: Prom.Anual Precios al Pub.2012,observed,official_xls,ok,Prom.Anual Precios al Pub.2012,44,15 AL 21 SEPT 2012,rebuilt_from_official_weekly_sequence,https://micm.gob.do/transparencia/images/pdf/transparencia/Estadisticas_Institucionales/2018/HISTORICO_PRECIOS_COMBUSTIBLES_SERIE_2000_-_2018_SEPTIEMBRE.xls
2012-09-22,2012-09-28,2012,243.50,224.20,200.60,207.30,91.00,HISTORICO_PRECIOS_COMBUSTIBLES_SERIE_2000_-_2018_SEPTIEMBRE.xls :: Prom.Anual Precios al Pub.2012,observed,official_xls,ok,Prom.Anual Precios al Pub.2012,45,22 AL 28 SEPT 2012,rebuilt_from_official_weekly_sequence,https://micm.gob.do/transparencia/images/pdf/transparencia/Estadisticas_Institucionales/2018/HISTORICO_PRECIOS_COMBUSTIBLES_SERIE_2000_-_2018_SEPTIEMBRE.xls
2012-09-29,2012-10-05,2012,243.50,224.20,200.60,207.30,89.50,HISTORICO_PRECIOS_COMBUSTIBLES_SERIE_2000_-_2018_SEPTIEMBRE.xls :: Prom.Anual Precios al Pub.2012,observed,official_xls,ok,Prom.Anual Precios al Pub.2012,46,29 Sept  AL 05 OCT 2012,rebuilt_from_official_weekly_sequence,https://micm.gob.do/transparencia/images/pdf/transparencia/Estadisticas_Institucionales/2018/HISTORICO_PRECIOS_COMBUSTIBLES_SERIE_2000_-_2018_SEPTIEMBRE.xls
2012-10-06,2012-10-12,2012,243.50,224.20,200.60,207.30,89.50,HISTORICO_PRECIOS_COMBUSTIBLES_SERIE_2000_-_2018_SEPTIEMBRE.xls :: Prom.Anual Precios al Pub.2012,observed,official_xls,ok,Prom.Anual Precios al Pub.2012,47,06 OCT AL 12 OCT 2012,rebuilt_from_official_weekly_sequence,https://micm.gob.do/transparencia/images/pdf/transparencia/Estadisticas_Institucionales/2018/HISTORICO_PRECIOS_COMBUSTIBLES_SERIE_2000_-_2018_SEPTIEMBRE.xls
2012-10-13,2012-10-19,2012,243.50,224.20,200.60,207.30,89.50,HISTORICO_PRECIOS_COMBUSTIBLES_SERIE_2000_-_2018_SEPTIEMBRE.xls :: Prom.Anual Precios al Pub.2012,observed,official_xls,ok,Prom.Anual Precios al Pub.2012,48,13 AL 19 OCT 2012,rebuilt_from_official_weekly_sequence,https://micm.gob.do/transparencia/images/pdf/transparencia/Estadisticas_Institucionales/2018/HISTORICO_PRECIOS_COMBUSTIBLES_SERIE_2000_-_2018_SEPTIEMBRE.xls
2012-10-20,2012-10-26,2012,245.70,226.70,203.00,209.70,91.27,HISTORICO_PRECIOS_COMBUSTIBLES_SERIE_2000_-_2018_SEPTIEMBRE.xls :: Prom.Anual Precios al Pub.2012,observed,official_xls,ok,Prom.Anual Precios al Pub.2012,49,20 AL 26 OCT 2012,rebuilt_from_official_weekly_sequence,https://micm.gob.do/transparencia/images/pdf/transparencia/Estadisticas_Institucionales/2018/HISTORICO_PRECIOS_COMBUSTIBLES_SERIE_2000_-_2018_SEPTIEMBRE.xls
2012-10-27,2012-11-02,2012,242.70,223.50,202.00,208.70,90.27,HISTORICO_PRECIOS_COMBUSTIBLES_SERIE_2000_-_2018_SEPTIEMBRE.xls :: Prom.Anual Precios al Pub.2012,observed,official_xls,ok,Prom.Anual Precios al Pub.2012,50,27 DE OCT AL 02 NOV 2012,rebuilt_from_official_weekly_sequence,https://micm.gob.do/transparencia/images/pdf/transparencia/Estadisticas_Institucionales/2018/HISTORICO_PRECIOS_COMBUSTIBLES_SERIE_2000_-_2018_SEPTIEMBRE.xls
2012-11-03,2012-11-09,2012,237.50,219.70,201.00,207.70,90.27,HISTORICO_PRECIOS_COMBUSTIBLES_SERIE_2000_-_2018_SEPTIEMBRE.xls :: Prom.Anual Precios al Pub.2012,observed,official_xls,ok,Prom.Anual Precios al Pub.2012,51,03 NOV AL 09 NOV 2012,rebuilt_from_official_weekly_sequence,https://micm.gob.do/transparencia/images/pdf/transparencia/Estadisticas_Institucionales/2018/HISTORICO_PRECIOS_COMBUSTIBLES_SERIE_2000_-_2018_SEPTIEMBRE.xls
2012-11-10,2012-11-16,2012,234.30,217.00,198.70,205.40,90.27,HISTORICO_PRECIOS_COMBUSTIBLES_SERIE_2000_-_2018_SEPTIEMBRE.xls :: Prom.Anual Precios al Pub.2012,observed,official_xls,ok,Prom.Anual Precios al Pub.2012,52,10 AL 16 NOV 2012,rebuilt_from_official_weekly_sequence,https://micm.gob.do/transparencia/images/pdf/transparencia/Estadisticas_Institucionales/2018/HISTORICO_PRECIOS_COMBUSTIBLES_SERIE_2000_-_2018_SEPTIEMBRE.xls
2012-11-17,2012-11-23,2012,233.10,216.00,200.10,212.00,92.53,HISTORICO_PRECIOS_COMBUSTIBLES_SERIE_2000_-_2018_SEPTIEMBRE.xls :: Prom.Anual Precios al Pub.2012,observed,official_xls,ok,Prom.Anual Precios al Pub.2012,53,17 NOV  AL 23 NOV 2012,rebuilt_from_official_weekly_sequence,https://micm.gob.do/transparencia/images/pdf/transparencia/Estadisticas_Institucionales/2018/HISTORICO_PRECIOS_COMBUSTIBLES_SERIE_2000_-_2018_SEPTIEMBRE.xls
2012-11-24,2012-11-30,2012,233.10,216.00,203.60,221.40,92.53,HISTORICO_PRECIOS_COMBUSTIBLES_SERIE_2000_-_2018_SEPTIEMBRE.xls :: Prom.Anual Precios al Pub.2012,observed,official_xls,ok,Prom.Anual Precios al Pub.2012,54,24 AL 30 NOV 2012,rebuilt_from_official_weekly_sequence,https://micm.gob.do/transparencia/images/pdf/transparencia/Estadisticas_Institucionales/2018/HISTORICO_PRECIOS_COMBUSTIBLES_SERIE_2000_-_2018_SEPTIEMBRE.xls
2012-12-01,2012-12-07,2012,233.10,216.00,203.60,221.70,92.53,HISTORICO_PRECIOS_COMBUSTIBLES_SERIE_2000_-_2018_SEPTIEMBRE.xls :: Prom.Anual Precios al Pub.2012,observed,official_xls,ok,Prom.Anual Precios al Pub.2012,55,01 DIC  AL 07 DIC 2012,rebuilt_from_official_weekly_sequence,https://micm.gob.do/transparencia/images/pdf/transparencia/Estadisticas_Institucionales/2018/HISTORICO_PRECIOS_COMBUSTIBLES_SERIE_2000_-_2018_SEPTIEMBRE.xls
2012-12-08,2012-12-14,2012,233.10,216.00,203.60,220.20,92.53,HISTORICO_PRECIOS_COMBUSTIBLES_SERIE_2000_-_2018_SEPTIEMBRE.xls :: Prom.Anual Precios al Pub.2012,observed,official_xls,ok,Prom.Anual Precios al Pub.2012,56,08 AL 14 DIC 2012,rebuilt_from_official_weekly_sequence,https://micm.gob.do/transparencia/images/pdf/transparencia/Estadisticas_Institucionales/2018/HISTORICO_PRECIOS_COMBUSTIBLES_SERIE_2000_-_2018_SEPTIEMBRE.xls
2012-12-15,2012-12-21,2012,231.10,214.00,202.60,216.10,91.53,HISTORICO_PRECIOS_COMBUSTIBLES_SERIE_2000_-_2018_SEPTIEMBRE.xls :: Prom.Anual Precios al Pub.2012,observed,official_xls,ok,Prom.Anual Precios al Pub.2012,57,15 AL 21 DIC 2012,rebuilt_from_official_weekly_sequence,https://micm.gob.do/transparencia/images/pdf/transparencia/Estadisticas_Institucionales/2018/HISTORICO_PRECIOS_COMBUSTIBLES_SERIE_2000_-_2018_SEPTIEMBRE.xls
2012-12-22,2012-12-28,2012,231.10,214.00,202.60,216.80,91.53,HISTORICO_PRECIOS_COMBUSTIBLES_SERIE_2000_-_2018_SEPTIEMBRE.xls :: Prom.Anual Precios al Pub.2012,observed,official_xls,ok,Prom.Anual Precios al Pub.2012,58,22 AL 28 DIC 2012,rebuilt_from_official_weekly_sequence,https://micm.gob.do/transparencia/images/pdf/transparencia/Estadisticas_Institucionales/2018/HISTORICO_PRECIOS_COMBUSTIBLES_SERIE_2000_-_2018_SEPTIEMBRE.xls
2012-12-29,2013-01-04,2012,231.10,214.00,202.60,220.60,91.53,HISTORICO_PRECIOS_COMBUSTIBLES_SERIE_2000_-_2018_SEPTIEMBRE.xls :: Prom.Anual Precios al Pub. 2013,observed,official_xls,ok,Prom.Anual Precios al Pub. 2013,7,29 DIC.  AL 04  ENE 2013,rebuilt_from_official_weekly_sequence,https://micm.gob.do/transparencia/images/pdf/transparencia/Estadisticas_Institucionales/2018/HISTORICO_PRECIOS_COMBUSTIBLES_SERIE_2000_-_2018_SEPTIEMBRE.xls
2013-01-05,2013-01-11,2013,234.20,216.30,205.40,221.40,93.53,HISTORICO_PRECIOS_COMBUSTIBLES_SERIE_2000_-_2018_SEPTIEMBRE.xls :: Prom.Anual Precios al Pub. 2013,observed,official_xls,ok,Prom.Anual Precios al Pub. 2013,8,05 AL 11 ENERO 2013,rebuilt_from_official_weekly_sequence,https://micm.gob.do/transparencia/images/pdf/transparencia/Estadisticas_Institucionales/2018/HISTORICO_PRECIOS_COMBUSTIBLES_SERIE_2000_-_2018_SEPTIEMBRE.xls
2013-01-12,2013-01-18,2013,237.50,218.60,206.70,223.20,95.53,HISTORICO_PRECIOS_COMBUSTIBLES_SERIE_2000_-_2018_SEPTIEMBRE.xls :: Prom.Anual Precios al Pub. 2013,observed,official_xls,ok,Prom.Anual Precios al Pub. 2013,9,12 AL 18 DE ENERO de 2013,rebuilt_from_official_weekly_sequence,https://micm.gob.do/transparencia/images/pdf/transparencia/Estadisticas_Institucionales/2018/HISTORICO_PRECIOS_COMBUSTIBLES_SERIE_2000_-_2018_SEPTIEMBRE.xls
2013-01-19,2013-01-25,2013,239.90,220.60,206.70,223.60,95.53,HISTORICO_PRECIOS_COMBUSTIBLES_SERIE_2000_-_2018_SEPTIEMBRE.xls :: Prom.Anual Precios al Pub. 2013,observed,official_xls,ok,Prom.Anual Precios al Pub. 2013,10,19 AL 25 ENERO 2013,rebuilt_from_official_weekly_sequence,https://micm.gob.do/transparencia/images/pdf/transparencia/Estadisticas_Institucionales/2018/HISTORICO_PRECIOS_COMBUSTIBLES_SERIE_2000_-_2018_SEPTIEMBRE.xls
2013-01-26,2013-02-01,2013,242.20,222.80,208.00,224.40,97.43,HISTORICO_PRECIOS_COMBUSTIBLES_SERIE_2000_-_2018_SEPTIEMBRE.xls :: Prom.Anual Precios al Pub. 2013,observed,official_xls,ok,Prom.Anual Precios al Pub. 2013,11,26 ENE AL 01 FEB 2013,rebuilt_from_official_weekly_sequence,https://micm.gob.do/transparencia/images/pdf/transparencia/Estadisticas_Institucionales/2018/HISTORICO_PRECIOS_COMBUSTIBLES_SERIE_2000_-_2018_SEPTIEMBRE.xls
2013-02-02,2013-02-08,2013,244.20,225.20,210.10,226.40,99.78,HISTORICO_PRECIOS_COMBUSTIBLES_SERIE_2000_-_2018_SEPTIEMBRE.xls :: Prom.Anual Precios al Pub. 2013,observed,official_xls,ok,Prom.Anual Precios al Pub. 2013,12,02 AL  08 DE FEBRERO 2013,rebuilt_from_official_weekly_sequence,https://micm.gob.do/transparencia/images/pdf/transparencia/Estadisticas_Institucionales/2018/HISTORICO_PRECIOS_COMBUSTIBLES_SERIE_2000_-_2018_SEPTIEMBRE.xls
2013-02-09,2013-02-15,2013,246.50,227.20,212.10,230.70,99.78,HISTORICO_PRECIOS_COMBUSTIBLES_SERIE_2000_-_2018_SEPTIEMBRE.xls :: Prom.Anual Precios al Pub. 2013,observed,official_xls,ok,Prom.Anual Precios al Pub. 2013,13,09 AL 15  DE  FEBRERO  2013,rebuilt_from_official_weekly_sequence,https://micm.gob.do/transparencia/images/pdf/transparencia/Estadisticas_Institucionales/2018/HISTORICO_PRECIOS_COMBUSTIBLES_SERIE_2000_-_2018_SEPTIEMBRE.xls
2013-02-16,2013-02-22,2013,246.50,227.20,212.10,235.40,99.78,HISTORICO_PRECIOS_COMBUSTIBLES_SERIE_2000_-_2018_SEPTIEMBRE.xls :: Prom.Anual Precios al Pub. 2013,observed,official_xls,ok,Prom.Anual Precios al Pub. 2013,14,16 AL 22 FEBRERO 2013,rebuilt_from_official_weekly_sequence,https://micm.gob.do/transparencia/images/pdf/transparencia/Estadisticas_Institucionales/2018/HISTORICO_PRECIOS_COMBUSTIBLES_SERIE_2000_-_2018_SEPTIEMBRE.xls
2013-02-23,2013-03-01,2013,250.70,230.70,215.10,235.50,99.78,HISTORICO_PRECIOS_COMBUSTIBLES_SERIE_2000_-_2018_SEPTIEMBRE.xls :: Prom.Anual Precios al Pub. 2013,observed,official_xls,ok,Prom.Anual Precios al Pub. 2013,15,23 FEBRERO  AL 01 MARZ0 2013,rebuilt_from_official_weekly_sequence,https://micm.gob.do/transparencia/images/pdf/transparencia/Estadisticas_Institucionales/2018/HISTORICO_PRECIOS_COMBUSTIBLES_SERIE_2000_-_2018_SEPTIEMBRE.xls
2013-03-02,2013-03-08,2013,250.70,230.70,215.10,235.50,99.78,HISTORICO_PRECIOS_COMBUSTIBLES_SERIE_2000_-_2018_SEPTIEMBRE.xls :: Prom.Anual Precios al Pub. 2013,observed,official_xls,ok,Prom.Anual Precios al Pub. 2013,16,02 AL 08 MARZO 2013,rebuilt_from_official_weekly_sequence,https://micm.gob.do/transparencia/images/pdf/transparencia/Estadisticas_Institucionales/2018/HISTORICO_PRECIOS_COMBUSTIBLES_SERIE_2000_-_2018_SEPTIEMBRE.xls
2013-03-09,2013-03-15,2013,250.70,230.70,215.10,235.50,99.78,HISTORICO_PRECIOS_COMBUSTIBLES_SERIE_2000_-_2018_SEPTIEMBRE.xls :: Prom.Anual Precios al Pub. 2013,observed,official_xls,ok,Prom.Anual Precios al Pub. 2013,17,09 AL 15 MARZO 2013,rebuilt_from_official_weekly_sequence,https://micm.gob.do/transparencia/images/pdf/transparencia/Estadisticas_Institucionales/2018/HISTORICO_PRECIOS_COMBUSTIBLES_SERIE_2000_-_2018_SEPTIEMBRE.xls
2013-03-16,2013-03-22,2013,250.70,230.70,215.10,235.50,99.78,HISTORICO_PRECIOS_COMBUSTIBLES_SERIE_2000_-_2018_SEPTIEMBRE.xls :: Prom.Anual Precios al Pub. 2013,observed,official_xls,ok,Prom.Anual Precios al Pub. 2013,18,16 AL 22 MARZO 2013,rebuilt_from_official_weekly_sequence,https://micm.gob.do/transparencia/images/pdf/transparencia/Estadisticas_Institucionales/2018/HISTORICO_PRECIOS_COMBUSTIBLES_SERIE_2000_-_2018_SEPTIEMBRE.xls
2013-03-23,2013-03-29,2013,250.70,230.70,215.10,235.50,99.78,HISTORICO_PRECIOS_COMBUSTIBLES_SERIE_2000_-_2018_SEPTIEMBRE.xls :: Prom.Anual Precios al Pub. 2013,observed,official_xls,ok,Prom.Anual Precios al Pub. 2013,19,23  AL 29 MARZO 2013,rebuilt_from_official_weekly_sequence,https://micm.gob.do/transparencia/images/pdf/transparencia/Estadisticas_Institucionales/2018/HISTORICO_PRECIOS_COMBUSTIBLES_SERIE_2000_-_2018_SEPTIEMBRE.xls
2013-03-30,2013-04-05,2013,250.70,230.70,213.10,233.50,98.78,HISTORICO_PRECIOS_COMBUSTIBLES_SERIE_2000_-_2018_SEPTIEMBRE.xls :: Prom.Anual Precios al Pub. 2013,observed,official_xls,ok,Prom.Anual Precios al Pub. 2013,20,30 DE MARZ AL 5 DE ABRIL  2013,rebuilt_from_official_weekly_sequence,https://micm.gob.do/transparencia/images/pdf/transparencia/Estadisticas_Institucionales/2018/HISTORICO_PRECIOS_COMBUSTIBLES_SERIE_2000_-_2018_SEPTIEMBRE.xls
2013-04-06,2013-04-12,2013,250.70,230.70,213.10,233.50,98.78,HISTORICO_PRECIOS_COMBUSTIBLES_SERIE_2000_-_2018_SEPTIEMBRE.xls :: Prom.Anual Precios al Pub. 2013,observed,official_xls,ok,Prom.Anual Precios al Pub. 2013,21,06 AL 12 ABRIL 2013,rebuilt_from_official_weekly_sequence,https://micm.gob.do/transparencia/images/pdf/transparencia/Estadisticas_Institucionales/2018/HISTORICO_PRECIOS_COMBUSTIBLES_SERIE_2000_-_2018_SEPTIEMBRE.xls
2013-04-13,2013-04-19,2013,250.70,230.70,211.00,231.10,97.78,HISTORICO_PRECIOS_COMBUSTIBLES_SERIE_2000_-_2018_SEPTIEMBRE.xls :: Prom.Anual Precios al Pub. 2013,observed,official_xls,ok,Prom.Anual Precios al Pub. 2013,22,13 AL 19 ABRIL 2013,rebuilt_from_official_weekly_sequence,https://micm.gob.do/transparencia/images/pdf/transparencia/Estadisticas_Institucionales/2018/HISTORICO_PRECIOS_COMBUSTIBLES_SERIE_2000_-_2018_SEPTIEMBRE.xls
2013-04-20,2013-04-26,2013,250.70,230.70,207.70,227.90,97.78,HISTORICO_PRECIOS_COMBUSTIBLES_SERIE_2000_-_2018_SEPTIEMBRE.xls :: Prom.Anual Precios al Pub. 2013,observed,official_xls,ok,Prom.Anual Precios al Pub. 2013,23,20 ABR AL 26 ABR 2013,rebuilt_from_official_weekly_sequence,https://micm.gob.do/transparencia/images/pdf/transparencia/Estadisticas_Institucionales/2018/HISTORICO_PRECIOS_COMBUSTIBLES_SERIE_2000_-_2018_SEPTIEMBRE.xls
2013-04-27,2013-05-03,2013,249.70,229.70,205.70,225.90,96.78,HISTORICO_PRECIOS_COMBUSTIBLES_SERIE_2000_-_2018_SEPTIEMBRE.xls :: Prom.Anual Precios al Pub. 2013,observed,official_xls,ok,Prom.Anual Precios al Pub. 2013,24,27 ABRIL AL 03 MAYO 2013,rebuilt_from_official_weekly_sequence,https://micm.gob.do/transparencia/images/pdf/transparencia/Estadisticas_Institucionales/2018/HISTORICO_PRECIOS_COMBUSTIBLES_SERIE_2000_-_2018_SEPTIEMBRE.xls
2013-05-04,2013-05-10,2013,249.70,229.70,205.70,225.90,96.78,HISTORICO_PRECIOS_COMBUSTIBLES_SERIE_2000_-_2018_SEPTIEMBRE.xls :: Prom.Anual Precios al Pub. 2013,observed,official_xls,ok,Prom.Anual Precios al Pub. 2013,25,04 AL 10  MAYO 2013,rebuilt_from_official_weekly_sequence,https://micm.gob.do/transparencia/images/pdf/transparencia/Estadisticas_Institucionales/2018/HISTORICO_PRECIOS_COMBUSTIBLES_SERIE_2000_-_2018_SEPTIEMBRE.xls
2013-05-11,2013-05-17,2013,249.70,229.70,205.70,225.90,96.78,HISTORICO_PRECIOS_COMBUSTIBLES_SERIE_2000_-_2018_SEPTIEMBRE.xls :: Prom.Anual Precios al Pub. 2013,observed,official_xls,ok,Prom.Anual Precios al Pub. 2013,26,11 AL 17 MAYO 2013,rebuilt_from_official_weekly_sequence,https://micm.gob.do/transparencia/images/pdf/transparencia/Estadisticas_Institucionales/2018/HISTORICO_PRECIOS_COMBUSTIBLES_SERIE_2000_-_2018_SEPTIEMBRE.xls
2013-05-18,2013-05-24,2013,249.70,229.70,205.70,225.90,96.78,HISTORICO_PRECIOS_COMBUSTIBLES_SERIE_2000_-_2018_SEPTIEMBRE.xls :: Prom.Anual Precios al Pub. 2013,observed,official_xls,ok,Prom.Anual Precios al Pub. 2013,27,18 AL 24 MAYO 2013,rebuilt_from_official_weekly_sequence,https://micm.gob.do/transparencia/images/pdf/transparencia/Estadisticas_Institucionales/2018/HISTORICO_PRECIOS_COMBUSTIBLES_SERIE_2000_-_2018_SEPTIEMBRE.xls
2013-05-25,2013-05-31,2013,249.70,229.70,205.70,225.90,96.78,HISTORICO_PRECIOS_COMBUSTIBLES_SERIE_2000_-_2018_SEPTIEMBRE.xls :: Prom.Anual Precios al Pub. 2013,observed,official_xls,ok,Prom.Anual Precios al Pub. 2013,28,25 AL 31 DE MAYO 2013,rebuilt_from_official_weekly_sequence,https://micm.gob.do/transparencia/images/pdf/transparencia/Estadisticas_Institucionales/2018/HISTORICO_PRECIOS_COMBUSTIBLES_SERIE_2000_-_2018_SEPTIEMBRE.xls
2013-06-01,2013-06-07,2013,249.70,229.70,203.50,223.50,96.78,HISTORICO_PRECIOS_COMBUSTIBLES_SERIE_2000_-_2018_SEPTIEMBRE.xls :: Prom.Anual Precios al Pub. 2013,observed,official_xls,ok,Prom.Anual Precios al Pub. 2013,29,01 AL 07 JUNIO 2013,rebuilt_from_official_weekly_sequence,https://micm.gob.do/transparencia/images/pdf/transparencia/Estadisticas_Institucionales/2018/HISTORICO_PRECIOS_COMBUSTIBLES_SERIE_2000_-_2018_SEPTIEMBRE.xls
2013-06-08,2013-06-14,2013,249.70,229.70,203.50,223.50,96.78,HISTORICO_PRECIOS_COMBUSTIBLES_SERIE_2000_-_2018_SEPTIEMBRE.xls :: Prom.Anual Precios al Pub. 2013,observed,official_xls,ok,Prom.Anual Precios al Pub. 2013,30,08 AL 14 JUNIO 2013,rebuilt_from_official_weekly_sequence,https://micm.gob.do/transparencia/images/pdf/transparencia/Estadisticas_Institucionales/2018/HISTORICO_PRECIOS_COMBUSTIBLES_SERIE_2000_-_2018_SEPTIEMBRE.xls
2013-06-15,2013-06-21,2013,249.70,229.70,203.50,223.50,96.78,HISTORICO_PRECIOS_COMBUSTIBLES_SERIE_2000_-_2018_SEPTIEMBRE.xls :: Prom.Anual Precios al Pub. 2013,observed,official_xls,ok,Prom.Anual Precios al Pub. 2013,31,15 JUN AL 21 JUNIO 2013,rebuilt_from_official_weekly_sequence,https://micm.gob.do/transparencia/images/pdf/transparencia/Estadisticas_Institucionales/2018/HISTORICO_PRECIOS_COMBUSTIBLES_SERIE_2000_-_2018_SEPTIEMBRE.xls
2013-06-22,2013-06-28,2013,252.20,232.40,205.50,224.50,97.78,HISTORICO_PRECIOS_COMBUSTIBLES_SERIE_2000_-_2018_SEPTIEMBRE.xls :: Prom.Anual Precios al Pub. 2013,observed,official_xls,ok,Prom.Anual Precios al Pub. 2013,32,22 JUN AL 28 JUNIO 2013,rebuilt_from_official_weekly_sequence,https://micm.gob.do/transparencia/images/pdf/transparencia/Estadisticas_Institucionales/2018/HISTORICO_PRECIOS_COMBUSTIBLES_SERIE_2000_-_2018_SEPTIEMBRE.xls
2013-06-29,2013-07-05,2013,251.20,231.40,203.50,222.00,94.78,HISTORICO_PRECIOS_COMBUSTIBLES_SERIE_2000_-_2018_SEPTIEMBRE.xls :: Prom.Anual Precios al Pub. 2013,observed,official_xls,ok,Prom.Anual Precios al Pub. 2013,33,29  de JUNIO AL 05  JULIO 2013,rebuilt_from_official_weekly_sequence,https://micm.gob.do/transparencia/images/pdf/transparencia/Estadisticas_Institucionales/2018/HISTORICO_PRECIOS_COMBUSTIBLES_SERIE_2000_-_2018_SEPTIEMBRE.xls
2013-07-06,2013-07-12,2013,251.20,231.40,203.50,222.00,94.78,HISTORICO_PRECIOS_COMBUSTIBLES_SERIE_2000_-_2018_SEPTIEMBRE.xls :: Prom.Anual Precios al Pub. 2013,observed,official_xls,ok,Prom.Anual Precios al Pub. 2013,34,06  AL 12 JULIO 2013,rebuilt_from_official_weekly_sequence,https://micm.gob.do/transparencia/images/pdf/transparencia/Estadisticas_Institucionales/2018/HISTORICO_PRECIOS_COMBUSTIBLES_SERIE_2000_-_2018_SEPTIEMBRE.xls
2013-07-13,2013-07-19,2013,253.90,235.00,205.70,225.40,96.78,HISTORICO_PRECIOS_COMBUSTIBLES_SERIE_2000_-_2018_SEPTIEMBRE.xls :: Prom.Anual Precios al Pub. 2013,observed,official_xls,ok,Prom.Anual Precios al Pub. 2013,35,13 AL 19 JULIO 2013,rebuilt_from_official_weekly_sequence,https://micm.gob.do/transparencia/images/pdf/transparencia/Estadisticas_Institucionales/2018/HISTORICO_PRECIOS_COMBUSTIBLES_SERIE_2000_-_2018_SEPTIEMBRE.xls
2013-07-20,2013-07-26,2013,257.90,239.50,209.70,228.40,99.78,HISTORICO_PRECIOS_COMBUSTIBLES_SERIE_2000_-_2018_SEPTIEMBRE.xls :: Prom.Anual Precios al Pub. 2013,observed,official_xls,ok,Prom.Anual Precios al Pub. 2013,36,20 AL 26 JULIO 2013,rebuilt_from_official_weekly_sequence,https://micm.gob.do/transparencia/images/pdf/transparencia/Estadisticas_Institucionales/2018/HISTORICO_PRECIOS_COMBUSTIBLES_SERIE_2000_-_2018_SEPTIEMBRE.xls
2013-07-27,2013-08-02,2013,260.00,241.90,209.70,228.40,100.78,HISTORICO_PRECIOS_COMBUSTIBLES_SERIE_2000_-_2018_SEPTIEMBRE.xls :: Prom.Anual Precios al Pub. 2013,observed,official_xls,ok,Prom.Anual Precios al Pub. 2013,37,27 JUL  AL 02 AGO 2013,rebuilt_from_official_weekly_sequence,https://micm.gob.do/transparencia/images/pdf/transparencia/Estadisticas_Institucionales/2018/HISTORICO_PRECIOS_COMBUSTIBLES_SERIE_2000_-_2018_SEPTIEMBRE.xls
2013-08-03,2013-08-09,2013,262.10,244.20,209.70,228.40,100.78,HISTORICO_PRECIOS_COMBUSTIBLES_SERIE_2000_-_2018_SEPTIEMBRE.xls :: Prom.Anual Precios al Pub. 2013,observed,official_xls,ok,Prom.Anual Precios al Pub. 2013,38,03  AL 09 AGO 2013,rebuilt_from_official_weekly_sequence,https://micm.gob.do/transparencia/images/pdf/transparencia/Estadisticas_Institucionales/2018/HISTORICO_PRECIOS_COMBUSTIBLES_SERIE_2000_-_2018_SEPTIEMBRE.xls
2013-08-10,2013-08-16,2013,262.10,244.20,209.70,228.40,100.78,HISTORICO_PRECIOS_COMBUSTIBLES_SERIE_2000_-_2018_SEPTIEMBRE.xls :: Prom.Anual Precios al Pub. 2013,observed,official_xls,ok,Prom.Anual Precios al Pub. 2013,39,10 AL 16 AGOSTO 2013,rebuilt_from_official_weekly_sequence,https://micm.gob.do/transparencia/images/pdf/transparencia/Estadisticas_Institucionales/2018/HISTORICO_PRECIOS_COMBUSTIBLES_SERIE_2000_-_2018_SEPTIEMBRE.xls
2013-08-17,2013-08-23,2013,262.10,244.20,209.70,228.40,100.78,HISTORICO_PRECIOS_COMBUSTIBLES_SERIE_2000_-_2018_SEPTIEMBRE.xls :: Prom.Anual Precios al Pub. 2013,observed,official_xls,ok,Prom.Anual Precios al Pub. 2013,40,17 AL 23 AGOSTO 2013,rebuilt_from_official_weekly_sequence,https://micm.gob.do/transparencia/images/pdf/transparencia/Estadisticas_Institucionales/2018/HISTORICO_PRECIOS_COMBUSTIBLES_SERIE_2000_-_2018_SEPTIEMBRE.xls
2013-08-24,2013-08-30,2013,264.40,246.60,211.90,230.20,103.00,HISTORICO_PRECIOS_COMBUSTIBLES_SERIE_2000_-_2018_SEPTIEMBRE.xls :: Prom.Anual Precios al Pub. 2013,observed,official_xls,ok,Prom.Anual Precios al Pub. 2013,41,24 AGO AL 30 AGO 2013,rebuilt_from_official_weekly_sequence,https://micm.gob.do/transparencia/images/pdf/transparencia/Estadisticas_Institucionales/2018/HISTORICO_PRECIOS_COMBUSTIBLES_SERIE_2000_-_2018_SEPTIEMBRE.xls
2013-08-31,2013-09-06,2013,266.50,248.80,214.20,232.30,105.50,HISTORICO_PRECIOS_COMBUSTIBLES_SERIE_2000_-_2018_SEPTIEMBRE.xls :: Prom.Anual Precios al Pub. 2013,observed,official_xls,ok,Prom.Anual Precios al Pub. 2013,42,31  DE AGOSTO AL 06 SEPT 2013,rebuilt_from_official_weekly_sequence,https://micm.gob.do/transparencia/images/pdf/transparencia/Estadisticas_Institucionales/2018/HISTORICO_PRECIOS_COMBUSTIBLES_SERIE_2000_-_2018_SEPTIEMBRE.xls
2013-09-07,2013-09-13,2013,266.50,248.80,214.20,232.30,105.50,HISTORICO_PRECIOS_COMBUSTIBLES_SERIE_2000_-_2018_SEPTIEMBRE.xls :: Prom.Anual Precios al Pub. 2013,observed,official_xls,ok,Prom.Anual Precios al Pub. 2013,43,07 AL 13 SEPT 2013,rebuilt_from_official_weekly_sequence,https://micm.gob.do/transparencia/images/pdf/transparencia/Estadisticas_Institucionales/2018/HISTORICO_PRECIOS_COMBUSTIBLES_SERIE_2000_-_2018_SEPTIEMBRE.xls
2013-09-14,2013-09-20,2013,266.50,248.80,214.20,232.30,105.50,HISTORICO_PRECIOS_COMBUSTIBLES_SERIE_2000_-_2018_SEPTIEMBRE.xls :: Prom.Anual Precios al Pub. 2013,observed,official_xls,ok,Prom.Anual Precios al Pub. 2013,44,14 AL 20 SEPT 2013,rebuilt_from_official_weekly_sequence,https://micm.gob.do/transparencia/images/pdf/transparencia/Estadisticas_Institucionales/2018/HISTORICO_PRECIOS_COMBUSTIBLES_SERIE_2000_-_2018_SEPTIEMBRE.xls
2013-09-21,2013-09-27,2013,264.50,246.80,214.20,232.30,105.50,HISTORICO_PRECIOS_COMBUSTIBLES_SERIE_2000_-_2018_SEPTIEMBRE.xls :: Prom.Anual Precios al Pub. 2013,observed,official_xls,ok,Prom.Anual Precios al Pub. 2013,45,21 AL 27  SEPT 2013,rebuilt_from_official_weekly_sequence,https://micm.gob.do/transparencia/images/pdf/transparencia/Estadisticas_Institucionales/2018/HISTORICO_PRECIOS_COMBUSTIBLES_SERIE_2000_-_2018_SEPTIEMBRE.xls
2013-09-28,2013-10-04,2013,260.50,242.80,213.00,231.10,105.50,HISTORICO_PRECIOS_COMBUSTIBLES_SERIE_2000_-_2018_SEPTIEMBRE.xls :: Prom.Anual Precios al Pub. 2013,observed,official_xls,ok,Prom.Anual Precios al Pub. 2013,46,28 SEPT  AL 04 OCT 2013,rebuilt_from_official_weekly_sequence,https://micm.gob.do/transparencia/images/pdf/transparencia/Estadisticas_Institucionales/2018/HISTORICO_PRECIOS_COMBUSTIBLES_SERIE_2000_-_2018_SEPTIEMBRE.xls
2013-10-05,2013-10-11,2013,256.50,239.80,211.70,227.70,105.50,HISTORICO_PRECIOS_COMBUSTIBLES_SERIE_2000_-_2018_SEPTIEMBRE.xls :: Prom.Anual Precios al Pub. 2013,observed,official_xls,ok,Prom.Anual Precios al Pub. 2013,47,05 OCT AL 11 OCT 2013,rebuilt_from_official_weekly_sequence,https://micm.gob.do/transparencia/images/pdf/transparencia/Estadisticas_Institucionales/2018/HISTORICO_PRECIOS_COMBUSTIBLES_SERIE_2000_-_2018_SEPTIEMBRE.xls
2013-10-12,2013-10-18,2013,256.50,239.80,211.70,227.70,105.50,HISTORICO_PRECIOS_COMBUSTIBLES_SERIE_2000_-_2018_SEPTIEMBRE.xls :: Prom.Anual Precios al Pub. 2013,observed,official_xls,ok,Prom.Anual Precios al Pub. 2013,48,12 AL 18 OCT 2013,rebuilt_from_official_weekly_sequence,https://micm.gob.do/transparencia/images/pdf/transparencia/Estadisticas_Institucionales/2018/HISTORICO_PRECIOS_COMBUSTIBLES_SERIE_2000_-_2018_SEPTIEMBRE.xls
2013-10-19,2013-10-25,2013,256.50,239.80,211.70,227.70,105.50,HISTORICO_PRECIOS_COMBUSTIBLES_SERIE_2000_-_2018_SEPTIEMBRE.xls :: Prom.Anual Precios al Pub. 2013,observed,official_xls,ok,Prom.Anual Precios al Pub. 2013,49,19 AL 25 OCT 2013,rebuilt_from_official_weekly_sequence,https://micm.gob.do/transparencia/images/pdf/transparencia/Estadisticas_Institucionales/2018/HISTORICO_PRECIOS_COMBUSTIBLES_SERIE_2000_-_2018_SEPTIEMBRE.xls
2013-10-26,2013-11-01,2013,256.50,239.80,211.70,227.70,105.50,HISTORICO_PRECIOS_COMBUSTIBLES_SERIE_2000_-_2018_SEPTIEMBRE.xls :: Prom.Anual Precios al Pub. 2013,observed,official_xls,ok,Prom.Anual Precios al Pub. 2013,50,26 DE OCT AL 01 NOV 2013,rebuilt_from_official_weekly_sequence,https://micm.gob.do/transparencia/images/pdf/transparencia/Estadisticas_Institucionales/2018/HISTORICO_PRECIOS_COMBUSTIBLES_SERIE_2000_-_2018_SEPTIEMBRE.xls
2013-11-02,2013-11-08,2013,250.00,235.00,210.70,226.70,105.50,HISTORICO_PRECIOS_COMBUSTIBLES_SERIE_2000_-_2018_SEPTIEMBRE.xls :: Prom.Anual Precios al Pub. 2013,observed,official_xls,ok,Prom.Anual Precios al Pub. 2013,51,02 NOV AL 08 NOV 2013,rebuilt_from_official_weekly_sequence,https://micm.gob.do/transparencia/images/pdf/transparencia/Estadisticas_Institucionales/2018/HISTORICO_PRECIOS_COMBUSTIBLES_SERIE_2000_-_2018_SEPTIEMBRE.xls
2013-11-09,2013-11-15,2013,247.70,233.00,209.50,225.10,104.50,HISTORICO_PRECIOS_COMBUSTIBLES_SERIE_2000_-_2018_SEPTIEMBRE.xls :: Prom.Anual Precios al Pub. 2013,observed,official_xls,ok,Prom.Anual Precios al Pub. 2013,52,09 AL 15 NOV 2013,rebuilt_from_official_weekly_sequence,https://micm.gob.do/transparencia/images/pdf/transparencia/Estadisticas_Institucionales/2018/HISTORICO_PRECIOS_COMBUSTIBLES_SERIE_2000_-_2018_SEPTIEMBRE.xls
2013-11-16,2013-11-22,2013,245.30,230.70,208.40,223.80,104.50,HISTORICO_PRECIOS_COMBUSTIBLES_SERIE_2000_-_2018_SEPTIEMBRE.xls :: Prom.Anual Precios al Pub. 2013,observed,official_xls,ok,Prom.Anual Precios al Pub. 2013,53,16 NOV  AL 23 NOV 2013,rebuilt_from_official_weekly_sequence,https://micm.gob.do/transparencia/images/pdf/transparencia/Estadisticas_Institucionales/2018/HISTORICO_PRECIOS_COMBUSTIBLES_SERIE_2000_-_2018_SEPTIEMBRE.xls
2013-11-23,2013-11-29,2013,247.40,232.70,210.60,225.80,106.50,HISTORICO_PRECIOS_COMBUSTIBLES_SERIE_2000_-_2018_SEPTIEMBRE.xls :: Prom.Anual Precios al Pub. 2013,observed,official_xls,ok,Prom.Anual Precios al Pub. 2013,54,23 AL 29 NOV 2013,rebuilt_from_official_weekly_sequence,https://micm.gob.do/transparencia/images/pdf/transparencia/Estadisticas_Institucionales/2018/HISTORICO_PRECIOS_COMBUSTIBLES_SERIE_2000_-_2018_SEPTIEMBRE.xls
2013-11-30,2013-12-06,2013,249.40,234.80,213.00,227.80,108.50,HISTORICO_PRECIOS_COMBUSTIBLES_SERIE_2000_-_2018_SEPTIEMBRE.xls :: Prom.Anual Precios al Pub. 2013,observed,official_xls,ok,Prom.Anual Precios al Pub. 2013,55,30  NOV AL 06 DIC 2013,rebuilt_from_official_weekly_sequence,https://micm.gob.do/transparencia/images/pdf/transparencia/Estadisticas_Institucionales/2018/HISTORICO_PRECIOS_COMBUSTIBLES_SERIE_2000_-_2018_SEPTIEMBRE.xls
2013-12-07,2013-12-13,2013,249.40,234.80,213.00,227.80,108.50,HISTORICO_PRECIOS_COMBUSTIBLES_SERIE_2000_-_2018_SEPTIEMBRE.xls :: Prom.Anual Precios al Pub. 2013,observed,official_xls,ok,Prom.Anual Precios al Pub. 2013,56,07 AL 13 DIC 2013,rebuilt_from_official_weekly_sequence,https://micm.gob.do/transparencia/images/pdf/transparencia/Estadisticas_Institucionales/2018/HISTORICO_PRECIOS_COMBUSTIBLES_SERIE_2000_-_2018_SEPTIEMBRE.xls
2013-12-14,2013-12-20,2013,249.40,234.80,213.00,227.80,108.50,HISTORICO_PRECIOS_COMBUSTIBLES_SERIE_2000_-_2018_SEPTIEMBRE.xls :: Prom.Anual Precios al Pub. 2013,observed,official_xls,ok,Prom.Anual Precios al Pub. 2013,57,14 AL 20 DIC 2013,rebuilt_from_official_weekly_sequence,https://micm.gob.do/transparencia/images/pdf/transparencia/Estadisticas_Institucionales/2018/HISTORICO_PRECIOS_COMBUSTIBLES_SERIE_2000_-_2018_SEPTIEMBRE.xls
2013-12-21,2013-12-27,2013,247.40,232.80,213.00,227.80,108.50,HISTORICO_PRECIOS_COMBUSTIBLES_SERIE_2000_-_2018_SEPTIEMBRE.xls :: Prom.Anual Precios al Pub. 2013,observed,official_xls,ok,Prom.Anual Precios al Pub. 2013,58,21 AL 27 DIC 2013,rebuilt_from_official_weekly_sequence,https://micm.gob.do/transparencia/images/pdf/transparencia/Estadisticas_Institucionales/2018/HISTORICO_PRECIOS_COMBUSTIBLES_SERIE_2000_-_2018_SEPTIEMBRE.xls
2013-12-28,2014-01-03,2013,247.40,232.80,213.00,227.80,108.50,HISTORICO_PRECIOS_COMBUSTIBLES_SERIE_2000_-_2018_SEPTIEMBRE.xls :: Prom.Anual Precios al Pub. 2014,observed,official_xls,ok,Prom.Anual Precios al Pub. 2014,7,28 DIC.  AL 03  ENE 2014,rebuilt_from_official_weekly_sequence,https://micm.gob.do/transparencia/images/pdf/transparencia/Estadisticas_Institucionales/2018/HISTORICO_PRECIOS_COMBUSTIBLES_SERIE_2000_-_2018_SEPTIEMBRE.xls
2014-01-04,2014-01-10,2014,247.40,232.80,213.00,227.80,108.50,HISTORICO_PRECIOS_COMBUSTIBLES_SERIE_2000_-_2018_SEPTIEMBRE.xls :: Prom.Anual Precios al Pub. 2014,observed,official_xls,ok,Prom.Anual Precios al Pub. 2014,8,04 AL 10 ENE 2014,rebuilt_from_official_weekly_sequence,https://micm.gob.do/transparencia/images/pdf/transparencia/Estadisticas_Institucionales/2018/HISTORICO_PRECIOS_COMBUSTIBLES_SERIE_2000_-_2018_SEPTIEMBRE.xls
2014-01-11,2014-01-17,2014,248.50,233.80,214.20,227.80,110.50,HISTORICO_PRECIOS_COMBUSTIBLES_SERIE_2000_-_2018_SEPTIEMBRE.xls :: Prom.Anual Precios al Pub. 2014,observed,official_xls,ok,Prom.Anual Precios al Pub. 2014,9,11 AL 17 ENE 2014,rebuilt_from_official_weekly_sequence,https://micm.gob.do/transparencia/images/pdf/transparencia/Estadisticas_Institucionales/2018/HISTORICO_PRECIOS_COMBUSTIBLES_SERIE_2000_-_2018_SEPTIEMBRE.xls
2014-01-18,2014-01-24,2014,248.50,233.80,214.20,227.80,110.50,HISTORICO_PRECIOS_COMBUSTIBLES_SERIE_2000_-_2018_SEPTIEMBRE.xls :: Prom.Anual Precios al Pub. 2014,observed,official_xls,ok,Prom.Anual Precios al Pub. 2014,10,18 AL 24 ENE 2014,rebuilt_from_official_weekly_sequence,https://micm.gob.do/transparencia/images/pdf/transparencia/Estadisticas_Institucionales/2018/HISTORICO_PRECIOS_COMBUSTIBLES_SERIE_2000_-_2018_SEPTIEMBRE.xls
2014-01-25,2014-01-31,2014,250.60,235.80,216.40,229.80,114.99,HISTORICO_PRECIOS_COMBUSTIBLES_SERIE_2000_-_2018_SEPTIEMBRE.xls :: Prom.Anual Precios al Pub. 2014,observed,official_xls,ok,Prom.Anual Precios al Pub. 2014,11,25 Al 31 DE ENE 2014,rebuilt_from_official_weekly_sequence,https://micm.gob.do/transparencia/images/pdf/transparencia/Estadisticas_Institucionales/2018/HISTORICO_PRECIOS_COMBUSTIBLES_SERIE_2000_-_2018_SEPTIEMBRE.xls
2014-02-01,2014-02-07,2014,250.60,235.80,216.40,229.80,116.90,HISTORICO_PRECIOS_COMBUSTIBLES_SERIE_2000_-_2018_SEPTIEMBRE.xls :: Prom.Anual Precios al Pub. 2014,observed,official_xls,ok,Prom.Anual Precios al Pub. 2014,12,01 AL 07 FEB 2014,rebuilt_from_official_weekly_sequence,https://micm.gob.do/transparencia/images/pdf/transparencia/Estadisticas_Institucionales/2018/HISTORICO_PRECIOS_COMBUSTIBLES_SERIE_2000_-_2018_SEPTIEMBRE.xls
2014-02-08,2014-02-14,2014,250.60,235.80,216.40,229.80,116.90,HISTORICO_PRECIOS_COMBUSTIBLES_SERIE_2000_-_2018_SEPTIEMBRE.xls :: Prom.Anual Precios al Pub. 2014,observed,official_xls,ok,Prom.Anual Precios al Pub. 2014,13,8 AL 14 FEB 2014,rebuilt_from_official_weekly_sequence,https://micm.gob.do/transparencia/images/pdf/transparencia/Estadisticas_Institucionales/2018/HISTORICO_PRECIOS_COMBUSTIBLES_SERIE_2000_-_2018_SEPTIEMBRE.xls
2014-02-15,2014-02-21,2014,250.60,235.80,216.40,229.80,116.90,HISTORICO_PRECIOS_COMBUSTIBLES_SERIE_2000_-_2018_SEPTIEMBRE.xls :: Prom.Anual Precios al Pub. 2014,observed,official_xls,ok,Prom.Anual Precios al Pub. 2014,14,15 AL 21 FEB 2014,rebuilt_from_official_weekly_sequence,https://micm.gob.do/transparencia/images/pdf/transparencia/Estadisticas_Institucionales/2018/HISTORICO_PRECIOS_COMBUSTIBLES_SERIE_2000_-_2018_SEPTIEMBRE.xls
2014-02-22,2014-02-28,2014,253.00,237.80,216.40,234.10,116.90,HISTORICO_PRECIOS_COMBUSTIBLES_SERIE_2000_-_2018_SEPTIEMBRE.xls :: Prom.Anual Precios al Pub. 2014,observed,official_xls,ok,Prom.Anual Precios al Pub. 2014,15,22 FEB AL 28  2014,rebuilt_from_official_weekly_sequence,https://micm.gob.do/transparencia/images/pdf/transparencia/Estadisticas_Institucionales/2018/HISTORICO_PRECIOS_COMBUSTIBLES_SERIE_2000_-_2018_SEPTIEMBRE.xls
2014-03-01,2014-03-07,2014,253.00,237.80,216.40,234.10,116.90,HISTORICO_PRECIOS_COMBUSTIBLES_SERIE_2000_-_2018_SEPTIEMBRE.xls :: Prom.Anual Precios al Pub. 2014,observed,official_xls,ok,Prom.Anual Precios al Pub. 2014,16,01 AL 07 DE MARZO 2014,rebuilt_from_official_weekly_sequence,https://micm.gob.do/transparencia/images/pdf/transparencia/Estadisticas_Institucionales/2018/HISTORICO_PRECIOS_COMBUSTIBLES_SERIE_2000_-_2018_SEPTIEMBRE.xls
2014-03-08,2014-03-14,2014,255.20,239.80,218.60,235.50,116.90,HISTORICO_PRECIOS_COMBUSTIBLES_SERIE_2000_-_2018_SEPTIEMBRE.xls :: Prom.Anual Precios al Pub. 2014,observed,official_xls,ok,Prom.Anual Precios al Pub. 2014,17,08 AL 14 DE MARZO 2014,rebuilt_from_official_weekly_sequence,https://micm.gob.do/transparencia/images/pdf/transparencia/Estadisticas_Institucionales/2018/HISTORICO_PRECIOS_COMBUSTIBLES_SERIE_2000_-_2018_SEPTIEMBRE.xls
2014-03-15,2014-03-21,2014,255.20,239.80,216.80,233.40,114.90,HISTORICO_PRECIOS_COMBUSTIBLES_SERIE_2000_-_2018_SEPTIEMBRE.xls :: Prom.Anual Precios al Pub. 2014,observed,verified_external_release,corrected_verified,Prom.Anual Precios al Pub. 2014,18,15  AL 21 MARZO 2014,rebuilt_from_official_weekly_sequence,https://eldinero.com.do/4532/gobierno-anuncia-rebajas-en-precios-del-gasoil-y-glp-demas-combustibles-sin-variacion/
2014-03-22,2014-03-28,2014,255.20,239.80,216.80,233.40,114.90,HISTORICO_PRECIOS_COMBUSTIBLES_SERIE_2000_-_2018_SEPTIEMBRE.xls :: Prom.Anual Precios al Pub. 2014,observed,verified_external_release,corrected_verified,Prom.Anual Precios al Pub. 2014,19,22 MAR AL 28 MARZO 2014,rebuilt_from_official_weekly_sequence,https://12y2.com/2014/gas-natural-sube-un-peso-congelan-otros-combustibles/
2014-03-29,2014-04-04,2014,257.20,241.80,216.80,233.40,114.90,HISTORICO_PRECIOS_COMBUSTIBLES_SERIE_2000_-_2018_SEPTIEMBRE.xls :: Prom.Anual Precios al Pub. 2014,observed,official_xls,ok,Prom.Anual Precios al Pub. 2014,20,29 MARZO AL 04 ABRIL 2014,rebuilt_from_official_weekly_sequence,https://micm.gob.do/transparencia/images/pdf/transparencia/Estadisticas_Institucionales/2018/HISTORICO_PRECIOS_COMBUSTIBLES_SERIE_2000_-_2018_SEPTIEMBRE.xls
2014-04-05,2014-04-11,2014,259.30,243.20,216.80,233.40,114.90,HISTORICO_PRECIOS_COMBUSTIBLES_SERIE_2000_-_2018_SEPTIEMBRE.xls :: Prom.Anual Precios al Pub. 2014,observed,official_xls,ok,Prom.Anual Precios al Pub. 2014,21,05 AL 11 ABRIL 2014,rebuilt_from_official_weekly_sequence,https://micm.gob.do/transparencia/images/pdf/transparencia/Estadisticas_Institucionales/2018/HISTORICO_PRECIOS_COMBUSTIBLES_SERIE_2000_-_2018_SEPTIEMBRE.xls
2014-04-12,2014-04-18,2014,259.30,243.20,216.80,233.40,114.90,HISTORICO_PRECIOS_COMBUSTIBLES_SERIE_2000_-_2018_SEPTIEMBRE.xls :: Prom.Anual Precios al Pub. 2014,observed,official_xls,ok,Prom.Anual Precios al Pub. 2014,22,12   AL 18 ABRIL 2014,rebuilt_from_official_weekly_sequence,https://micm.gob.do/transparencia/images/pdf/transparencia/Estadisticas_Institucionales/2018/HISTORICO_PRECIOS_COMBUSTIBLES_SERIE_2000_-_2018_SEPTIEMBRE.xls
2014-04-19,2014-04-25,2014,259.30,243.20,216.80,233.40,114.90,HISTORICO_PRECIOS_COMBUSTIBLES_SERIE_2000_-_2018_SEPTIEMBRE.xls :: Prom.Anual Precios al Pub. 2014,observed,official_xls,ok,Prom.Anual Precios al Pub. 2014,23,19  ABR AL 25  2014,rebuilt_from_official_weekly_sequence,https://micm.gob.do/transparencia/images/pdf/transparencia/Estadisticas_Institucionales/2018/HISTORICO_PRECIOS_COMBUSTIBLES_SERIE_2000_-_2018_SEPTIEMBRE.xls
2014-04-26,2014-05-02,2014,262.30,246.20,219.50,235.00,114.90,HISTORICO_PRECIOS_COMBUSTIBLES_SERIE_2000_-_2018_SEPTIEMBRE.xls :: Prom.Anual Precios al Pub. 2014,observed,official_xls,ok,Prom.Anual Precios al Pub. 2014,24,26 ABRIL AL 02 MAYO 2014,rebuilt_from_official_weekly_sequence,https://micm.gob.do/transparencia/images/pdf/transparencia/Estadisticas_Institucionales/2018/HISTORICO_PRECIOS_COMBUSTIBLES_SERIE_2000_-_2018_SEPTIEMBRE.xls
2014-05-03,2014-05-09,2014,264.70,248.10,219.50,235.00,114.90,HISTORICO_PRECIOS_COMBUSTIBLES_SERIE_2000_-_2018_SEPTIEMBRE.xls :: Prom.Anual Precios al Pub. 2014,observed,official_xls,ok,Prom.Anual Precios al Pub. 2014,25,03 AL 09 DE MAYO 2014,rebuilt_from_official_weekly_sequence,https://micm.gob.do/transparencia/images/pdf/transparencia/Estadisticas_Institucionales/2018/HISTORICO_PRECIOS_COMBUSTIBLES_SERIE_2000_-_2018_SEPTIEMBRE.xls
2014-05-10,2014-05-16,2014,264.70,248.10,219.50,235.00,114.90,HISTORICO_PRECIOS_COMBUSTIBLES_SERIE_2000_-_2018_SEPTIEMBRE.xls :: Prom.Anual Precios al Pub. 2014,observed,official_xls,ok,Prom.Anual Precios al Pub. 2014,26,10 AL 16  MAYO 2014,rebuilt_from_official_weekly_sequence,https://micm.gob.do/transparencia/images/pdf/transparencia/Estadisticas_Institucionales/2018/HISTORICO_PRECIOS_COMBUSTIBLES_SERIE_2000_-_2018_SEPTIEMBRE.xls
2014-05-17,2014-05-23,2014,264.70,248.10,218.00,233.50,113.00,HISTORICO_PRECIOS_COMBUSTIBLES_SERIE_2000_-_2018_SEPTIEMBRE.xls :: Prom.Anual Precios al Pub. 2014,observed,official_xls,ok,Prom.Anual Precios al Pub. 2014,27,17 AL 23 DE MAYO  2014,rebuilt_from_official_weekly_sequence,https://micm.gob.do/transparencia/images/pdf/transparencia/Estadisticas_Institucionales/2018/HISTORICO_PRECIOS_COMBUSTIBLES_SERIE_2000_-_2018_SEPTIEMBRE.xls
2014-05-24,2014-05-30,2014,266.70,250.20,218.00,233.50,113.00,HISTORICO_PRECIOS_COMBUSTIBLES_SERIE_2000_-_2018_SEPTIEMBRE.xls :: Prom.Anual Precios al Pub. 2014,observed,official_xls,ok,Prom.Anual Precios al Pub. 2014,28,24 MAY AL 30  2014,rebuilt_from_official_weekly_sequence,https://micm.gob.do/transparencia/images/pdf/transparencia/Estadisticas_Institucionales/2018/HISTORICO_PRECIOS_COMBUSTIBLES_SERIE_2000_-_2018_SEPTIEMBRE.xls
2014-05-31,2014-06-06,2014,266.70,250.20,218.00,233.50,113.00,HISTORICO_PRECIOS_COMBUSTIBLES_SERIE_2000_-_2018_SEPTIEMBRE.xls :: Prom.Anual Precios al Pub. 2014,observed,official_xls,ok,Prom.Anual Precios al Pub. 2014,29,31 AL 06 DE JUNIO 2014,rebuilt_from_official_weekly_sequence,https://micm.gob.do/transparencia/images/pdf/transparencia/Estadisticas_Institucionales/2018/HISTORICO_PRECIOS_COMBUSTIBLES_SERIE_2000_-_2018_SEPTIEMBRE.xls
2014-06-07,2014-06-13,2014,266.70,250.20,218.00,233.50,113.00,HISTORICO_PRECIOS_COMBUSTIBLES_SERIE_2000_-_2018_SEPTIEMBRE.xls :: Prom.Anual Precios al Pub. 2014,observed,official_xls,ok,Prom.Anual Precios al Pub. 2014,30,07 AL 13 JUN 2014,rebuilt_from_official_weekly_sequence,https://micm.gob.do/transparencia/images/pdf/transparencia/Estadisticas_Institucionales/2018/HISTORICO_PRECIOS_COMBUSTIBLES_SERIE_2000_-_2018_SEPTIEMBRE.xls
2014-06-14,2014-06-20,2014,268.70,252.20,218.00,233.50,113.00,HISTORICO_PRECIOS_COMBUSTIBLES_SERIE_2000_-_2018_SEPTIEMBRE.xls :: Prom.Anual Precios al Pub. 2014,observed,official_xls,ok,Prom.Anual Precios al Pub. 2014,31,14 AL 20 JUNIO 2014,rebuilt_from_official_weekly_sequence,https://micm.gob.do/transparencia/images/pdf/transparencia/Estadisticas_Institucionales/2018/HISTORICO_PRECIOS_COMBUSTIBLES_SERIE_2000_-_2018_SEPTIEMBRE.xls
2014-06-21,2014-06-27,2014,271.60,255.40,219.80,234.50,113.00,HISTORICO_PRECIOS_COMBUSTIBLES_SERIE_2000_-_2018_SEPTIEMBRE.xls :: Prom.Anual Precios al Pub. 2014,observed,official_xls,ok,Prom.Anual Precios al Pub. 2014,32,21 JUN AL 27 JUNIO 2014,rebuilt_from_official_weekly_sequence,https://micm.gob.do/transparencia/images/pdf/transparencia/Estadisticas_Institucionales/2018/HISTORICO_PRECIOS_COMBUSTIBLES_SERIE_2000_-_2018_SEPTIEMBRE.xls
2014-06-28,2014-07-04,2014,271.60,255.40,219.80,234.50,113.00,HISTORICO_PRECIOS_COMBUSTIBLES_SERIE_2000_-_2018_SEPTIEMBRE.xls :: Prom.Anual Precios al Pub. 2014,observed,official_xls,ok,Prom.Anual Precios al Pub. 2014,33,28 DE JUNIO AL 04 JULIO 2014,rebuilt_from_official_weekly_sequence,https://micm.gob.do/transparencia/images/pdf/transparencia/Estadisticas_Institucionales/2018/HISTORICO_PRECIOS_COMBUSTIBLES_SERIE_2000_-_2018_SEPTIEMBRE.xls
2014-07-05,2014-07-11,2014,271.60,255.40,219.80,234.50,113.00,HISTORICO_PRECIOS_COMBUSTIBLES_SERIE_2000_-_2018_SEPTIEMBRE.xls :: Prom.Anual Precios al Pub. 2014,observed,official_xls,ok,Prom.Anual Precios al Pub. 2014,34,05  AL 11 JUL 2014,rebuilt_from_official_weekly_sequence,https://micm.gob.do/transparencia/images/pdf/transparencia/Estadisticas_Institucionales/2018/HISTORICO_PRECIOS_COMBUSTIBLES_SERIE_2000_-_2018_SEPTIEMBRE.xls
2014-07-12,2014-07-18,2014,271.60,255.40,219.80,234.50,113.00,HISTORICO_PRECIOS_COMBUSTIBLES_SERIE_2000_-_2018_SEPTIEMBRE.xls :: Prom.Anual Precios al Pub. 2014,observed,official_xls,ok,Prom.Anual Precios al Pub. 2014,35,12 AL 18 JULIO 2014,rebuilt_from_official_weekly_sequence,https://micm.gob.do/transparencia/images/pdf/transparencia/Estadisticas_Institucionales/2018/HISTORICO_PRECIOS_COMBUSTIBLES_SERIE_2000_-_2018_SEPTIEMBRE.xls
2014-07-19,2014-07-25,2014,270.60,254.40,217.20,232.30,112.00,HISTORICO_PRECIOS_COMBUSTIBLES_SERIE_2000_-_2018_SEPTIEMBRE.xls :: Prom.Anual Precios al Pub. 2014,observed,official_xls,ok,Prom.Anual Precios al Pub. 2014,36,19 AL 25 JULIO 2014,rebuilt_from_official_weekly_sequence,https://micm.gob.do/transparencia/images/pdf/transparencia/Estadisticas_Institucionales/2018/HISTORICO_PRECIOS_COMBUSTIBLES_SERIE_2000_-_2018_SEPTIEMBRE.xls
2014-07-26,2014-08-01,2014,270.60,254.40,217.20,232.30,112.00,HISTORICO_PRECIOS_COMBUSTIBLES_SERIE_2000_-_2018_SEPTIEMBRE.xls :: Prom.Anual Precios al Pub. 2014,observed,official_xls,ok,Prom.Anual Precios al Pub. 2014,37,26 JUL  AL 01 AGO 2014,rebuilt_from_official_weekly_sequence,https://micm.gob.do/transparencia/images/pdf/transparencia/Estadisticas_Institucionales/2018/HISTORICO_PRECIOS_COMBUSTIBLES_SERIE_2000_-_2018_SEPTIEMBRE.xls
2014-08-02,2014-08-08,2014,270.60,254.40,217.20,232.30,112.00,HISTORICO_PRECIOS_COMBUSTIBLES_SERIE_2000_-_2018_SEPTIEMBRE.xls :: Prom.Anual Precios al Pub. 2014,observed,official_xls,ok,Prom.Anual Precios al Pub. 2014,38,02  AL 08 AGO 2014,rebuilt_from_official_weekly_sequence,https://micm.gob.do/transparencia/images/pdf/transparencia/Estadisticas_Institucionales/2018/HISTORICO_PRECIOS_COMBUSTIBLES_SERIE_2000_-_2018_SEPTIEMBRE.xls
2014-08-09,2014-08-15,2014,272.90,251.50,216.20,231.30,111.00,HISTORICO_PRECIOS_COMBUSTIBLES_SERIE_2000_-_2018_SEPTIEMBRE.xls :: Prom.Anual Precios al Pub. 2014,observed,official_xls,ok,Prom.Anual Precios al Pub. 2014,39,09 AL 15  AGOSTO 2014,rebuilt_from_official_weekly_sequence,https://micm.gob.do/transparencia/images/pdf/transparencia/Estadisticas_Institucionales/2018/HISTORICO_PRECIOS_COMBUSTIBLES_SERIE_2000_-_2018_SEPTIEMBRE.xls
2014-08-16,2014-08-22,2014,267.90,251.50,216.20,231.30,111.00,HISTORICO_PRECIOS_COMBUSTIBLES_SERIE_2000_-_2018_SEPTIEMBRE.xls :: Prom.Anual Precios al Pub. 2014,observed,official_xls,ok,Prom.Anual Precios al Pub. 2014,40,16 AL 22 AGOSTO 2014,rebuilt_from_official_weekly_sequence,https://micm.gob.do/transparencia/images/pdf/transparencia/Estadisticas_Institucionales/2018/HISTORICO_PRECIOS_COMBUSTIBLES_SERIE_2000_-_2018_SEPTIEMBRE.xls
2014-08-23,2014-08-29,2014,266.90,250.50,214.20,230.30,110.00,HISTORICO_PRECIOS_COMBUSTIBLES_SERIE_2000_-_2018_SEPTIEMBRE.xls :: Prom.Anual Precios al Pub. 2014,observed,official_xls,ok,Prom.Anual Precios al Pub. 2014,41,23 AGO AL 29 AGO 2014,rebuilt_from_official_weekly_sequence,https://micm.gob.do/transparencia/images/pdf/transparencia/Estadisticas_Institucionales/2018/HISTORICO_PRECIOS_COMBUSTIBLES_SERIE_2000_-_2018_SEPTIEMBRE.xls
2014-08-30,2014-09-05,2014,266.90,250.50,214.20,230.30,110.00,HISTORICO_PRECIOS_COMBUSTIBLES_SERIE_2000_-_2018_SEPTIEMBRE.xls :: Prom.Anual Precios al Pub. 2014,observed,official_xls,ok,Prom.Anual Precios al Pub. 2014,42,30 AFOST AL 05  SEPT 2014,rebuilt_from_official_weekly_sequence,https://micm.gob.do/transparencia/images/pdf/transparencia/Estadisticas_Institucionales/2018/HISTORICO_PRECIOS_COMBUSTIBLES_SERIE_2000_-_2018_SEPTIEMBRE.xls
2014-09-06,2014-09-12,2014,266.90,250.50,214.20,230.30,110.00,HISTORICO_PRECIOS_COMBUSTIBLES_SERIE_2000_-_2018_SEPTIEMBRE.xls :: Prom.Anual Precios al Pub. 2014,observed,official_xls,ok,Prom.Anual Precios al Pub. 2014,43,06 AL 12 SEPT 2014,rebuilt_from_official_weekly_sequence,https://micm.gob.do/transparencia/images/pdf/transparencia/Estadisticas_Institucionales/2018/HISTORICO_PRECIOS_COMBUSTIBLES_SERIE_2000_-_2018_SEPTIEMBRE.xls
2014-09-13,2014-09-19,2014,263.20,247.50,212.20,228.30,110.00,HISTORICO_PRECIOS_COMBUSTIBLES_SERIE_2000_-_2018_SEPTIEMBRE.xls :: Prom.Anual Precios al Pub. 2014,observed,official_xls,ok,Prom.Anual Precios al Pub. 2014,44,13 AL 19 SEPT 2014,rebuilt_from_official_weekly_sequence,https://micm.gob.do/transparencia/images/pdf/transparencia/Estadisticas_Institucionales/2018/HISTORICO_PRECIOS_COMBUSTIBLES_SERIE_2000_-_2018_SEPTIEMBRE.xls
2014-09-20,2014-09-26,2014,260.10,244.60,210.00,226.70,110.00,HISTORICO_PRECIOS_COMBUSTIBLES_SERIE_2000_-_2018_SEPTIEMBRE.xls :: Prom.Anual Precios al Pub. 2014,observed,official_xls,ok,Prom.Anual Precios al Pub. 2014,45,20 AL 26 SEPT 2014,rebuilt_from_official_weekly_sequence,https://micm.gob.do/transparencia/images/pdf/transparencia/Estadisticas_Institucionales/2018/HISTORICO_PRECIOS_COMBUSTIBLES_SERIE_2000_-_2018_SEPTIEMBRE.xls
2014-09-27,2014-10-03,2014,259.10,243.60,207.80,224.50,111.40,HISTORICO_PRECIOS_COMBUSTIBLES_SERIE_2000_-_2018_SEPTIEMBRE.xls :: Prom.Anual Precios al Pub. 2014,observed,official_xls,ok,Prom.Anual Precios al Pub. 2014,46,27SEP  AL 03 OCT 2014,rebuilt_from_official_weekly_sequence,https://micm.gob.do/transparencia/images/pdf/transparencia/Estadisticas_Institucionales/2018/HISTORICO_PRECIOS_COMBUSTIBLES_SERIE_2000_-_2018_SEPTIEMBRE.xls
2014-10-04,2014-10-10,2014,259.10,243.60,207.80,224.50,111.40,HISTORICO_PRECIOS_COMBUSTIBLES_SERIE_2000_-_2018_SEPTIEMBRE.xls :: Prom.Anual Precios al Pub. 2014,observed,official_xls,ok,Prom.Anual Precios al Pub. 2014,47,04 OCT AL 10 OCT 2014,rebuilt_from_official_weekly_sequence,https://micm.gob.do/transparencia/images/pdf/transparencia/Estadisticas_Institucionales/2018/HISTORICO_PRECIOS_COMBUSTIBLES_SERIE_2000_-_2018_SEPTIEMBRE.xls
2014-10-11,2014-10-17,2014,254.20,239.50,205.80,222.60,111.40,HISTORICO_PRECIOS_COMBUSTIBLES_SERIE_2000_-_2018_SEPTIEMBRE.xls :: Prom.Anual Precios al Pub. 2014,observed,official_xls,ok,Prom.Anual Precios al Pub. 2014,48,11 AL 17 OCT 2014,rebuilt_from_official_weekly_sequence,https://micm.gob.do/transparencia/images/pdf/transparencia/Estadisticas_Institucionales/2018/HISTORICO_PRECIOS_COMBUSTIBLES_SERIE_2000_-_2018_SEPTIEMBRE.xls
2014-10-18,2014-10-24,2014,240.00,226.20,200.10,216.90,108.80,HISTORICO_PRECIOS_COMBUSTIBLES_SERIE_2000_-_2018_SEPTIEMBRE.xls :: Prom.Anual Precios al Pub. 2014,observed,official_xls,ok,Prom.Anual Precios al Pub. 2014,49,18  AL 24  OCT 2014,rebuilt_from_official_weekly_sequence,https://micm.gob.do/transparencia/images/pdf/transparencia/Estadisticas_Institucionales/2018/HISTORICO_PRECIOS_COMBUSTIBLES_SERIE_2000_-_2018_SEPTIEMBRE.xls
2014-10-25,2014-10-31,2014,235.30,221.80,196.40,214.20,107.60,HISTORICO_PRECIOS_COMBUSTIBLES_SERIE_2000_-_2018_SEPTIEMBRE.xls :: Prom.Anual Precios al Pub. 2014,observed,official_xls,ok,Prom.Anual Precios al Pub. 2014,50,25 AL 31 DE OCT 2014,rebuilt_from_official_weekly_sequence,https://micm.gob.do/transparencia/images/pdf/transparencia/Estadisticas_Institucionales/2018/HISTORICO_PRECIOS_COMBUSTIBLES_SERIE_2000_-_2018_SEPTIEMBRE.xls
2014-11-01,2014-11-07,2014,233.10,219.60,194.60,212.80,106.60,HISTORICO_PRECIOS_COMBUSTIBLES_SERIE_2000_-_2018_SEPTIEMBRE.xls :: Prom.Anual Precios al Pub. 2014,observed,official_xls,ok,Prom.Anual Precios al Pub. 2014,51,01 AL 07 NOV  2014,rebuilt_from_official_weekly_sequence,https://micm.gob.do/transparencia/images/pdf/transparencia/Estadisticas_Institucionales/2018/HISTORICO_PRECIOS_COMBUSTIBLES_SERIE_2000_-_2018_SEPTIEMBRE.xls
2014-11-08,2014-11-14,2014,233.10,219.60,194.60,212.80,106.60,HISTORICO_PRECIOS_COMBUSTIBLES_SERIE_2000_-_2018_SEPTIEMBRE.xls :: Prom.Anual Precios al Pub. 2014,observed,official_xls,ok,Prom.Anual Precios al Pub. 2014,52,08 AL 14 NOV 2014,rebuilt_from_official_weekly_sequence,https://micm.gob.do/transparencia/images/pdf/transparencia/Estadisticas_Institucionales/2018/HISTORICO_PRECIOS_COMBUSTIBLES_SERIE_2000_-_2018_SEPTIEMBRE.xls
2014-11-15,2014-11-21,2014,232.10,218.40,192.60,211.80,104.60,HISTORICO_PRECIOS_COMBUSTIBLES_SERIE_2000_-_2018_SEPTIEMBRE.xls :: Prom.Anual Precios al Pub. 2014,observed,official_xls,ok,Prom.Anual Precios al Pub. 2014,53,15 NOV  AL 21 NOV 2014,rebuilt_from_official_weekly_sequence,https://micm.gob.do/transparencia/images/pdf/transparencia/Estadisticas_Institucionales/2018/HISTORICO_PRECIOS_COMBUSTIBLES_SERIE_2000_-_2018_SEPTIEMBRE.xls
2014-11-22,2014-11-28,2014,229.00,212.30,184.10,202.20,102.30,HISTORICO_PRECIOS_COMBUSTIBLES_SERIE_2000_-_2018_SEPTIEMBRE.xls :: Prom.Anual Precios al Pub. 2014,observed,official_xls,ok,Prom.Anual Precios al Pub. 2014,54,22 AL 28 NOV  2014,rebuilt_from_official_weekly_sequence,https://micm.gob.do/transparencia/images/pdf/transparencia/Estadisticas_Institucionales/2018/HISTORICO_PRECIOS_COMBUSTIBLES_SERIE_2000_-_2018_SEPTIEMBRE.xls
2014-11-29,2014-12-05,2014,226.80,209.30,180.90,201.00,100.30,HISTORICO_PRECIOS_COMBUSTIBLES_SERIE_2000_-_2018_SEPTIEMBRE.xls :: Prom.Anual Precios al Pub. 2014,observed,official_xls,ok,Prom.Anual Precios al Pub. 2014,55,29 NOV  AL 05  DIC 2014,rebuilt_from_official_weekly_sequence,https://micm.gob.do/transparencia/images/pdf/transparencia/Estadisticas_Institucionales/2018/HISTORICO_PRECIOS_COMBUSTIBLES_SERIE_2000_-_2018_SEPTIEMBRE.xls
2014-12-06,2014-12-12,2014,221.40,201.20,177.90,197.00,97.30,HISTORICO_PRECIOS_COMBUSTIBLES_SERIE_2000_-_2018_SEPTIEMBRE.xls :: Prom.Anual Precios al Pub. 2014,observed,official_xls,ok,Prom.Anual Precios al Pub. 2014,56,06 AL 12 DIC 2014,rebuilt_from_official_weekly_sequence,https://micm.gob.do/transparencia/images/pdf/transparencia/Estadisticas_Institucionales/2018/HISTORICO_PRECIOS_COMBUSTIBLES_SERIE_2000_-_2018_SEPTIEMBRE.xls
2014-12-13,2014-12-19,2014,208.50,185.70,165.10,183.60,86.90,HISTORICO_PRECIOS_COMBUSTIBLES_SERIE_2000_-_2018_SEPTIEMBRE.xls :: Prom.Anual Precios al Pub. 2014,observed,official_xls,ok,Prom.Anual Precios al Pub. 2014,57,13 AL 19  DIC 2014,rebuilt_from_official_weekly_sequence,https://micm.gob.do/transparencia/images/pdf/transparencia/Estadisticas_Institucionales/2018/HISTORICO_PRECIOS_COMBUSTIBLES_SERIE_2000_-_2018_SEPTIEMBRE.xls
2014-12-20,2014-12-26,2014,204.30,181.50,161.00,179.20,85.90,HISTORICO_PRECIOS_COMBUSTIBLES_SERIE_2000_-_2018_SEPTIEMBRE.xls :: Prom.Anual Precios al Pub. 2014,observed,official_xls,ok,Prom.Anual Precios al Pub. 2014,58,20 AL 26 DIC 2014,rebuilt_from_official_weekly_sequence,https://micm.gob.do/transparencia/images/pdf/transparencia/Estadisticas_Institucionales/2018/HISTORICO_PRECIOS_COMBUSTIBLES_SERIE_2000_-_2018_SEPTIEMBRE.xls
2014-12-27,2015-01-02,2014,200.10,177.40,157.60,175.90,85.90,HISTORICO_PRECIOS_COMBUSTIBLES_SERIE_2000_-_2018_SEPTIEMBRE.xls :: Prom.Anual Precios al Pub. 2014,observed,official_xls,ok,Prom.Anual Precios al Pub. 2014,59,27 DE DIC AL 02 ENE 2014,rebuilt_from_official_weekly_sequence,https://micm.gob.do/transparencia/images/pdf/transparencia/Estadisticas_Institucionales/2018/HISTORICO_PRECIOS_COMBUSTIBLES_SERIE_2000_-_2018_SEPTIEMBRE.xls
2015-01-03,2015-01-09,2015,197.00,174.10,154.90,172.60,85.90,HISTORICO_PRECIOS_COMBUSTIBLES_SERIE_2000_-_2018_SEPTIEMBRE.xls :: Prom.Anual al Pub 2015,observed,official_xls,ok,Prom.Anual al Pub 2015,7,03 DIC.  AL 09  ENE 2015,rebuilt_from_official_weekly_sequence,https://micm.gob.do/transparencia/images/pdf/transparencia/Estadisticas_Institucionales/2018/HISTORICO_PRECIOS_COMBUSTIBLES_SERIE_2000_-_2018_SEPTIEMBRE.xls
2015-01-10,2015-01-16,2015,195.90,175.10,154.30,172.60,84.90,HISTORICO_PRECIOS_COMBUSTIBLES_SERIE_2000_-_2018_SEPTIEMBRE.xls :: Prom.Anual al Pub 2015,observed,official_xls,ok,Prom.Anual al Pub 2015,8,10 Al 16 ENE 2015,rebuilt_from_official_weekly_sequence,https://micm.gob.do/transparencia/images/pdf/transparencia/Estadisticas_Institucionales/2018/HISTORICO_PRECIOS_COMBUSTIBLES_SERIE_2000_-_2018_SEPTIEMBRE.xls
2015-01-17,2015-01-23,2015,193.80,171.10,152.70,169.60,83.90,HISTORICO_PRECIOS_COMBUSTIBLES_SERIE_2000_-_2018_SEPTIEMBRE.xls :: Prom.Anual al Pub 2015,observed,official_xls,ok,Prom.Anual al Pub 2015,9,17 AL 23 ENE 2015,rebuilt_from_official_weekly_sequence,https://micm.gob.do/transparencia/images/pdf/transparencia/Estadisticas_Institucionales/2018/HISTORICO_PRECIOS_COMBUSTIBLES_SERIE_2000_-_2018_SEPTIEMBRE.xls
2015-01-24,2015-01-30,2015,192.80,170.10,149.70,166.60,82.90,HISTORICO_PRECIOS_COMBUSTIBLES_SERIE_2000_-_2018_SEPTIEMBRE.xls :: Prom.Anual al Pub 2015,observed,official_xls,ok,Prom.Anual al Pub 2015,10,24  AL 30 ENE 2015,rebuilt_from_official_weekly_sequence,https://micm.gob.do/transparencia/images/pdf/transparencia/Estadisticas_Institucionales/2018/HISTORICO_PRECIOS_COMBUSTIBLES_SERIE_2000_-_2018_SEPTIEMBRE.xls
2015-01-31,2015-02-06,2015,192.80,170.10,149.70,166.60,82.90,HISTORICO_PRECIOS_COMBUSTIBLES_SERIE_2000_-_2018_SEPTIEMBRE.xls :: Prom.Anual al Pub 2015,observed,official_xls,ok,Prom.Anual al Pub 2015,11,31 Al 06 DE ENE 2015,rebuilt_from_official_weekly_sequence,https://micm.gob.do/transparencia/images/pdf/transparencia/Estadisticas_Institucionales/2018/HISTORICO_PRECIOS_COMBUSTIBLES_SERIE_2000_-_2018_SEPTIEMBRE.xls
2015-02-07,2015-02-13,2015,196.70,174.20,152.00,168.90,84.50,HISTORICO_PRECIOS_COMBUSTIBLES_SERIE_2000_-_2018_SEPTIEMBRE.xls :: Prom.Anual al Pub 2015,observed,official_xls,ok,Prom.Anual al Pub 2015,12,07 AL 13 FEB 2015,rebuilt_from_official_weekly_sequence,https://micm.gob.do/transparencia/images/pdf/transparencia/Estadisticas_Institucionales/2018/HISTORICO_PRECIOS_COMBUSTIBLES_SERIE_2000_-_2018_SEPTIEMBRE.xls
2015-02-14,2015-02-20,2015,200.70,178.30,155.20,172.60,86.60,HISTORICO_PRECIOS_COMBUSTIBLES_SERIE_2000_-_2018_SEPTIEMBRE.xls :: Prom.Anual al Pub 2015,observed,official_xls,ok,Prom.Anual al Pub 2015,13,14 AL 20 FEB 2015,rebuilt_from_official_weekly_sequence,https://micm.gob.do/transparencia/images/pdf/transparencia/Estadisticas_Institucionales/2018/HISTORICO_PRECIOS_COMBUSTIBLES_SERIE_2000_-_2018_SEPTIEMBRE.xls
2015-02-21,2015-02-27,2015,204.00,181.60,157.80,176.10,88.20,HISTORICO_PRECIOS_COMBUSTIBLES_SERIE_2000_-_2018_SEPTIEMBRE.xls :: Prom.Anual al Pub 2015,observed,official_xls,ok,Prom.Anual al Pub 2015,14,21 al 27  FEB 2015,rebuilt_from_official_weekly_sequence,https://micm.gob.do/transparencia/images/pdf/transparencia/Estadisticas_Institucionales/2018/HISTORICO_PRECIOS_COMBUSTIBLES_SERIE_2000_-_2018_SEPTIEMBRE.xls
2015-02-28,2015-03-06,2015,204.00,181.60,157.80,176.10,88.20,HISTORICO_PRECIOS_COMBUSTIBLES_SERIE_2000_-_2018_SEPTIEMBRE.xls :: Prom.Anual al Pub 2015,observed,official_xls,ok,Prom.Anual al Pub 2015,15,28 FEB AL  06  2015,rebuilt_from_official_weekly_sequence,https://micm.gob.do/transparencia/images/pdf/transparencia/Estadisticas_Institucionales/2018/HISTORICO_PRECIOS_COMBUSTIBLES_SERIE_2000_-_2018_SEPTIEMBRE.xls
2015-03-07,2015-03-13,2015,209.00,185.60,161.30,178.80,89.70,HISTORICO_PRECIOS_COMBUSTIBLES_SERIE_2000_-_2018_SEPTIEMBRE.xls :: Prom.Anual al Pub 2015,observed,official_xls,ok,Prom.Anual al Pub 2015,16,07 AL 13 DE MARZO 2015,rebuilt_from_official_weekly_sequence,https://micm.gob.do/transparencia/images/pdf/transparencia/Estadisticas_Institucionales/2018/HISTORICO_PRECIOS_COMBUSTIBLES_SERIE_2000_-_2018_SEPTIEMBRE.xls
2015-03-14,2015-03-20,2015,213.00,188.60,162.40,179.90,89.70,HISTORICO_PRECIOS_COMBUSTIBLES_SERIE_2000_-_2018_SEPTIEMBRE.xls :: Prom.Anual al Pub 2015,observed,official_xls,ok,Prom.Anual al Pub 2015,17,14 AL 20 DE MARZO 2015,rebuilt_from_official_weekly_sequence,https://micm.gob.do/transparencia/images/pdf/transparencia/Estadisticas_Institucionales/2018/HISTORICO_PRECIOS_COMBUSTIBLES_SERIE_2000_-_2018_SEPTIEMBRE.xls
2015-03-21,2015-03-27,2015,213.00,188.60,157.30,176.70,87.20,HISTORICO_PRECIOS_COMBUSTIBLES_SERIE_2000_-_2018_SEPTIEMBRE.xls :: Prom.Anual al Pub 2015,observed,official_xls,ok,Prom.Anual al Pub 2015,18,21  AL 27  MARZO 2015,rebuilt_from_official_weekly_sequence,https://micm.gob.do/transparencia/images/pdf/transparencia/Estadisticas_Institucionales/2018/HISTORICO_PRECIOS_COMBUSTIBLES_SERIE_2000_-_2018_SEPTIEMBRE.xls
2015-03-28,2015-04-03,2015,213.00,188.60,154.50,174.80,85.50,HISTORICO_PRECIOS_COMBUSTIBLES_SERIE_2000_-_2018_SEPTIEMBRE.xls :: Prom.Anual al Pub 2015,observed,official_xls,ok,Prom.Anual al Pub 2015,19,28 MAR AL 3 ABRIL 2015,rebuilt_from_official_weekly_sequence,https://micm.gob.do/transparencia/images/pdf/transparencia/Estadisticas_Institucionales/2018/HISTORICO_PRECIOS_COMBUSTIBLES_SERIE_2000_-_2018_SEPTIEMBRE.xls
2015-04-04,2015-04-10,2015,213.00,188.60,154.50,174.80,85.50,HISTORICO_PRECIOS_COMBUSTIBLES_SERIE_2000_-_2018_SEPTIEMBRE.xls :: Prom.Anual al Pub 2015,observed,official_xls,ok,Prom.Anual al Pub 2015,20,4 AL 10 DE ABRIL 2015,rebuilt_from_official_weekly_sequence,https://micm.gob.do/transparencia/images/pdf/transparencia/Estadisticas_Institucionales/2018/HISTORICO_PRECIOS_COMBUSTIBLES_SERIE_2000_-_2018_SEPTIEMBRE.xls
2015-04-11,2015-04-17,2015,215.70,191.70,156.70,174.80,85.50,HISTORICO_PRECIOS_COMBUSTIBLES_SERIE_2000_-_2018_SEPTIEMBRE.xls :: Prom.Anual al Pub 2015,observed,official_xls,ok,Prom.Anual al Pub 2015,21,11 al 17 ABRIL 2015,rebuilt_from_official_weekly_sequence,https://micm.gob.do/transparencia/images/pdf/transparencia/Estadisticas_Institucionales/2018/HISTORICO_PRECIOS_COMBUSTIBLES_SERIE_2000_-_2018_SEPTIEMBRE.xls
2015-04-18,2015-04-24,2015,218.70,194.60,159.40,177.30,87.50,HISTORICO_PRECIOS_COMBUSTIBLES_SERIE_2000_-_2018_SEPTIEMBRE.xls :: Prom.Anual al Pub 2015,observed,official_xls,ok,Prom.Anual al Pub 2015,22,18  AL 24 ABRIL 2015,rebuilt_from_official_weekly_sequence,https://micm.gob.do/transparencia/images/pdf/transparencia/Estadisticas_Institucionales/2018/HISTORICO_PRECIOS_COMBUSTIBLES_SERIE_2000_-_2018_SEPTIEMBRE.xls
2015-04-25,2015-05-01,2015,220.20,198.10,162.90,182.10,87.50,HISTORICO_PRECIOS_COMBUSTIBLES_SERIE_2000_-_2018_SEPTIEMBRE.xls :: Prom.Anual al Pub 2015,observed,official_xls,ok,Prom.Anual al Pub 2015,23,25  ABR AL 01 MAYO  2015,rebuilt_from_official_weekly_sequence,https://micm.gob.do/transparencia/images/pdf/transparencia/Estadisticas_Institucionales/2018/HISTORICO_PRECIOS_COMBUSTIBLES_SERIE_2000_-_2018_SEPTIEMBRE.xls
2015-05-02,2015-05-08,2015,224.90,202.30,164.20,184.00,87.50,HISTORICO_PRECIOS_COMBUSTIBLES_SERIE_2000_-_2018_SEPTIEMBRE.xls :: Prom.Anual al Pub 2015,observed,official_xls,ok,Prom.Anual al Pub 2015,24,02  DE MAYO AL 08 MAYO 2015,rebuilt_from_official_weekly_sequence,https://micm.gob.do/transparencia/images/pdf/transparencia/Estadisticas_Institucionales/2018/HISTORICO_PRECIOS_COMBUSTIBLES_SERIE_2000_-_2018_SEPTIEMBRE.xls
2015-05-09,2015-05-15,2015,225.90,204.50,166.70,186.20,87.50,HISTORICO_PRECIOS_COMBUSTIBLES_SERIE_2000_-_2018_SEPTIEMBRE.xls :: Prom.Anual al Pub 2015,observed,official_xls,ok,Prom.Anual al Pub 2015,25,09 AL 15 DE MAYO 2015,rebuilt_from_official_weekly_sequence,https://micm.gob.do/transparencia/images/pdf/transparencia/Estadisticas_Institucionales/2018/HISTORICO_PRECIOS_COMBUSTIBLES_SERIE_2000_-_2018_SEPTIEMBRE.xls
2015-05-16,2015-05-22,2015,229.20,204.50,166.70,186.20,87.50,HISTORICO_PRECIOS_COMBUSTIBLES_SERIE_2000_-_2018_SEPTIEMBRE.xls :: Prom.Anual al Pub 2015,observed,official_xls,ok,Prom.Anual al Pub 2015,26,16 al 22  MAYO 2015,rebuilt_from_official_weekly_sequence,https://micm.gob.do/transparencia/images/pdf/transparencia/Estadisticas_Institucionales/2018/HISTORICO_PRECIOS_COMBUSTIBLES_SERIE_2000_-_2018_SEPTIEMBRE.xls
2015-05-23,2015-05-29,2015,225.90,204.50,166.70,186.20,87.50,HISTORICO_PRECIOS_COMBUSTIBLES_SERIE_2000_-_2018_SEPTIEMBRE.xls :: Prom.Anual al Pub 2015,observed,official_xls,ok,Prom.Anual al Pub 2015,27,23 AL 29 DE MAYO  2015,rebuilt_from_official_weekly_sequence,https://micm.gob.do/transparencia/images/pdf/transparencia/Estadisticas_Institucionales/2018/HISTORICO_PRECIOS_COMBUSTIBLES_SERIE_2000_-_2018_SEPTIEMBRE.xls
2015-05-30,2015-06-05,2015,225.90,204.50,166.70,186.20,83.20,HISTORICO_PRECIOS_COMBUSTIBLES_SERIE_2000_-_2018_SEPTIEMBRE.xls :: Prom.Anual al Pub 2015,observed,official_xls,ok,Prom.Anual al Pub 2015,28,30 de MAYO al 5 de JUNIO 2015,rebuilt_from_official_weekly_sequence,https://micm.gob.do/transparencia/images/pdf/transparencia/Estadisticas_Institucionales/2018/HISTORICO_PRECIOS_COMBUSTIBLES_SERIE_2000_-_2018_SEPTIEMBRE.xls
2015-06-06,2015-06-12,2015,227.30,207.10,166.70,186.20,83.20,HISTORICO_PRECIOS_COMBUSTIBLES_SERIE_2000_-_2018_SEPTIEMBRE.xls :: Prom.Anual al Pub 2015,observed,official_xls,ok,Prom.Anual al Pub 2015,29,6 AL 12  DE JUNIO 2015,rebuilt_from_official_weekly_sequence,https://micm.gob.do/transparencia/images/pdf/transparencia/Estadisticas_Institucionales/2018/HISTORICO_PRECIOS_COMBUSTIBLES_SERIE_2000_-_2018_SEPTIEMBRE.xls
2015-06-13,2015-06-19,2015,225.50,205.10,165.20,184.70,81.70,HISTORICO_PRECIOS_COMBUSTIBLES_SERIE_2000_-_2018_SEPTIEMBRE.xls :: Prom.Anual al Pub 2015,observed,official_xls,ok,Prom.Anual al Pub 2015,30,13 Al 19 de Junio AL  2015,rebuilt_from_official_weekly_sequence,https://micm.gob.do/transparencia/images/pdf/transparencia/Estadisticas_Institucionales/2018/HISTORICO_PRECIOS_COMBUSTIBLES_SERIE_2000_-_2018_SEPTIEMBRE.xls
2015-06-20,2015-06-26,2015,225.50,205.10,165.20,184.70,81.70,HISTORICO_PRECIOS_COMBUSTIBLES_SERIE_2000_-_2018_SEPTIEMBRE.xls :: Prom.Anual al Pub 2015,observed,official_xls,ok,Prom.Anual al Pub 2015,31,20  AL 26  JUNIO 2015,rebuilt_from_official_weekly_sequence,https://micm.gob.do/transparencia/images/pdf/transparencia/Estadisticas_Institucionales/2018/HISTORICO_PRECIOS_COMBUSTIBLES_SERIE_2000_-_2018_SEPTIEMBRE.xls
2015-06-27,2015-07-03,2015,225.50,205.10,165.20,184.70,81.70,HISTORICO_PRECIOS_COMBUSTIBLES_SERIE_2000_-_2018_SEPTIEMBRE.xls :: Prom.Anual al Pub 2015,observed,official_xls,ok,Prom.Anual al Pub 2015,32,27 JUN AL 3 JULIO 2015,rebuilt_from_official_weekly_sequence,https://micm.gob.do/transparencia/images/pdf/transparencia/Estadisticas_Institucionales/2018/HISTORICO_PRECIOS_COMBUSTIBLES_SERIE_2000_-_2018_SEPTIEMBRE.xls
2015-07-04,2015-07-10,2015,225.50,205.10,165.20,184.70,81.70,HISTORICO_PRECIOS_COMBUSTIBLES_SERIE_2000_-_2018_SEPTIEMBRE.xls :: Prom.Anual al Pub 2015,observed,official_xls,ok,Prom.Anual al Pub 2015,33,04 al 10 de  JULIO 2015,rebuilt_from_official_weekly_sequence,https://micm.gob.do/transparencia/images/pdf/transparencia/Estadisticas_Institucionales/2018/HISTORICO_PRECIOS_COMBUSTIBLES_SERIE_2000_-_2018_SEPTIEMBRE.xls
2015-07-11,2015-07-17,2015,225.50,205.10,163.10,182.50,79.70,HISTORICO_PRECIOS_COMBUSTIBLES_SERIE_2000_-_2018_SEPTIEMBRE.xls :: Prom.Anual al Pub 2015,observed,official_xls,ok,Prom.Anual al Pub 2015,34,11  AL 17 JULIO 2015,rebuilt_from_official_weekly_sequence,https://micm.gob.do/transparencia/images/pdf/transparencia/Estadisticas_Institucionales/2018/HISTORICO_PRECIOS_COMBUSTIBLES_SERIE_2000_-_2018_SEPTIEMBRE.xls
2015-07-18,2015-07-24,2015,225.50,205.10,158.40,177.50,79.70,HISTORICO_PRECIOS_COMBUSTIBLES_SERIE_2000_-_2018_SEPTIEMBRE.xls :: Prom.Anual al Pub 2015,observed,official_xls,ok,Prom.Anual al Pub 2015,35,18 al 24 de JULIO 2015,rebuilt_from_official_weekly_sequence,https://micm.gob.do/transparencia/images/pdf/transparencia/Estadisticas_Institucionales/2018/HISTORICO_PRECIOS_COMBUSTIBLES_SERIE_2000_-_2018_SEPTIEMBRE.xls
2015-07-25,2015-07-31,2015,224.50,204.10,156.20,175.20,78.70,HISTORICO_PRECIOS_COMBUSTIBLES_SERIE_2000_-_2018_SEPTIEMBRE.xls :: Prom.Anual al Pub 2015,observed,official_xls,ok,Prom.Anual al Pub 2015,36,25 AL 31 JULIO 2015,rebuilt_from_official_weekly_sequence,https://micm.gob.do/transparencia/images/pdf/transparencia/Estadisticas_Institucionales/2018/HISTORICO_PRECIOS_COMBUSTIBLES_SERIE_2000_-_2018_SEPTIEMBRE.xls
2015-08-01,2015-08-07,2015,217.50,200.10,148.00,167.80,78.70,HISTORICO_PRECIOS_COMBUSTIBLES_SERIE_2000_-_2018_SEPTIEMBRE.xls :: Prom.Anual al Pub 2015,observed,official_xls,ok,Prom.Anual al Pub 2015,37,1 AL 7 AGO 2015,rebuilt_from_official_weekly_sequence,https://micm.gob.do/transparencia/images/pdf/transparencia/Estadisticas_Institucionales/2018/HISTORICO_PRECIOS_COMBUSTIBLES_SERIE_2000_-_2018_SEPTIEMBRE.xls
2015-08-08,2015-08-14,2015,217.50,200.10,148.00,167.80,78.70,HISTORICO_PRECIOS_COMBUSTIBLES_SERIE_2000_-_2018_SEPTIEMBRE.xls :: Prom.Anual al Pub 2015,observed,official_xls,ok,Prom.Anual al Pub 2015,38,08  AL 14  AGO 2015,rebuilt_from_official_weekly_sequence,https://micm.gob.do/transparencia/images/pdf/transparencia/Estadisticas_Institucionales/2018/HISTORICO_PRECIOS_COMBUSTIBLES_SERIE_2000_-_2018_SEPTIEMBRE.xls
2015-08-15,2015-08-21,2015,215.50,198.10,145.90,165.80,77.70,HISTORICO_PRECIOS_COMBUSTIBLES_SERIE_2000_-_2018_SEPTIEMBRE.xls :: Prom.Anual al Pub 2015,observed,official_xls,ok,Prom.Anual al Pub 2015,39,15 AL21   AGOSTO 2015,rebuilt_from_official_weekly_sequence,https://micm.gob.do/transparencia/images/pdf/transparencia/Estadisticas_Institucionales/2018/HISTORICO_PRECIOS_COMBUSTIBLES_SERIE_2000_-_2018_SEPTIEMBRE.xls
2015-08-22,2015-08-28,2015,213.50,196.00,144.90,164.70,77.70,HISTORICO_PRECIOS_COMBUSTIBLES_SERIE_2000_-_2018_SEPTIEMBRE.xls :: Prom.Anual al Pub 2015,observed,official_xls,ok,Prom.Anual al Pub 2015,40,22 AL 28 AGOSTO 2015,rebuilt_from_official_weekly_sequence,https://micm.gob.do/transparencia/images/pdf/transparencia/Estadisticas_Institucionales/2018/HISTORICO_PRECIOS_COMBUSTIBLES_SERIE_2000_-_2018_SEPTIEMBRE.xls
2015-08-29,2015-09-04,2015,202.30,184.40,140.80,159.90,76.70,HISTORICO_PRECIOS_COMBUSTIBLES_SERIE_2000_-_2018_SEPTIEMBRE.xls :: Prom.Anual al Pub 2015,observed,official_xls,ok,Prom.Anual al Pub 2015,41,29 AGO AL 4 DE SEP 2015,rebuilt_from_official_weekly_sequence,https://micm.gob.do/transparencia/images/pdf/transparencia/Estadisticas_Institucionales/2018/HISTORICO_PRECIOS_COMBUSTIBLES_SERIE_2000_-_2018_SEPTIEMBRE.xls
2015-09-05,2015-09-11,2015,197.10,179.20,142.90,162.10,78.30,HISTORICO_PRECIOS_COMBUSTIBLES_SERIE_2000_-_2018_SEPTIEMBRE.xls :: Prom.Anual al Pub 2015,observed,official_xls,ok,Prom.Anual al Pub 2015,42,5 AL 11 SEPTIEMBRE 2015,rebuilt_from_official_weekly_sequence,https://micm.gob.do/transparencia/images/pdf/transparencia/Estadisticas_Institucionales/2018/HISTORICO_PRECIOS_COMBUSTIBLES_SERIE_2000_-_2018_SEPTIEMBRE.xls
2015-09-12,2015-09-18,2015,192.70,175.10,144.60,162.70,80.80,HISTORICO_PRECIOS_COMBUSTIBLES_SERIE_2000_-_2018_SEPTIEMBRE.xls :: Prom.Anual al Pub 2015,observed,official_xls,ok,Prom.Anual al Pub 2015,43,12 AL 18 SEPT 2015,rebuilt_from_official_weekly_sequence,https://micm.gob.do/transparencia/images/pdf/transparencia/Estadisticas_Institucionales/2018/HISTORICO_PRECIOS_COMBUSTIBLES_SERIE_2000_-_2018_SEPTIEMBRE.xls
2015-09-19,2015-09-25,2015,190.60,173.00,142.40,161.40,80.80,HISTORICO_PRECIOS_COMBUSTIBLES_SERIE_2000_-_2018_SEPTIEMBRE.xls :: Prom.Anual al Pub 2015,observed,official_xls,ok,Prom.Anual al Pub 2015,44,19 AL 25 SEPT 2015,rebuilt_from_official_weekly_sequence,https://micm.gob.do/transparencia/images/pdf/transparencia/Estadisticas_Institucionales/2018/HISTORICO_PRECIOS_COMBUSTIBLES_SERIE_2000_-_2018_SEPTIEMBRE.xls
2015-09-26,2015-10-02,2015,190.60,173.00,142.40,161.40,80.80,HISTORICO_PRECIOS_COMBUSTIBLES_SERIE_2000_-_2018_SEPTIEMBRE.xls :: Prom.Anual al Pub 2015,observed,official_xls,ok,Prom.Anual al Pub 2015,45,26 AL 2 DE OCTUBRE 2015,rebuilt_from_official_weekly_sequence,https://micm.gob.do/transparencia/images/pdf/transparencia/Estadisticas_Institucionales/2018/HISTORICO_PRECIOS_COMBUSTIBLES_SERIE_2000_-_2018_SEPTIEMBRE.xls
2015-10-03,2015-10-09,2015,193.30,175.60,142.40,152.10,80.80,HISTORICO_PRECIOS_COMBUSTIBLES_SERIE_2000_-_2018_SEPTIEMBRE.xls :: Prom.Anual al Pub 2015,observed,official_xls,ok,Prom.Anual al Pub 2015,46,3 Al 9 DE OCTUBRE 2015,rebuilt_from_official_weekly_sequence,https://micm.gob.do/transparencia/images/pdf/transparencia/Estadisticas_Institucionales/2018/HISTORICO_PRECIOS_COMBUSTIBLES_SERIE_2000_-_2018_SEPTIEMBRE.xls
2015-10-10,2015-10-16,2015,193.30,175.60,144.00,153.20,83.20,HISTORICO_PRECIOS_COMBUSTIBLES_SERIE_2000_-_2018_SEPTIEMBRE.xls :: Prom.Anual al Pub 2015,observed,official_xls,ok,Prom.Anual al Pub 2015,47,10 AL 16 OCTUBRE 2015,rebuilt_from_official_weekly_sequence,https://micm.gob.do/transparencia/images/pdf/transparencia/Estadisticas_Institucionales/2018/HISTORICO_PRECIOS_COMBUSTIBLES_SERIE_2000_-_2018_SEPTIEMBRE.xls
2015-10-17,2015-10-23,2015,191.20,173.50,144.00,153.20,83.20,HISTORICO_PRECIOS_COMBUSTIBLES_SERIE_2000_-_2018_SEPTIEMBRE.xls :: Prom.Anual al Pub 2015,observed,official_xls,ok,Prom.Anual al Pub 2015,48,17 AL 23 OCTUBRE 2015,rebuilt_from_official_weekly_sequence,https://micm.gob.do/transparencia/images/pdf/transparencia/Estadisticas_Institucionales/2018/HISTORICO_PRECIOS_COMBUSTIBLES_SERIE_2000_-_2018_SEPTIEMBRE.xls
2015-10-24,2015-10-30,2015,188.70,171.10,142.30,151.30,82.00,HISTORICO_PRECIOS_COMBUSTIBLES_SERIE_2000_-_2018_SEPTIEMBRE.xls :: Prom.Anual al Pub 2015,observed,official_xls,ok,Prom.Anual al Pub 2015,49,24  AL 30 OCTUBRE 2015,rebuilt_from_official_weekly_sequence,https://micm.gob.do/transparencia/images/pdf/transparencia/Estadisticas_Institucionales/2018/HISTORICO_PRECIOS_COMBUSTIBLES_SERIE_2000_-_2018_SEPTIEMBRE.xls
2015-10-31,2015-11-06,2015,188.70,171.10,142.30,151.30,82.00,HISTORICO_PRECIOS_COMBUSTIBLES_SERIE_2000_-_2018_SEPTIEMBRE.xls :: Prom.Anual al Pub 2015,observed,official_xls,ok,Prom.Anual al Pub 2015,50,31  AL 6 DE NOV 2015,rebuilt_from_official_weekly_sequence,https://micm.gob.do/transparencia/images/pdf/transparencia/Estadisticas_Institucionales/2018/HISTORICO_PRECIOS_COMBUSTIBLES_SERIE_2000_-_2018_SEPTIEMBRE.xls
2015-11-07,2015-11-13,2015,191.20,173.70,144.90,153.40,83.00,HISTORICO_PRECIOS_COMBUSTIBLES_SERIE_2000_-_2018_SEPTIEMBRE.xls :: Prom.Anual al Pub 2015,observed,official_xls,ok,Prom.Anual al Pub 2015,51,07 AL 13 NOV 2015,rebuilt_from_official_weekly_sequence,https://micm.gob.do/transparencia/images/pdf/transparencia/Estadisticas_Institucionales/2018/HISTORICO_PRECIOS_COMBUSTIBLES_SERIE_2000_-_2018_SEPTIEMBRE.xls
2015-11-14,2015-11-20,2015,191.20,173.70,144.90,153.40,83.00,HISTORICO_PRECIOS_COMBUSTIBLES_SERIE_2000_-_2018_SEPTIEMBRE.xls :: Prom.Anual al Pub 2015,observed,official_xls,ok,Prom.Anual al Pub 2015,52,14 NOV  AL 20 NOV 2015,rebuilt_from_official_weekly_sequence,https://micm.gob.do/transparencia/images/pdf/transparencia/Estadisticas_Institucionales/2018/HISTORICO_PRECIOS_COMBUSTIBLES_SERIE_2000_-_2018_SEPTIEMBRE.xls
2015-11-21,2015-11-27,2015,187.10,169.60,140.40,149.50,82.00,HISTORICO_PRECIOS_COMBUSTIBLES_SERIE_2000_-_2018_SEPTIEMBRE.xls :: Prom.Anual al Pub 2015,observed,official_xls,ok,Prom.Anual al Pub 2015,53,21 NOV  AL 27 NOV 2015,rebuilt_from_official_weekly_sequence,https://micm.gob.do/transparencia/images/pdf/transparencia/Estadisticas_Institucionales/2018/HISTORICO_PRECIOS_COMBUSTIBLES_SERIE_2000_-_2018_SEPTIEMBRE.xls
2015-11-28,2015-12-04,2015,185.40,167.90,136.40,148.00,81.00,HISTORICO_PRECIOS_COMBUSTIBLES_SERIE_2000_-_2018_SEPTIEMBRE.xls :: Prom.Anual al Pub 2015,observed,official_xls,ok,Prom.Anual al Pub 2015,54,28 NOV  AL 04  DIC 2015,rebuilt_from_official_weekly_sequence,https://micm.gob.do/transparencia/images/pdf/transparencia/Estadisticas_Institucionales/2018/HISTORICO_PRECIOS_COMBUSTIBLES_SERIE_2000_-_2018_SEPTIEMBRE.xls
2015-12-05,2015-12-11,2015,185.40,167.90,133.40,146.20,81.00,HISTORICO_PRECIOS_COMBUSTIBLES_SERIE_2000_-_2018_SEPTIEMBRE.xls :: Prom.Anual al Pub 2015,observed,official_xls,ok,Prom.Anual al Pub 2015,55,05 AL 11 DIC 2015,rebuilt_from_official_weekly_sequence,https://micm.gob.do/transparencia/images/pdf/transparencia/Estadisticas_Institucionales/2018/HISTORICO_PRECIOS_COMBUSTIBLES_SERIE_2000_-_2018_SEPTIEMBRE.xls
2015-12-12,2015-12-18,2015,184.40,166.90,129.20,140.90,81.00,HISTORICO_PRECIOS_COMBUSTIBLES_SERIE_2000_-_2018_SEPTIEMBRE.xls :: Prom.Anual al Pub 2015,observed,official_xls,ok,Prom.Anual al Pub 2015,56,12 AL 18  DIC 2015,rebuilt_from_official_weekly_sequence,https://micm.gob.do/transparencia/images/pdf/transparencia/Estadisticas_Institucionales/2018/HISTORICO_PRECIOS_COMBUSTIBLES_SERIE_2000_-_2018_SEPTIEMBRE.xls
2015-12-19,2015-12-25,2015,182.40,164.90,124.90,136.50,80.00,HISTORICO_PRECIOS_COMBUSTIBLES_SERIE_2000_-_2018_SEPTIEMBRE.xls :: Prom.Anual al Pub 2015,observed,official_xls,ok,Prom.Anual al Pub 2015,57,19 AL 25 DIC 2015,rebuilt_from_official_weekly_sequence,https://micm.gob.do/transparencia/images/pdf/transparencia/Estadisticas_Institucionales/2018/HISTORICO_PRECIOS_COMBUSTIBLES_SERIE_2000_-_2018_SEPTIEMBRE.xls
2015-12-26,2016-01-01,2015,180.40,162.90,123.50,134.40,78.80,HISTORICO_PRECIOS_COMBUSTIBLES_SERIE_2000_-_2018_SEPTIEMBRE.xls :: Prom.Anual al Pub 2015,observed,official_xls,ok,Prom.Anual al Pub 2015,58,26 DE DIC AL 01 ENE 2016,rebuilt_from_official_weekly_sequence,https://micm.gob.do/transparencia/images/pdf/transparencia/Estadisticas_Institucionales/2018/HISTORICO_PRECIOS_COMBUSTIBLES_SERIE_2000_-_2018_SEPTIEMBRE.xls
2016-01-02,2016-01-08,2016,180.40,162.90,123.50,134.40,78.80,HISTORICO_PRECIOS_COMBUSTIBLES_SERIE_2000_-_2018_SEPTIEMBRE.xls :: Prom.Anual al Pub. 2016,observed,official_xls,ok,Prom.Anual al Pub. 2016,6,02 ENE.  AL 08  ENE 2016,rebuilt_from_official_weekly_sequence,https://micm.gob.do/transparencia/images/pdf/transparencia/Estadisticas_Institucionales/2018/HISTORICO_PRECIOS_COMBUSTIBLES_SERIE_2000_-_2018_SEPTIEMBRE.xls
2016-01-09,2016-01-15,2016,180.40,162.90,123.50,134.40,78.80,HISTORICO_PRECIOS_COMBUSTIBLES_SERIE_2000_-_2018_SEPTIEMBRE.xls :: Prom.Anual al Pub. 2016,observed,official_xls,ok,Prom.Anual al Pub. 2016,7,09 Al 15 ENE 2016,rebuilt_from_official_weekly_sequence,https://micm.gob.do/transparencia/images/pdf/transparencia/Estadisticas_Institucionales/2018/HISTORICO_PRECIOS_COMBUSTIBLES_SERIE_2000_-_2018_SEPTIEMBRE.xls
2016-01-16,2016-01-22,2016,177.00,159.60,119.00,129.40,78.80,HISTORICO_PRECIOS_COMBUSTIBLES_SERIE_2000_-_2018_SEPTIEMBRE.xls :: Prom.Anual al Pub. 2016,observed,official_xls,ok,Prom.Anual al Pub. 2016,8,16 AL 22 ENE 2016,rebuilt_from_official_weekly_sequence,https://micm.gob.do/transparencia/images/pdf/transparencia/Estadisticas_Institucionales/2018/HISTORICO_PRECIOS_COMBUSTIBLES_SERIE_2000_-_2018_SEPTIEMBRE.xls
2016-01-23,2016-01-29,2016,173.70,156.40,115.20,125.30,77.80,HISTORICO_PRECIOS_COMBUSTIBLES_SERIE_2000_-_2018_SEPTIEMBRE.xls :: Prom.Anual al Pub. 2016,observed,official_xls,ok,Prom.Anual al Pub. 2016,9,23  AL 29 ENE 2016,rebuilt_from_official_weekly_sequence,https://micm.gob.do/transparencia/images/pdf/transparencia/Estadisticas_Institucionales/2018/HISTORICO_PRECIOS_COMBUSTIBLES_SERIE_2000_-_2018_SEPTIEMBRE.xls
2016-01-30,2016-02-05,2016,175.30,157.50,117.00,127.40,78.50,HISTORICO_PRECIOS_COMBUSTIBLES_SERIE_2000_-_2018_SEPTIEMBRE.xls :: Prom.Anual al Pub. 2016,observed,official_xls,ok,Prom.Anual al Pub. 2016,10,30 Al 05 DE ENE 2016,rebuilt_from_official_weekly_sequence,https://micm.gob.do/transparencia/images/pdf/transparencia/Estadisticas_Institucionales/2018/HISTORICO_PRECIOS_COMBUSTIBLES_SERIE_2000_-_2018_SEPTIEMBRE.xls
2016-02-06,2016-02-12,2016,175.30,157.50,117.00,127.40,78.50,HISTORICO_PRECIOS_COMBUSTIBLES_SERIE_2000_-_2018_SEPTIEMBRE.xls :: Prom.Anual al Pub. 2016,observed,official_xls,ok,Prom.Anual al Pub. 2016,11,06 AL 12 FEB 2016,rebuilt_from_official_weekly_sequence,https://micm.gob.do/transparencia/images/pdf/transparencia/Estadisticas_Institucionales/2018/HISTORICO_PRECIOS_COMBUSTIBLES_SERIE_2000_-_2018_SEPTIEMBRE.xls
2016-02-13,2016-02-19,2016,175.30,157.50,117.00,127.40,78.50,HISTORICO_PRECIOS_COMBUSTIBLES_SERIE_2000_-_2018_SEPTIEMBRE.xls :: Prom.Anual al Pub. 2016,observed,official_xls,ok,Prom.Anual al Pub. 2016,12,13 AL 19 FEB 2016,rebuilt_from_official_weekly_sequence,https://micm.gob.do/transparencia/images/pdf/transparencia/Estadisticas_Institucionales/2018/HISTORICO_PRECIOS_COMBUSTIBLES_SERIE_2000_-_2018_SEPTIEMBRE.xls
2016-02-20,2016-02-26,2016,175.30,157.50,117.00,127.40,78.50,HISTORICO_PRECIOS_COMBUSTIBLES_SERIE_2000_-_2018_SEPTIEMBRE.xls :: Prom.Anual al Pub. 2016,observed,official_xls,ok,Prom.Anual al Pub. 2016,13,20 al 26  FEB 2016,rebuilt_from_official_weekly_sequence,https://micm.gob.do/transparencia/images/pdf/transparencia/Estadisticas_Institucionales/2018/HISTORICO_PRECIOS_COMBUSTIBLES_SERIE_2000_-_2018_SEPTIEMBRE.xls
2016-02-27,2016-03-04,2016,175.30,157.50,118.30,129.10,80.50,HISTORICO_PRECIOS_COMBUSTIBLES_SERIE_2000_-_2018_SEPTIEMBRE.xls :: Prom.Anual al Pub. 2016,observed,official_xls,ok,Prom.Anual al Pub. 2016,14,27 FEB AL  04 MARZO 2016,rebuilt_from_official_weekly_sequence,https://micm.gob.do/transparencia/images/pdf/transparencia/Estadisticas_Institucionales/2018/HISTORICO_PRECIOS_COMBUSTIBLES_SERIE_2000_-_2018_SEPTIEMBRE.xls
2016-03-05,2016-03-11,2016,178.00,159.00,119.90,131.10,82.20,HISTORICO_PRECIOS_COMBUSTIBLES_SERIE_2000_-_2018_SEPTIEMBRE.xls :: Prom.Anual al Pub. 2016,observed,official_xls,ok,Prom.Anual al Pub. 2016,15,05 AL 11 DE MARZO 2016,rebuilt_from_official_weekly_sequence,https://micm.gob.do/transparencia/images/pdf/transparencia/Estadisticas_Institucionales/2018/HISTORICO_PRECIOS_COMBUSTIBLES_SERIE_2000_-_2018_SEPTIEMBRE.xls
2016-03-12,2016-03-18,2016,181.00,161.40,121.70,135.10,83.80,HISTORICO_PRECIOS_COMBUSTIBLES_SERIE_2000_-_2018_SEPTIEMBRE.xls :: Prom.Anual al Pub. 2016,observed,official_xls,ok,Prom.Anual al Pub. 2016,16,12 AL 18 DE MARZO 2016,rebuilt_from_official_weekly_sequence,https://micm.gob.do/transparencia/images/pdf/transparencia/Estadisticas_Institucionales/2018/HISTORICO_PRECIOS_COMBUSTIBLES_SERIE_2000_-_2018_SEPTIEMBRE.xls
2016-03-19,2016-03-25,2016,183.90,164.20,124.00,139.60,85.60,HISTORICO_PRECIOS_COMBUSTIBLES_SERIE_2000_-_2018_SEPTIEMBRE.xls :: Prom.Anual al Pub. 2016,observed,official_xls,ok,Prom.Anual al Pub. 2016,17,19  AL 25  MARZO 2016,rebuilt_from_official_weekly_sequence,https://micm.gob.do/transparencia/images/pdf/transparencia/Estadisticas_Institucionales/2018/HISTORICO_PRECIOS_COMBUSTIBLES_SERIE_2000_-_2018_SEPTIEMBRE.xls
2016-03-26,2016-04-01,2016,183.90,164.20,124.00,139.60,85.60,HISTORICO_PRECIOS_COMBUSTIBLES_SERIE_2000_-_2018_SEPTIEMBRE.xls :: Prom.Anual al Pub. 2016,observed,official_xls,ok,Prom.Anual al Pub. 2016,18,26 MAR AL 1 ABRIL 2016,rebuilt_from_official_weekly_sequence,https://micm.gob.do/transparencia/images/pdf/transparencia/Estadisticas_Institucionales/2018/HISTORICO_PRECIOS_COMBUSTIBLES_SERIE_2000_-_2018_SEPTIEMBRE.xls
2016-04-02,2016-04-08,2016,183.90,164.20,124.00,139.60,85.60,HISTORICO_PRECIOS_COMBUSTIBLES_SERIE_2000_-_2018_SEPTIEMBRE.xls :: Prom.Anual al Pub. 2016,observed,official_xls,ok,Prom.Anual al Pub. 2016,19,2 AL 08 DE ABRIL 2016,rebuilt_from_official_weekly_sequence,https://micm.gob.do/transparencia/images/pdf/transparencia/Estadisticas_Institucionales/2018/HISTORICO_PRECIOS_COMBUSTIBLES_SERIE_2000_-_2018_SEPTIEMBRE.xls
2016-04-09,2016-04-15,2016,183.90,164.20,124.00,139.60,85.60,HISTORICO_PRECIOS_COMBUSTIBLES_SERIE_2000_-_2018_SEPTIEMBRE.xls :: Prom.Anual al Pub. 2016,observed,official_xls,ok,Prom.Anual al Pub. 2016,20,09 al 15 ABRIL 2016,rebuilt_from_official_weekly_sequence,https://micm.gob.do/transparencia/images/pdf/transparencia/Estadisticas_Institucionales/2018/HISTORICO_PRECIOS_COMBUSTIBLES_SERIE_2000_-_2018_SEPTIEMBRE.xls
2016-04-16,2016-04-22,2016,186.40,167.10,125.80,140.70,86.60,HISTORICO_PRECIOS_COMBUSTIBLES_SERIE_2000_-_2018_SEPTIEMBRE.xls :: Prom.Anual al Pub. 2016,observed,official_xls,ok,Prom.Anual al Pub. 2016,21,16  AL 22 ABRIL 2016,rebuilt_from_official_weekly_sequence,https://micm.gob.do/transparencia/images/pdf/transparencia/Estadisticas_Institucionales/2018/HISTORICO_PRECIOS_COMBUSTIBLES_SERIE_2000_-_2018_SEPTIEMBRE.xls
2016-04-23,2016-04-29,2016,188.90,169.80,128.10,143.30,87.60,HISTORICO_PRECIOS_COMBUSTIBLES_SERIE_2000_-_2018_SEPTIEMBRE.xls :: Prom.Anual al Pub. 2016,observed,official_xls,ok,Prom.Anual al Pub. 2016,22,23  ABR AL 29 ABRIL  2016,rebuilt_from_official_weekly_sequence,https://micm.gob.do/transparencia/images/pdf/transparencia/Estadisticas_Institucionales/2018/HISTORICO_PRECIOS_COMBUSTIBLES_SERIE_2000_-_2018_SEPTIEMBRE.xls
2016-04-30,2016-05-06,2016,192.00,172.70,131.00,146.30,88.60,HISTORICO_PRECIOS_COMBUSTIBLES_SERIE_2000_-_2018_SEPTIEMBRE.xls :: Prom.Anual al Pub. 2016,observed,official_xls,ok,Prom.Anual al Pub. 2016,23,30 DE ABRIL AL 06 MAYO 2016,rebuilt_from_official_weekly_sequence,https://micm.gob.do/transparencia/images/pdf/transparencia/Estadisticas_Institucionales/2018/HISTORICO_PRECIOS_COMBUSTIBLES_SERIE_2000_-_2018_SEPTIEMBRE.xls
2016-05-07,2016-05-13,2016,192.00,172.70,131.00,146.30,88.60,HISTORICO_PRECIOS_COMBUSTIBLES_SERIE_2000_-_2018_SEPTIEMBRE.xls :: Prom.Anual al Pub. 2016,observed,official_xls,ok,Prom.Anual al Pub. 2016,24,07 AL 13 DE MAYO 2016,rebuilt_from_official_weekly_sequence,https://micm.gob.do/transparencia/images/pdf/transparencia/Estadisticas_Institucionales/2018/HISTORICO_PRECIOS_COMBUSTIBLES_SERIE_2000_-_2018_SEPTIEMBRE.xls
2016-05-14,2016-05-20,2016,192.00,172.70,131.00,146.30,88.60,HISTORICO_PRECIOS_COMBUSTIBLES_SERIE_2000_-_2018_SEPTIEMBRE.xls :: Prom.Anual al Pub. 2016,observed,official_xls,ok,Prom.Anual al Pub. 2016,25,14 al 20  MAYO 2016,rebuilt_from_official_weekly_sequence,https://micm.gob.do/transparencia/images/pdf/transparencia/Estadisticas_Institucionales/2018/HISTORICO_PRECIOS_COMBUSTIBLES_SERIE_2000_-_2018_SEPTIEMBRE.xls
2016-05-21,2016-05-27,2016,195.70,176.20,133.90,148.50,89.60,HISTORICO_PRECIOS_COMBUSTIBLES_SERIE_2000_-_2018_SEPTIEMBRE.xls :: Prom.Anual al Pub. 2016,observed,official_xls,ok,Prom.Anual al Pub. 2016,26,21 AL 27 DE MAYO  2016,rebuilt_from_official_weekly_sequence,https://micm.gob.do/transparencia/images/pdf/transparencia/Estadisticas_Institucionales/2018/HISTORICO_PRECIOS_COMBUSTIBLES_SERIE_2000_-_2018_SEPTIEMBRE.xls
2016-05-28,2016-06-03,2016,199.30,179.60,136.70,150.70,90.60,HISTORICO_PRECIOS_COMBUSTIBLES_SERIE_2000_-_2018_SEPTIEMBRE.xls :: Prom.Anual al Pub. 2016,observed,official_xls,ok,Prom.Anual al Pub. 2016,27,28 DE MAYO AL 3 DE JUNIO 2016,rebuilt_from_official_weekly_sequence,https://micm.gob.do/transparencia/images/pdf/transparencia/Estadisticas_Institucionales/2018/HISTORICO_PRECIOS_COMBUSTIBLES_SERIE_2000_-_2018_SEPTIEMBRE.xls
2016-06-04,2016-06-10,2016,203.60,184.40,139.90,153.00,90.60,HISTORICO_PRECIOS_COMBUSTIBLES_SERIE_2000_-_2018_SEPTIEMBRE.xls :: Prom.Anual al Pub. 2016,observed,official_xls,ok,Prom.Anual al Pub. 2016,28,4 AL 10  DE JUNIO 2016,rebuilt_from_official_weekly_sequence,https://micm.gob.do/transparencia/images/pdf/transparencia/Estadisticas_Institucionales/2018/HISTORICO_PRECIOS_COMBUSTIBLES_SERIE_2000_-_2018_SEPTIEMBRE.xls
2016-06-11,2016-06-17,2016,205.70,186.90,142.20,154.80,88.30,HISTORICO_PRECIOS_COMBUSTIBLES_SERIE_2000_-_2018_SEPTIEMBRE.xls :: Prom.Anual al Pub. 2016,observed,official_xls,ok,Prom.Anual al Pub. 2016,29,11 Al 17 DE JUNIO AL 2016,rebuilt_from_official_weekly_sequence,https://micm.gob.do/transparencia/images/pdf/transparencia/Estadisticas_Institucionales/2018/HISTORICO_PRECIOS_COMBUSTIBLES_SERIE_2000_-_2018_SEPTIEMBRE.xls
2016-06-18,2016-06-24,2016,205.70,186.90,142.20,154.80,88.30,HISTORICO_PRECIOS_COMBUSTIBLES_SERIE_2000_-_2018_SEPTIEMBRE.xls :: Prom.Anual al Pub. 2016,observed,official_xls,ok,Prom.Anual al Pub. 2016,30,18 AL 24 JUNIO 2016,rebuilt_from_official_weekly_sequence,https://micm.gob.do/transparencia/images/pdf/transparencia/Estadisticas_Institucionales/2018/HISTORICO_PRECIOS_COMBUSTIBLES_SERIE_2000_-_2018_SEPTIEMBRE.xls
2016-06-25,2016-07-01,2016,205.70,186.90,142.20,154.80,88.30,HISTORICO_PRECIOS_COMBUSTIBLES_SERIE_2000_-_2018_SEPTIEMBRE.xls :: Prom.Anual al Pub. 2016,observed,official_xls,ok,Prom.Anual al Pub. 2016,31,25 JUN AL 1 JULIO 2016,rebuilt_from_official_weekly_sequence,https://micm.gob.do/transparencia/images/pdf/transparencia/Estadisticas_Institucionales/2018/HISTORICO_PRECIOS_COMBUSTIBLES_SERIE_2000_-_2018_SEPTIEMBRE.xls
2016-07-02,2016-07-08,2016,205.70,186.90,142.20,154.80,88.30,HISTORICO_PRECIOS_COMBUSTIBLES_SERIE_2000_-_2018_SEPTIEMBRE.xls :: Prom.Anual al Pub. 2016,observed,official_xls,ok,Prom.Anual al Pub. 2016,32,02 al 08 de  JULIO 2016,rebuilt_from_official_weekly_sequence,https://micm.gob.do/transparencia/images/pdf/transparencia/Estadisticas_Institucionales/2018/HISTORICO_PRECIOS_COMBUSTIBLES_SERIE_2000_-_2018_SEPTIEMBRE.xls
2016-07-09,2016-07-15,2016,201.70,184.60,142.20,154.80,90.20,HISTORICO_PRECIOS_COMBUSTIBLES_SERIE_2000_-_2018_SEPTIEMBRE.xls :: Prom.Anual al Pub. 2016,observed,official_xls,ok,Prom.Anual al Pub. 2016,33,09  AL 15 JULIO 2016,rebuilt_from_official_weekly_sequence,https://micm.gob.do/transparencia/images/pdf/transparencia/Estadisticas_Institucionales/2018/HISTORICO_PRECIOS_COMBUSTIBLES_SERIE_2000_-_2018_SEPTIEMBRE.xls
2016-07-16,2016-07-22,2016,197.40,181.10,139.40,152.80,89.20,HISTORICO_PRECIOS_COMBUSTIBLES_SERIE_2000_-_2018_SEPTIEMBRE.xls :: Prom.Anual al Pub. 2016,observed,official_xls,ok,Prom.Anual al Pub. 2016,34,16 al 22 de JULIO 2016,rebuilt_from_official_weekly_sequence,https://micm.gob.do/transparencia/images/pdf/transparencia/Estadisticas_Institucionales/2018/HISTORICO_PRECIOS_COMBUSTIBLES_SERIE_2000_-_2018_SEPTIEMBRE.xls
2016-07-23,2016-07-29,2016,196.50,180.60,138.50,151.70,88.20,HISTORICO_PRECIOS_COMBUSTIBLES_SERIE_2000_-_2018_SEPTIEMBRE.xls :: Prom.Anual al Pub. 2016,observed,official_xls,ok,Prom.Anual al Pub. 2016,35,23 AL 29 JULIO 2016,rebuilt_from_official_weekly_sequence,https://micm.gob.do/transparencia/images/pdf/transparencia/Estadisticas_Institucionales/2018/HISTORICO_PRECIOS_COMBUSTIBLES_SERIE_2000_-_2018_SEPTIEMBRE.xls
2016-07-30,2016-08-05,2016,195.50,179.60,136.60,149.90,88.20,HISTORICO_PRECIOS_COMBUSTIBLES_SERIE_2000_-_2018_SEPTIEMBRE.xls :: Prom.Anual al Pub. 2016,observed,official_xls,ok,Prom.Anual al Pub. 2016,36,30 JULIO  AL 05 AGO 2016,rebuilt_from_official_weekly_sequence,https://micm.gob.do/transparencia/images/pdf/transparencia/Estadisticas_Institucionales/2018/HISTORICO_PRECIOS_COMBUSTIBLES_SERIE_2000_-_2018_SEPTIEMBRE.xls
2016-08-06,2016-08-12,2016,194.20,178.50,134.30,147.60,87.20,HISTORICO_PRECIOS_COMBUSTIBLES_SERIE_2000_-_2018_SEPTIEMBRE.xls :: Prom.Anual al Pub. 2016,observed,official_xls,ok,Prom.Anual al Pub. 2016,37,06  AL 12  AGO 2016,rebuilt_from_official_weekly_sequence,https://micm.gob.do/transparencia/images/pdf/transparencia/Estadisticas_Institucionales/2018/HISTORICO_PRECIOS_COMBUSTIBLES_SERIE_2000_-_2018_SEPTIEMBRE.xls
2016-08-13,2016-08-19,2016,194.20,178.50,134.30,147.60,87.20,HISTORICO_PRECIOS_COMBUSTIBLES_SERIE_2000_-_2018_SEPTIEMBRE.xls :: Prom.Anual al Pub. 2016,observed,official_xls,ok,Prom.Anual al Pub. 2016,38,13 AL 19   AGOSTO 2016,rebuilt_from_official_weekly_sequence,https://micm.gob.do/transparencia/images/pdf/transparencia/Estadisticas_Institucionales/2018/HISTORICO_PRECIOS_COMBUSTIBLES_SERIE_2000_-_2018_SEPTIEMBRE.xls
2016-08-20,2016-08-26,2016,194.20,178.50,134.30,147.60,87.20,HISTORICO_PRECIOS_COMBUSTIBLES_SERIE_2000_-_2018_SEPTIEMBRE.xls :: Prom.Anual al Pub. 2016,observed,official_xls,ok,Prom.Anual al Pub. 2016,39,20 AL 26 AGOSTO 2016,rebuilt_from_official_weekly_sequence,https://micm.gob.do/transparencia/images/pdf/transparencia/Estadisticas_Institucionales/2018/HISTORICO_PRECIOS_COMBUSTIBLES_SERIE_2000_-_2018_SEPTIEMBRE.xls
2016-08-27,2016-09-02,2016,199.60,184.00,140.60,153.60,88.80,HISTORICO_PRECIOS_COMBUSTIBLES_SERIE_2000_-_2018_SEPTIEMBRE.xls :: Prom.Anual al Pub. 2016,observed,official_xls,ok,Prom.Anual al Pub. 2016,40,27 AGO AL 2 DE SEP 2016,rebuilt_from_official_weekly_sequence,https://micm.gob.do/transparencia/images/pdf/transparencia/Estadisticas_Institucionales/2018/HISTORICO_PRECIOS_COMBUSTIBLES_SERIE_2000_-_2018_SEPTIEMBRE.xls
2016-09-03,2016-09-09,2016,201.50,186.00,142.00,155.10,88.80,HISTORICO_PRECIOS_COMBUSTIBLES_SERIE_2000_-_2018_SEPTIEMBRE.xls :: Prom.Anual al Pub. 2016,observed,official_xls,ok,Prom.Anual al Pub. 2016,41,03 AL 09 SEPTIEMBRE 2016,rebuilt_from_official_weekly_sequence,https://micm.gob.do/transparencia/images/pdf/transparencia/Estadisticas_Institucionales/2018/HISTORICO_PRECIOS_COMBUSTIBLES_SERIE_2000_-_2018_SEPTIEMBRE.xls
2016-09-10,2016-09-16,2016,197.50,182.00,141.00,154.60,88.80,HISTORICO_PRECIOS_COMBUSTIBLES_SERIE_2000_-_2018_SEPTIEMBRE.xls :: Prom.Anual al Pub. 2016,observed,official_xls,ok,Prom.Anual al Pub. 2016,42,10 AL 16 SEPT 2016,rebuilt_from_official_weekly_sequence,https://micm.gob.do/transparencia/images/pdf/transparencia/Estadisticas_Institucionales/2018/HISTORICO_PRECIOS_COMBUSTIBLES_SERIE_2000_-_2018_SEPTIEMBRE.xls
2016-09-17,2016-09-23,2016,197.50,182.00,141.00,154.60,88.80,HISTORICO_PRECIOS_COMBUSTIBLES_SERIE_2000_-_2018_SEPTIEMBRE.xls :: Prom.Anual al Pub. 2016,observed,official_xls,ok,Prom.Anual al Pub. 2016,43,17 AL 23 SEPT 2016,rebuilt_from_official_weekly_sequence,https://micm.gob.do/transparencia/images/pdf/transparencia/Estadisticas_Institucionales/2018/HISTORICO_PRECIOS_COMBUSTIBLES_SERIE_2000_-_2018_SEPTIEMBRE.xls
2016-09-24,2016-09-30,2016,196.40,181.00,141.00,153.50,91.30,HISTORICO_PRECIOS_COMBUSTIBLES_SERIE_2000_-_2018_SEPTIEMBRE.xls :: Prom.Anual al Pub. 2016,observed,official_xls,ok,Prom.Anual al Pub. 2016,44,24 AL 30 DE SEPTIEMBRE 2016,rebuilt_from_official_weekly_sequence,https://micm.gob.do/transparencia/images/pdf/transparencia/Estadisticas_Institucionales/2018/HISTORICO_PRECIOS_COMBUSTIBLES_SERIE_2000_-_2018_SEPTIEMBRE.xls
2016-10-01,2016-10-07,2016,198.00,182.80,142.30,154.90,92.70,HISTORICO_PRECIOS_COMBUSTIBLES_SERIE_2000_-_2018_SEPTIEMBRE.xls :: Prom.Anual al Pub. 2016,observed,official_xls,ok,Prom.Anual al Pub. 2016,45,1 Al 7 DE OCTUBRE 2016,rebuilt_from_official_weekly_sequence,https://micm.gob.do/transparencia/images/pdf/transparencia/Estadisticas_Institucionales/2018/HISTORICO_PRECIOS_COMBUSTIBLES_SERIE_2000_-_2018_SEPTIEMBRE.xls
2016-10-08,2016-10-14,2016,200.80,185.70,145.80,158.70,94.30,HISTORICO_PRECIOS_COMBUSTIBLES_SERIE_2000_-_2018_SEPTIEMBRE.xls :: Prom.Anual al Pub. 2016,observed,official_xls,ok,Prom.Anual al Pub. 2016,46,08 AL 14 OCTUBRE 2016,rebuilt_from_official_weekly_sequence,https://micm.gob.do/transparencia/images/pdf/transparencia/Estadisticas_Institucionales/2018/HISTORICO_PRECIOS_COMBUSTIBLES_SERIE_2000_-_2018_SEPTIEMBRE.xls
2016-10-15,2016-10-21,2016,202.80,187.70,149.30,162.20,95.70,HISTORICO_PRECIOS_COMBUSTIBLES_SERIE_2000_-_2018_SEPTIEMBRE.xls :: Prom.Anual al Pub. 2016,observed,official_xls,ok,Prom.Anual al Pub. 2016,47,15 AL 21 OCTUBRE 2016,rebuilt_from_official_weekly_sequence,https://micm.gob.do/transparencia/images/pdf/transparencia/Estadisticas_Institucionales/2018/HISTORICO_PRECIOS_COMBUSTIBLES_SERIE_2000_-_2018_SEPTIEMBRE.xls
2016-10-22,2016-10-28,2016,201.80,186.70,149.30,162.20,96.70,HISTORICO_PRECIOS_COMBUSTIBLES_SERIE_2000_-_2018_SEPTIEMBRE.xls :: Prom.Anual al Pub. 2016,observed,official_xls,ok,Prom.Anual al Pub. 2016,48,22  AL 28 OCTUBRE 2016,rebuilt_from_official_weekly_sequence,https://micm.gob.do/transparencia/images/pdf/transparencia/Estadisticas_Institucionales/2018/HISTORICO_PRECIOS_COMBUSTIBLES_SERIE_2000_-_2018_SEPTIEMBRE.xls
2016-10-29,2016-11-04,2016,203.80,187.70,147.00,160.60,96.70,HISTORICO_PRECIOS_COMBUSTIBLES_SERIE_2000_-_2018_SEPTIEMBRE.xls :: Prom.Anual al Pub. 2016,observed,official_xls,ok,Prom.Anual al Pub. 2016,49,29  AL 04 DE NOV 2016,rebuilt_from_official_weekly_sequence,https://micm.gob.do/transparencia/images/pdf/transparencia/Estadisticas_Institucionales/2018/HISTORICO_PRECIOS_COMBUSTIBLES_SERIE_2000_-_2018_SEPTIEMBRE.xls
2016-11-05,2016-11-11,2016,202.80,186.70,145.50,159.10,95.10,HISTORICO_PRECIOS_COMBUSTIBLES_SERIE_2000_-_2018_SEPTIEMBRE.xls :: Prom.Anual al Pub. 2016,observed,official_xls,ok,Prom.Anual al Pub. 2016,50,05 AL 11 NOV 2015,rebuilt_from_official_weekly_sequence,https://micm.gob.do/transparencia/images/pdf/transparencia/Estadisticas_Institucionales/2018/HISTORICO_PRECIOS_COMBUSTIBLES_SERIE_2000_-_2018_SEPTIEMBRE.xls
2016-11-12,2016-11-18,2016,200.80,185.20,142.50,156.10,94.10,HISTORICO_PRECIOS_COMBUSTIBLES_SERIE_2000_-_2018_SEPTIEMBRE.xls :: Prom.Anual al Pub. 2016,observed,official_xls,ok,Prom.Anual al Pub. 2016,51,12 NOV  AL 18 NOV 2015,rebuilt_from_official_weekly_sequence,https://micm.gob.do/transparencia/images/pdf/transparencia/Estadisticas_Institucionales/2018/HISTORICO_PRECIOS_COMBUSTIBLES_SERIE_2000_-_2018_SEPTIEMBRE.xls
2016-11-19,2016-11-25,2016,196.80,181.20,140.50,154.10,93.10,HISTORICO_PRECIOS_COMBUSTIBLES_SERIE_2000_-_2018_SEPTIEMBRE.xls :: Prom.Anual al Pub. 2016,observed,official_xls,ok,Prom.Anual al Pub. 2016,52,19 NOV  AL 25 NOV 2015,rebuilt_from_official_weekly_sequence,https://micm.gob.do/transparencia/images/pdf/transparencia/Estadisticas_Institucionales/2018/HISTORICO_PRECIOS_COMBUSTIBLES_SERIE_2000_-_2018_SEPTIEMBRE.xls
2016-11-26,2016-12-02,2016,196.80,181.20,142.50,156.10,93.10,HISTORICO_PRECIOS_COMBUSTIBLES_SERIE_2000_-_2018_SEPTIEMBRE.xls :: Prom.Anual al Pub. 2016,observed,official_xls,ok,Prom.Anual al Pub. 2016,53,26 NOV  AL 02  DIC 2016,rebuilt_from_official_weekly_sequence,https://micm.gob.do/transparencia/images/pdf/transparencia/Estadisticas_Institucionales/2018/HISTORICO_PRECIOS_COMBUSTIBLES_SERIE_2000_-_2018_SEPTIEMBRE.xls
2016-12-03,2016-12-09,2016,199.80,184.20,145.00,158.60,95.10,HISTORICO_PRECIOS_COMBUSTIBLES_SERIE_2000_-_2018_SEPTIEMBRE.xls :: Prom.Anual al Pub. 2016,observed,official_xls,ok,Prom.Anual al Pub. 2016,54,03 DIC. AL 09 DIC 2016,rebuilt_from_official_weekly_sequence,https://micm.gob.do/transparencia/images/pdf/transparencia/Estadisticas_Institucionales/2018/HISTORICO_PRECIOS_COMBUSTIBLES_SERIE_2000_-_2018_SEPTIEMBRE.xls
2016-12-10,2016-12-16,2016,202.80,187.20,149.00,163.60,100.10,HISTORICO_PRECIOS_COMBUSTIBLES_SERIE_2000_-_2018_SEPTIEMBRE.xls :: Prom.Anual al Pub. 2016,observed,official_xls,ok,Prom.Anual al Pub. 2016,55,10 DIC. AL 16 DIC 2016,rebuilt_from_official_weekly_sequence,https://micm.gob.do/transparencia/images/pdf/transparencia/Estadisticas_Institucionales/2018/HISTORICO_PRECIOS_COMBUSTIBLES_SERIE_2000_-_2018_SEPTIEMBRE.xls
2016-12-17,2016-12-23,2016,205.80,190.20,152.00,166.60,100.10,HISTORICO_PRECIOS_COMBUSTIBLES_SERIE_2000_-_2018_SEPTIEMBRE.xls :: Prom.Anual al Pub. 2016,observed,official_xls,ok,Prom.Anual al Pub. 2016,56,17 DIC. AL 23 DIC 2016,rebuilt_from_official_weekly_sequence,https://micm.gob.do/transparencia/images/pdf/transparencia/Estadisticas_Institucionales/2018/HISTORICO_PRECIOS_COMBUSTIBLES_SERIE_2000_-_2018_SEPTIEMBRE.xls
2016-12-24,2016-12-30,2016,205.80,190.20,152.00,166.60,100.10,HISTORICO_PRECIOS_COMBUSTIBLES_SERIE_2000_-_2018_SEPTIEMBRE.xls :: Prom.Anual al Pub. 2016,observed,official_xls,ok,Prom.Anual al Pub. 2016,57,24 DIC. AL 30 DIC 2016,rebuilt_from_official_weekly_sequence,https://micm.gob.do/transparencia/images/pdf/transparencia/Estadisticas_Institucionales/2018/HISTORICO_PRECIOS_COMBUSTIBLES_SERIE_2000_-_2018_SEPTIEMBRE.xls
2016-12-31,2017-01-06,2016,210.80,195.20,154.00,168.60,103.10,HISTORICO_PRECIOS_COMBUSTIBLES_SERIE_2000_-_2018_SEPTIEMBRE.xls :: Prom. Anual al Pub. 2017,observed,official_xls,ok,Prom. Anual al Pub. 2017,6,31 DIC AL 06 DE ENE 2017,rebuilt_from_official_weekly_sequence,https://micm.gob.do/transparencia/images/pdf/transparencia/Estadisticas_Institucionales/2018/HISTORICO_PRECIOS_COMBUSTIBLES_SERIE_2000_-_2018_SEPTIEMBRE.xls
2017-01-07,2017-01-13,2017,214.80,199.20,154.00,168.60,106.10,HISTORICO_PRECIOS_COMBUSTIBLES_SERIE_2000_-_2018_SEPTIEMBRE.xls :: Prom. Anual al Pub. 2017,observed,official_xls,ok,Prom. Anual al Pub. 2017,7,07 AL 13 DE ENE 2017,rebuilt_from_official_weekly_sequence,https://micm.gob.do/transparencia/images/pdf/transparencia/Estadisticas_Institucionales/2018/HISTORICO_PRECIOS_COMBUSTIBLES_SERIE_2000_-_2018_SEPTIEMBRE.xls
2017-01-14,2017-01-20,2017,213.30,197.70,152.00,166.50,104.60,HISTORICO_PRECIOS_COMBUSTIBLES_SERIE_2000_-_2018_SEPTIEMBRE.xls :: Prom. Anual al Pub. 2017,observed,official_xls,ok,Prom. Anual al Pub. 2017,8,14 AL 20 DE ENE 2017,rebuilt_from_official_weekly_sequence,https://micm.gob.do/transparencia/images/pdf/transparencia/Estadisticas_Institucionales/2018/HISTORICO_PRECIOS_COMBUSTIBLES_SERIE_2000_-_2018_SEPTIEMBRE.xls
2017-01-21,2017-01-27,2017,212.30,196.70,151.00,164.60,103.60,HISTORICO_PRECIOS_COMBUSTIBLES_SERIE_2000_-_2018_SEPTIEMBRE.xls :: Prom. Anual al Pub. 2017,observed,official_xls,ok,Prom. Anual al Pub. 2017,9,21 AL 27 DE ENE 2017,rebuilt_from_official_weekly_sequence,https://micm.gob.do/transparencia/images/pdf/transparencia/Estadisticas_Institucionales/2018/HISTORICO_PRECIOS_COMBUSTIBLES_SERIE_2000_-_2018_SEPTIEMBRE.xls
2017-01-28,2017-02-03,2017,212.30,196.70,151.00,164.60,105.00,HISTORICO_PRECIOS_COMBUSTIBLES_SERIE_2000_-_2018_SEPTIEMBRE.xls :: Prom. Anual al Pub. 2017,observed,official_xls,ok,Prom. Anual al Pub. 2017,10,28 AL 03 DE FEB 2017,rebuilt_from_official_weekly_sequence,https://micm.gob.do/transparencia/images/pdf/transparencia/Estadisticas_Institucionales/2018/HISTORICO_PRECIOS_COMBUSTIBLES_SERIE_2000_-_2018_SEPTIEMBRE.xls
2017-02-04,2017-02-10,2017,212.30,196.70,151.00,164.60,108.00,HISTORICO_PRECIOS_COMBUSTIBLES_SERIE_2000_-_2018_SEPTIEMBRE.xls :: Prom. Anual al Pub. 2017,observed,official_xls,ok,Prom. Anual al Pub. 2017,11,04 AL 10 DE FEB 2017,rebuilt_from_official_weekly_sequence,https://micm.gob.do/transparencia/images/pdf/transparencia/Estadisticas_Institucionales/2018/HISTORICO_PRECIOS_COMBUSTIBLES_SERIE_2000_-_2018_SEPTIEMBRE.xls
2017-02-11,2017-02-17,2017,214.30,198.70,153.00,166.60,108.00,HISTORICO_PRECIOS_COMBUSTIBLES_SERIE_2000_-_2018_SEPTIEMBRE.xls :: Prom. Anual al Pub. 2017,observed,official_xls,ok,Prom. Anual al Pub. 2017,12,11 AL 17 DE FEB 2017,rebuilt_from_official_weekly_sequence,https://micm.gob.do/transparencia/images/pdf/transparencia/Estadisticas_Institucionales/2018/HISTORICO_PRECIOS_COMBUSTIBLES_SERIE_2000_-_2018_SEPTIEMBRE.xls
2017-02-18,2017-02-24,2017,214.30,198.70,153.00,166.60,111.00,HISTORICO_PRECIOS_COMBUSTIBLES_SERIE_2000_-_2018_SEPTIEMBRE.xls :: Prom. Anual al Pub. 2017,observed,official_xls,ok,Prom. Anual al Pub. 2017,13,18 AL 24 DE FEB 2017,rebuilt_from_official_weekly_sequence,https://micm.gob.do/transparencia/images/pdf/transparencia/Estadisticas_Institucionales/2018/HISTORICO_PRECIOS_COMBUSTIBLES_SERIE_2000_-_2018_SEPTIEMBRE.xls
2017-02-25,2017-03-03,2017,214.30,198.70,154.00,166.60,109.50,HISTORICO_PRECIOS_COMBUSTIBLES_SERIE_2000_-_2018_SEPTIEMBRE.xls :: Prom. Anual al Pub. 2017,observed,official_xls,ok,Prom. Anual al Pub. 2017,14,25 DE FEB AL 03 DE MARZO 2017,rebuilt_from_official_weekly_sequence,https://micm.gob.do/transparencia/images/pdf/transparencia/Estadisticas_Institucionales/2018/HISTORICO_PRECIOS_COMBUSTIBLES_SERIE_2000_-_2018_SEPTIEMBRE.xls
2017-03-04,2017-03-10,2017,215.80,200.20,155.00,167.60,105.50,HISTORICO_PRECIOS_COMBUSTIBLES_SERIE_2000_-_2018_SEPTIEMBRE.xls :: Prom. Anual al Pub. 2017,observed,official_xls,ok,Prom. Anual al Pub. 2017,15,04 AL 10 DE MARZO 2017,rebuilt_from_official_weekly_sequence,https://micm.gob.do/transparencia/images/pdf/transparencia/Estadisticas_Institucionales/2018/HISTORICO_PRECIOS_COMBUSTIBLES_SERIE_2000_-_2018_SEPTIEMBRE.xls
2017-03-11,2017-03-17,2017,212.80,197.20,153.00,164.60,100.50,HISTORICO_PRECIOS_COMBUSTIBLES_SERIE_2000_-_2018_SEPTIEMBRE.xls :: Prom. Anual al Pub. 2017,observed,official_xls,ok,Prom. Anual al Pub. 2017,16,11 AL 17 DE MARZO 2017,rebuilt_from_official_weekly_sequence,https://micm.gob.do/transparencia/images/pdf/transparencia/Estadisticas_Institucionales/2018/HISTORICO_PRECIOS_COMBUSTIBLES_SERIE_2000_-_2018_SEPTIEMBRE.xls
2017-03-18,2017-03-24,2017,210.80,195.70,148.00,155.60,100.50,HISTORICO_PRECIOS_COMBUSTIBLES_SERIE_2000_-_2018_SEPTIEMBRE.xls :: Prom. Anual al Pub. 2017,observed,official_xls,ok,Prom. Anual al Pub. 2017,17,18 AL 24  DE MARZO 2017,rebuilt_from_official_weekly_sequence,https://micm.gob.do/transparencia/images/pdf/transparencia/Estadisticas_Institucionales/2018/HISTORICO_PRECIOS_COMBUSTIBLES_SERIE_2000_-_2018_SEPTIEMBRE.xls
2017-03-25,2017-03-31,2017,212.80,197.70,148.00,155.60,98.50,HISTORICO_PRECIOS_COMBUSTIBLES_SERIE_2000_-_2018_SEPTIEMBRE.xls :: Prom. Anual al Pub. 2017,observed,official_xls,ok,Prom. Anual al Pub. 2017,18,25 AL 31 DE MARZO 2017,rebuilt_from_official_weekly_sequence,https://micm.gob.do/transparencia/images/pdf/transparencia/Estadisticas_Institucionales/2018/HISTORICO_PRECIOS_COMBUSTIBLES_SERIE_2000_-_2018_SEPTIEMBRE.xls
2017-04-01,2017-04-07,2017,214.80,198.70,149.00,160.60,97.50,HISTORICO_PRECIOS_COMBUSTIBLES_SERIE_2000_-_2018_SEPTIEMBRE.xls :: Prom. Anual al Pub. 2017,observed,official_xls,ok,Prom. Anual al Pub. 2017,19,01 AL 07 DE ABRIL 2017,rebuilt_from_official_weekly_sequence,https://micm.gob.do/transparencia/images/pdf/transparencia/Estadisticas_Institucionales/2018/HISTORICO_PRECIOS_COMBUSTIBLES_SERIE_2000_-_2018_SEPTIEMBRE.xls
2017-04-08,2017-04-14,2017,218.80,202.70,152.00,163.60,98.50,HISTORICO_PRECIOS_COMBUSTIBLES_SERIE_2000_-_2018_SEPTIEMBRE.xls :: Prom. Anual al Pub. 2017,observed,official_xls,ok,Prom. Anual al Pub. 2017,20,08 AL 14 DE ABRIL 2017,rebuilt_from_official_weekly_sequence,https://micm.gob.do/transparencia/images/pdf/transparencia/Estadisticas_Institucionales/2018/HISTORICO_PRECIOS_COMBUSTIBLES_SERIE_2000_-_2018_SEPTIEMBRE.xls
2017-04-15,2017-04-21,2017,221.30,205.20,154.00,165.60,100.50,HISTORICO_PRECIOS_COMBUSTIBLES_SERIE_2000_-_2018_SEPTIEMBRE.xls :: Prom. Anual al Pub. 2017,observed,official_xls,ok,Prom. Anual al Pub. 2017,21,15 AL 21 DE ABRIL 2017,rebuilt_from_official_weekly_sequence,https://micm.gob.do/transparencia/images/pdf/transparencia/Estadisticas_Institucionales/2018/HISTORICO_PRECIOS_COMBUSTIBLES_SERIE_2000_-_2018_SEPTIEMBRE.xls
2017-04-22,2017-04-28,2017,219.80,203.70,154.00,166.60,102.50,HISTORICO_PRECIOS_COMBUSTIBLES_SERIE_2000_-_2018_SEPTIEMBRE.xls :: Prom. Anual al Pub. 2017,observed,official_xls,ok,Prom. Anual al Pub. 2017,22,22 AL 28 DE ABRIL  2017,rebuilt_from_official_weekly_sequence,https://micm.gob.do/transparencia/images/pdf/transparencia/Estadisticas_Institucionales/2018/HISTORICO_PRECIOS_COMBUSTIBLES_SERIE_2000_-_2018_SEPTIEMBRE.xls
2017-04-29,2017-05-05,2017,216.80,200.70,147.00,161.60,100.50,HISTORICO_PRECIOS_COMBUSTIBLES_SERIE_2000_-_2018_SEPTIEMBRE.xls :: Prom. Anual al Pub. 2017,observed,official_xls,ok,Prom. Anual al Pub. 2017,23,29 AL 05 DE MAYO 2017,rebuilt_from_official_weekly_sequence,https://micm.gob.do/transparencia/images/pdf/transparencia/Estadisticas_Institucionales/2018/HISTORICO_PRECIOS_COMBUSTIBLES_SERIE_2000_-_2018_SEPTIEMBRE.xls
2017-05-06,2017-05-12,2017,212.80,196.70,143.00,157.60,99.50,HISTORICO_PRECIOS_COMBUSTIBLES_SERIE_2000_-_2018_SEPTIEMBRE.xls :: Prom. Anual al Pub. 2017,observed,official_xls,ok,Prom. Anual al Pub. 2017,24,06 AL 12 DE MAYO 2017,rebuilt_from_official_weekly_sequence,https://micm.gob.do/transparencia/images/pdf/transparencia/Estadisticas_Institucionales/2018/HISTORICO_PRECIOS_COMBUSTIBLES_SERIE_2000_-_2018_SEPTIEMBRE.xls
2017-05-13,2017-05-19,2017,210.80,195.70,141.00,155.60,99.50,HISTORICO_PRECIOS_COMBUSTIBLES_SERIE_2000_-_2018_SEPTIEMBRE.xls :: Prom. Anual al Pub. 2017,observed,official_xls,ok,Prom. Anual al Pub. 2017,25,13 AL 19 DE MAYO 2017,rebuilt_from_official_weekly_sequence,https://micm.gob.do/transparencia/images/pdf/transparencia/Estadisticas_Institucionales/2018/HISTORICO_PRECIOS_COMBUSTIBLES_SERIE_2000_-_2018_SEPTIEMBRE.xls
2017-05-20,2017-05-26,2017,212.80,197.70,142.00,157.60,99.50,HISTORICO_PRECIOS_COMBUSTIBLES_SERIE_2000_-_2018_SEPTIEMBRE.xls :: Prom. Anual al Pub. 2017,observed,official_xls,ok,Prom. Anual al Pub. 2017,26,20 AL 26 DE MAYO 2017,rebuilt_from_official_weekly_sequence,https://micm.gob.do/transparencia/images/pdf/transparencia/Estadisticas_Institucionales/2018/HISTORICO_PRECIOS_COMBUSTIBLES_SERIE_2000_-_2018_SEPTIEMBRE.xls
2017-05-27,2017-06-02,2017,216.80,201.70,146.00,161.60,101.00,HISTORICO_PRECIOS_COMBUSTIBLES_SERIE_2000_-_2018_SEPTIEMBRE.xls :: Prom. Anual al Pub. 2017,observed,official_xls,ok,Prom. Anual al Pub. 2017,27,27 DE MAYO AL 2 DE JUNIO 2017,rebuilt_from_official_weekly_sequence,https://micm.gob.do/transparencia/images/pdf/transparencia/Estadisticas_Institucionales/2018/HISTORICO_PRECIOS_COMBUSTIBLES_SERIE_2000_-_2018_SEPTIEMBRE.xls
2017-06-03,2017-06-09,2017,215.30,200.20,144.50,160.60,101.00,HISTORICO_PRECIOS_COMBUSTIBLES_SERIE_2000_-_2018_SEPTIEMBRE.xls :: Prom. Anual al Pub. 2017,observed,official_xls,ok,Prom. Anual al Pub. 2017,28,03 AL 09 DE JUNIO 2017,rebuilt_from_official_weekly_sequence,https://micm.gob.do/transparencia/images/pdf/transparencia/Estadisticas_Institucionales/2018/HISTORICO_PRECIOS_COMBUSTIBLES_SERIE_2000_-_2018_SEPTIEMBRE.xls
2017-06-10,2017-06-16,2017,212.80,197.70,140.50,156.60,99.50,HISTORICO_PRECIOS_COMBUSTIBLES_SERIE_2000_-_2018_SEPTIEMBRE.xls :: Prom. Anual al Pub. 2017,observed,official_xls,ok,Prom. Anual al Pub. 2017,29,10 AL 16 DE JUNIO 2017,rebuilt_from_official_weekly_sequence,https://micm.gob.do/transparencia/images/pdf/transparencia/Estadisticas_Institucionales/2018/HISTORICO_PRECIOS_COMBUSTIBLES_SERIE_2000_-_2018_SEPTIEMBRE.xls
2017-06-17,2017-06-23,2017,208.80,193.70,137.50,154.60,98.00,HISTORICO_PRECIOS_COMBUSTIBLES_SERIE_2000_-_2018_SEPTIEMBRE.xls :: Prom. Anual al Pub. 2017,observed,official_xls,ok,Prom. Anual al Pub. 2017,30,17 AL 23 DE JUNIO 2017,rebuilt_from_official_weekly_sequence,https://micm.gob.do/transparencia/images/pdf/transparencia/Estadisticas_Institucionales/2018/HISTORICO_PRECIOS_COMBUSTIBLES_SERIE_2000_-_2018_SEPTIEMBRE.xls
2017-06-24,2017-06-30,2017,207.30,191.70,136.50,153.60,97.00,HISTORICO_PRECIOS_COMBUSTIBLES_SERIE_2000_-_2018_SEPTIEMBRE.xls :: Prom. Anual al Pub. 2017,observed,official_xls,ok,Prom. Anual al Pub. 2017,31,24 AL 30 DE JUNIO 2017,rebuilt_from_official_weekly_sequence,https://micm.gob.do/transparencia/images/pdf/transparencia/Estadisticas_Institucionales/2018/HISTORICO_PRECIOS_COMBUSTIBLES_SERIE_2000_-_2018_SEPTIEMBRE.xls
2017-07-01,2017-07-07,2017,203.30,189.20,138.00,152.10,96.00,HISTORICO_PRECIOS_COMBUSTIBLES_SERIE_2000_-_2018_SEPTIEMBRE.xls :: Prom. Anual al Pub. 2017,observed,official_xls,ok,Prom. Anual al Pub. 2017,32,01 AL 07 DE JULIO 2017,rebuilt_from_official_weekly_sequence,https://micm.gob.do/transparencia/images/pdf/transparencia/Estadisticas_Institucionales/2018/HISTORICO_PRECIOS_COMBUSTIBLES_SERIE_2000_-_2018_SEPTIEMBRE.xls
2017-07-08,2017-07-14,2017,204.30,191.20,142.00,154.10,98.00,HISTORICO_PRECIOS_COMBUSTIBLES_SERIE_2000_-_2018_SEPTIEMBRE.xls :: Prom. Anual al Pub. 2017,observed,official_xls,ok,Prom. Anual al Pub. 2017,33,08 AL 14 DE JULIO 2017,rebuilt_from_official_weekly_sequence,https://micm.gob.do/transparencia/images/pdf/transparencia/Estadisticas_Institucionales/2018/HISTORICO_PRECIOS_COMBUSTIBLES_SERIE_2000_-_2018_SEPTIEMBRE.xls
2017-07-15,2017-07-21,2017,206.30,193.20,142.00,155.10,99.00,HISTORICO_PRECIOS_COMBUSTIBLES_SERIE_2000_-_2018_SEPTIEMBRE.xls :: Prom. Anual al Pub. 2017,observed,official_xls,ok,Prom. Anual al Pub. 2017,34,15 AL 21 DE JULIO 2017,rebuilt_from_official_weekly_sequence,https://micm.gob.do/transparencia/images/pdf/transparencia/Estadisticas_Institucionales/2018/HISTORICO_PRECIOS_COMBUSTIBLES_SERIE_2000_-_2018_SEPTIEMBRE.xls
2017-07-22,2017-07-28,2017,208.30,195.20,145.00,157.60,101.00,HISTORICO_PRECIOS_COMBUSTIBLES_SERIE_2000_-_2018_SEPTIEMBRE.xls :: Prom. Anual al Pub. 2017,observed,official_xls,ok,Prom. Anual al Pub. 2017,35,22 AL 28 DE JULIO 2017,rebuilt_from_official_weekly_sequence,https://micm.gob.do/transparencia/images/pdf/transparencia/Estadisticas_Institucionales/2018/HISTORICO_PRECIOS_COMBUSTIBLES_SERIE_2000_-_2018_SEPTIEMBRE.xls
2017-07-29,2017-08-04,2017,208.30,195.20,147.00,159.10,102.50,HISTORICO_PRECIOS_COMBUSTIBLES_SERIE_2000_-_2018_SEPTIEMBRE.xls :: Prom. Anual al Pub. 2017,observed,official_xls,ok,Prom. Anual al Pub. 2017,36,29 AL 04 DE AGOSTO 2017,rebuilt_from_official_weekly_sequence,https://micm.gob.do/transparencia/images/pdf/transparencia/Estadisticas_Institucionales/2018/HISTORICO_PRECIOS_COMBUSTIBLES_SERIE_2000_-_2018_SEPTIEMBRE.xls
2017-08-05,2017-08-11,2017,213.30,199.20,151.00,164.10,105.50,HISTORICO_PRECIOS_COMBUSTIBLES_SERIE_2000_-_2018_SEPTIEMBRE.xls :: Prom. Anual al Pub. 2017,observed,official_xls,ok,Prom. Anual al Pub. 2017,37,05 AL 11 DE AGOSTO 2017,rebuilt_from_official_weekly_sequence,https://micm.gob.do/transparencia/images/pdf/transparencia/Estadisticas_Institucionales/2018/HISTORICO_PRECIOS_COMBUSTIBLES_SERIE_2000_-_2018_SEPTIEMBRE.xls
2017-08-12,2017-08-18,2017,212.30,198.20,150.00,163.10,105.50,HISTORICO_PRECIOS_COMBUSTIBLES_SERIE_2000_-_2018_SEPTIEMBRE.xls :: Prom. Anual al Pub. 2017,observed,official_xls,ok,Prom. Anual al Pub. 2017,38,12 AL 18  DE AGOSTO 2017,rebuilt_from_official_weekly_sequence,https://micm.gob.do/transparencia/images/pdf/transparencia/Estadisticas_Institucionales/2018/HISTORICO_PRECIOS_COMBUSTIBLES_SERIE_2000_-_2018_SEPTIEMBRE.xls
2017-08-19,2017-08-25,2017,209.80,195.70,149.00,162.10,106.80,HISTORICO_PRECIOS_COMBUSTIBLES_SERIE_2000_-_2018_SEPTIEMBRE.xls :: Prom. Anual al Pub. 2017,observed,official_xls,ok,Prom. Anual al Pub. 2017,39,19 AL 25 DE AGOSTO 2017,rebuilt_from_official_weekly_sequence,https://micm.gob.do/transparencia/images/pdf/transparencia/Estadisticas_Institucionales/2018/HISTORICO_PRECIOS_COMBUSTIBLES_SERIE_2000_-_2018_SEPTIEMBRE.xls
2017-08-26,2017-09-01,2017,209.80,195.70,150.00,161.60,107.30,HISTORICO_PRECIOS_COMBUSTIBLES_SERIE_2000_-_2018_SEPTIEMBRE.xls :: Prom. Anual al Pub. 2017,observed,official_xls,ok,Prom. Anual al Pub. 2017,40,26 AL AGOSTO AL DE 1 DE SEPT 2017,rebuilt_from_official_weekly_sequence,https://micm.gob.do/transparencia/images/pdf/transparencia/Estadisticas_Institucionales/2018/HISTORICO_PRECIOS_COMBUSTIBLES_SERIE_2000_-_2018_SEPTIEMBRE.xls
2017-09-02,2017-09-08,2017,214.80,200.70,152.00,164.60,107.80,HISTORICO_PRECIOS_COMBUSTIBLES_SERIE_2000_-_2018_SEPTIEMBRE.xls :: Prom. Anual al Pub. 2017,observed,official_xls,ok,Prom. Anual al Pub. 2017,41,02 AL 08 DE SEPT 2017,rebuilt_from_official_weekly_sequence,https://micm.gob.do/transparencia/images/pdf/transparencia/Estadisticas_Institucionales/2018/HISTORICO_PRECIOS_COMBUSTIBLES_SERIE_2000_-_2018_SEPTIEMBRE.xls
2017-09-09,2017-09-15,2017,221.80,207.70,154.50,169.60,108.80,HISTORICO_PRECIOS_COMBUSTIBLES_SERIE_2000_-_2018_SEPTIEMBRE.xls :: Prom. Anual al Pub. 2017,observed,official_xls,ok,Prom. Anual al Pub. 2017,42,09 AL 15 DE SEPT 2017,rebuilt_from_official_weekly_sequence,https://micm.gob.do/transparencia/images/pdf/transparencia/Estadisticas_Institucionales/2018/HISTORICO_PRECIOS_COMBUSTIBLES_SERIE_2000_-_2018_SEPTIEMBRE.xls
2017-09-16,2017-09-22,2017,220.30,205.70,158.50,174.60,111.80,HISTORICO_PRECIOS_COMBUSTIBLES_SERIE_2000_-_2018_SEPTIEMBRE.xls :: Prom. Anual al Pub. 2017,observed,official_xls,ok,Prom. Anual al Pub. 2017,43,16 AL 22 DE SEPT 2017,rebuilt_from_official_weekly_sequence,https://micm.gob.do/transparencia/images/pdf/transparencia/Estadisticas_Institucionales/2018/HISTORICO_PRECIOS_COMBUSTIBLES_SERIE_2000_-_2018_SEPTIEMBRE.xls
2017-09-23,2017-09-29,2017,216.30,201.70,159.50,173.60,113.80,HISTORICO_PRECIOS_COMBUSTIBLES_SERIE_2000_-_2018_SEPTIEMBRE.xls :: Prom. Anual al Pub. 2017,observed,official_xls,ok,Prom. Anual al Pub. 2017,44,23 AL 29 DE SEPT 2017,rebuilt_from_official_weekly_sequence,https://micm.gob.do/transparencia/images/pdf/transparencia/Estadisticas_Institucionales/2018/HISTORICO_PRECIOS_COMBUSTIBLES_SERIE_2000_-_2018_SEPTIEMBRE.xls
2017-09-30,2017-10-06,2017,215.30,201.70,159.50,175.60,113.80,HISTORICO_PRECIOS_COMBUSTIBLES_SERIE_2000_-_2018_SEPTIEMBRE.xls :: Prom. Anual al Pub. 2017,observed,official_xls,ok,Prom. Anual al Pub. 2017,45,30 SEPT AL 06 DE OCT 2017,rebuilt_from_official_weekly_sequence,https://micm.gob.do/transparencia/images/pdf/transparencia/Estadisticas_Institucionales/2018/HISTORICO_PRECIOS_COMBUSTIBLES_SERIE_2000_-_2018_SEPTIEMBRE.xls
2017-10-07,2017-10-13,2017,211.30,196.70,155.50,172.60,113.80,HISTORICO_PRECIOS_COMBUSTIBLES_SERIE_2000_-_2018_SEPTIEMBRE.xls :: Prom. Anual al Pub. 2017,observed,official_xls,ok,Prom. Anual al Pub. 2017,46,07 AL 13 DE OCT 2017,rebuilt_from_official_weekly_sequence,https://micm.gob.do/transparencia/images/pdf/transparencia/Estadisticas_Institucionales/2018/HISTORICO_PRECIOS_COMBUSTIBLES_SERIE_2000_-_2018_SEPTIEMBRE.xls
2017-10-14,2017-10-20,2017,210.30,196.70,153.50,170.60,113.80,HISTORICO_PRECIOS_COMBUSTIBLES_SERIE_2000_-_2018_SEPTIEMBRE.xls :: Prom. Anual al Pub. 2017,observed,official_xls,ok,Prom. Anual al Pub. 2017,47,14 AL 20 DE OCT 2017,rebuilt_from_official_weekly_sequence,https://micm.gob.do/transparencia/images/pdf/transparencia/Estadisticas_Institucionales/2018/HISTORICO_PRECIOS_COMBUSTIBLES_SERIE_2000_-_2018_SEPTIEMBRE.xls
2017-10-21,2017-10-27,2017,211.80,197.70,155.50,172.60,116.30,HISTORICO_PRECIOS_COMBUSTIBLES_SERIE_2000_-_2018_SEPTIEMBRE.xls :: Prom. Anual al Pub. 2017,observed,official_xls,ok,Prom. Anual al Pub. 2017,48,21 AL 27 DE OCT 2017,rebuilt_from_official_weekly_sequence,https://micm.gob.do/transparencia/images/pdf/transparencia/Estadisticas_Institucionales/2018/HISTORICO_PRECIOS_COMBUSTIBLES_SERIE_2000_-_2018_SEPTIEMBRE.xls
2017-10-28,2017-11-03,2017,215.80,201.70,159.50,173.60,116.30,HISTORICO_PRECIOS_COMBUSTIBLES_SERIE_2000_-_2018_SEPTIEMBRE.xls :: Prom. Anual al Pub. 2017,observed,official_xls,ok,Prom. Anual al Pub. 2017,49,28 OCT AL 03 DE NOV 2017,rebuilt_from_official_weekly_sequence,https://micm.gob.do/transparencia/images/pdf/transparencia/Estadisticas_Institucionales/2018/HISTORICO_PRECIOS_COMBUSTIBLES_SERIE_2000_-_2018_SEPTIEMBRE.xls
2017-11-04,2017-11-10,2017,220.80,204.70,164.50,179.60,117.30,HISTORICO_PRECIOS_COMBUSTIBLES_SERIE_2000_-_2018_SEPTIEMBRE.xls :: Prom. Anual al Pub. 2017,observed,official_xls,ok,Prom. Anual al Pub. 2017,50,04 AL 10 DE NOV 2017,rebuilt_from_official_weekly_sequence,https://micm.gob.do/transparencia/images/pdf/transparencia/Estadisticas_Institucionales/2018/HISTORICO_PRECIOS_COMBUSTIBLES_SERIE_2000_-_2018_SEPTIEMBRE.xls
2017-11-11,2017-11-17,2017,225.80,208.70,165.50,180.60,117.30,HISTORICO_PRECIOS_COMBUSTIBLES_SERIE_2000_-_2018_SEPTIEMBRE.xls :: Prom. Anual al Pub. 2017,observed,official_xls,ok,Prom. Anual al Pub. 2017,51,11 AL 17 DE NOV 2017,rebuilt_from_official_weekly_sequence,https://micm.gob.do/transparencia/images/pdf/transparencia/Estadisticas_Institucionales/2018/HISTORICO_PRECIOS_COMBUSTIBLES_SERIE_2000_-_2018_SEPTIEMBRE.xls
2017-11-18,2017-11-24,2017,222.80,206.70,167.50,181.60,118.30,HISTORICO_PRECIOS_COMBUSTIBLES_SERIE_2000_-_2018_SEPTIEMBRE.xls :: Prom. Anual al Pub. 2017,observed,official_xls,ok,Prom. Anual al Pub. 2017,52,18 AL 24 DE NOV 2017,rebuilt_from_official_weekly_sequence,https://micm.gob.do/transparencia/images/pdf/transparencia/Estadisticas_Institucionales/2018/HISTORICO_PRECIOS_COMBUSTIBLES_SERIE_2000_-_2018_SEPTIEMBRE.xls
2017-11-25,2017-12-01,2017,219.80,203.70,166.50,181.60,118.30,HISTORICO_PRECIOS_COMBUSTIBLES_SERIE_2000_-_2018_SEPTIEMBRE.xls :: Prom. Anual al Pub. 2017,observed,official_xls,ok,Prom. Anual al Pub. 2017,53,25 NOV AL 01 DE DIC 2017,rebuilt_from_official_weekly_sequence,https://micm.gob.do/transparencia/images/pdf/transparencia/Estadisticas_Institucionales/2018/HISTORICO_PRECIOS_COMBUSTIBLES_SERIE_2000_-_2018_SEPTIEMBRE.xls
2017-12-02,2017-12-08,2017,221.80,207.20,167.50,180.60,119.30,HISTORICO_PRECIOS_COMBUSTIBLES_SERIE_2000_-_2018_SEPTIEMBRE.xls :: Prom. Anual al Pub. 2017,observed,official_xls,ok,Prom. Anual al Pub. 2017,54,02 AL 08 DE DIC 2017,rebuilt_from_official_weekly_sequence,https://micm.gob.do/transparencia/images/pdf/transparencia/Estadisticas_Institucionales/2018/HISTORICO_PRECIOS_COMBUSTIBLES_SERIE_2000_-_2018_SEPTIEMBRE.xls
2017-12-09,2017-12-15,2017,220.80,208.20,165.50,179.60,118.30,HISTORICO_PRECIOS_COMBUSTIBLES_SERIE_2000_-_2018_SEPTIEMBRE.xls :: Prom. Anual al Pub. 2017,observed,official_xls,ok,Prom. Anual al Pub. 2017,55,09 AL 15 DE DIC 2017,rebuilt_from_official_weekly_sequence,https://micm.gob.do/transparencia/images/pdf/transparencia/Estadisticas_Institucionales/2018/HISTORICO_PRECIOS_COMBUSTIBLES_SERIE_2000_-_2018_SEPTIEMBRE.xls
2017-12-16,2017-12-22,2017,219.80,206.20,167.50,181.60,117.30,HISTORICO_PRECIOS_COMBUSTIBLES_SERIE_2000_-_2018_SEPTIEMBRE.xls :: Prom. Anual al Pub. 2017,observed,official_xls,ok,Prom. Anual al Pub. 2017,56,16 AL 22 DE DIC 2017,rebuilt_from_official_weekly_sequence,https://micm.gob.do/transparencia/images/pdf/transparencia/Estadisticas_Institucionales/2018/HISTORICO_PRECIOS_COMBUSTIBLES_SERIE_2000_-_2018_SEPTIEMBRE.xls
2017-12-23,2017-12-29,2017,219.80,207.20,168.50,181.60,116.30,HISTORICO_PRECIOS_COMBUSTIBLES_SERIE_2000_-_2018_SEPTIEMBRE.xls :: Prom. Anual al Pub. 2017,observed,official_xls,ok,Prom. Anual al Pub. 2017,57,23 AL 29 DE DIC 2017,rebuilt_from_official_weekly_sequence,https://micm.gob.do/transparencia/images/pdf/transparencia/Estadisticas_Institucionales/2018/HISTORICO_PRECIOS_COMBUSTIBLES_SERIE_2000_-_2018_SEPTIEMBRE.xls
2017-12-30,2018-01-05,2017,223.30,209.20,170.50,182.60,117.30,HISTORICO_PRECIOS_COMBUSTIBLES_SERIE_2000_-_2018_SEPTIEMBRE.xls :: Prom. Anual al Pub. 2018,observed,official_xls,ok,Prom. Anual al Pub. 2018,6,30 DIC AL 05 DE ENERO 2018,rebuilt_from_official_weekly_sequence,https://micm.gob.do/transparencia/images/pdf/transparencia/Estadisticas_Institucionales/2018/HISTORICO_PRECIOS_COMBUSTIBLES_SERIE_2000_-_2018_SEPTIEMBRE.xls
2018-01-06,2018-01-12,2018,227.30,211.20,176.50,187.60,119.30,HISTORICO_PRECIOS_COMBUSTIBLES_SERIE_2000_-_2018_SEPTIEMBRE.xls :: Prom. Anual al Pub. 2018,observed,official_xls,ok,Prom. Anual al Pub. 2018,7,06 AL 12 DE ENERO 2018,rebuilt_from_official_weekly_sequence,https://micm.gob.do/transparencia/images/pdf/transparencia/Estadisticas_Institucionales/2018/HISTORICO_PRECIOS_COMBUSTIBLES_SERIE_2000_-_2018_SEPTIEMBRE.xls
2018-01-13,2018-01-19,2018,229.30,213.20,175.50,188.60,116.30,HISTORICO_PRECIOS_COMBUSTIBLES_SERIE_2000_-_2018_SEPTIEMBRE.xls :: Prom. Anual al Pub. 2018,observed,official_xls,ok,Prom. Anual al Pub. 2018,8,13 AL 19 DE ENERO 2018,rebuilt_from_official_weekly_sequence,https://micm.gob.do/transparencia/images/pdf/transparencia/Estadisticas_Institucionales/2018/HISTORICO_PRECIOS_COMBUSTIBLES_SERIE_2000_-_2018_SEPTIEMBRE.xls
2018-01-20,2018-01-26,2018,232.30,216.20,175.50,188.60,116.30,HISTORICO_PRECIOS_COMBUSTIBLES_SERIE_2000_-_2018_SEPTIEMBRE.xls :: Prom. Anual al Pub. 2018,observed,official_xls,ok,Prom. Anual al Pub. 2018,9,20 AL 26 DE ENERO 2018,rebuilt_from_official_weekly_sequence,https://micm.gob.do/transparencia/images/pdf/transparencia/Estadisticas_Institucionales/2018/HISTORICO_PRECIOS_COMBUSTIBLES_SERIE_2000_-_2018_SEPTIEMBRE.xls
2018-01-27,2018-02-02,2018,235.30,219.20,178.50,190.60,115.30,HISTORICO_PRECIOS_COMBUSTIBLES_SERIE_2000_-_2018_SEPTIEMBRE.xls :: Prom. Anual al Pub. 2018,observed,official_xls,ok,Prom. Anual al Pub. 2018,10,27 ENE AL 02 DE FEBRERO 2018,rebuilt_from_official_weekly_sequence,https://micm.gob.do/transparencia/images/pdf/transparencia/Estadisticas_Institucionales/2018/HISTORICO_PRECIOS_COMBUSTIBLES_SERIE_2000_-_2018_SEPTIEMBRE.xls
2018-02-03,2018-02-09,2018,234.30,219.20,179.50,191.60,112.30,HISTORICO_PRECIOS_COMBUSTIBLES_SERIE_2000_-_2018_SEPTIEMBRE.xls :: Prom. Anual al Pub. 2018,observed,official_xls,ok,Prom. Anual al Pub. 2018,11,03 AL 09 DE FEBRERO 2018,rebuilt_from_official_weekly_sequence,https://micm.gob.do/transparencia/images/pdf/transparencia/Estadisticas_Institucionales/2018/HISTORICO_PRECIOS_COMBUSTIBLES_SERIE_2000_-_2018_SEPTIEMBRE.xls
2018-02-10,2018-02-16,2018,231.30,216.20,172.50,188.60,111.30,HISTORICO_PRECIOS_COMBUSTIBLES_SERIE_2000_-_2018_SEPTIEMBRE.xls :: Prom. Anual al Pub. 2018,observed,official_xls,ok,Prom. Anual al Pub. 2018,12,10 AL 16 DE FEBRERO 2018,rebuilt_from_official_weekly_sequence,https://micm.gob.do/transparencia/images/pdf/transparencia/Estadisticas_Institucionales/2018/HISTORICO_PRECIOS_COMBUSTIBLES_SERIE_2000_-_2018_SEPTIEMBRE.xls
2018-02-17,2018-02-23,2018,225.30,210.20,165.50,180.60,113.30,HISTORICO_PRECIOS_COMBUSTIBLES_SERIE_2000_-_2018_SEPTIEMBRE.xls :: Prom. Anual al Pub. 2018,observed,official_xls,ok,Prom. Anual al Pub. 2018,13,17 AL 23 DE FEBRERO 2018,rebuilt_from_official_weekly_sequence,https://micm.gob.do/transparencia/images/pdf/transparencia/Estadisticas_Institucionales/2018/HISTORICO_PRECIOS_COMBUSTIBLES_SERIE_2000_-_2018_SEPTIEMBRE.xls
2018-02-24,2018-03-02,2018,225.30,210.20,168.50,182.60,114.30,HISTORICO_PRECIOS_COMBUSTIBLES_SERIE_2000_-_2018_SEPTIEMBRE.xls :: Prom. Anual al Pub. 2018,observed,official_xls,ok,Prom. Anual al Pub. 2018,14,24 DE FEBRERO AL 02 DE MARZO 2018,rebuilt_from_official_weekly_sequence,https://micm.gob.do/transparencia/images/pdf/transparencia/Estadisticas_Institucionales/2018/HISTORICO_PRECIOS_COMBUSTIBLES_SERIE_2000_-_2018_SEPTIEMBRE.xls
2018-03-03,2018-03-09,2018,228.30,214.20,172.50,185.60,116.30,HISTORICO_PRECIOS_COMBUSTIBLES_SERIE_2000_-_2018_SEPTIEMBRE.xls :: Prom. Anual al Pub. 2018,observed,official_xls,ok,Prom. Anual al Pub. 2018,15,03 AL 09 DE MARZO 2018,rebuilt_from_official_weekly_sequence,https://micm.gob.do/transparencia/images/pdf/transparencia/Estadisticas_Institucionales/2018/HISTORICO_PRECIOS_COMBUSTIBLES_SERIE_2000_-_2018_SEPTIEMBRE.xls
2018-03-10,2018-03-16,2018,227.30,214.20,172.50,183.60,111.30,HISTORICO_PRECIOS_COMBUSTIBLES_SERIE_2000_-_2018_SEPTIEMBRE.xls :: Prom. Anual al Pub. 2018,observed,official_xls,ok,Prom. Anual al Pub. 2018,16,10 AL 16 DE MARZO 2018,rebuilt_from_official_weekly_sequence,https://micm.gob.do/transparencia/images/pdf/transparencia/Estadisticas_Institucionales/2018/HISTORICO_PRECIOS_COMBUSTIBLES_SERIE_2000_-_2018_SEPTIEMBRE.xls
2018-03-17,2018-03-23,2018,229.30,215.20,171.50,183.60,110.30,HISTORICO_PRECIOS_COMBUSTIBLES_SERIE_2000_-_2018_SEPTIEMBRE.xls :: Prom. Anual al Pub. 2018,observed,official_xls,ok,Prom. Anual al Pub. 2018,17,17 AL 23  DE MARZO 2018,rebuilt_from_official_weekly_sequence,https://micm.gob.do/transparencia/images/pdf/transparencia/Estadisticas_Institucionales/2018/HISTORICO_PRECIOS_COMBUSTIBLES_SERIE_2000_-_2018_SEPTIEMBRE.xls
2018-03-24,2018-03-30,2018,234.30,220.20,174.50,186.60,111.30,HISTORICO_PRECIOS_COMBUSTIBLES_SERIE_2000_-_2018_SEPTIEMBRE.xls :: Prom. Anual al Pub. 2018,observed,official_xls,ok,Prom. Anual al Pub. 2018,18,24 AL 30 DE MARZO 2018,rebuilt_from_official_weekly_sequence,https://micm.gob.do/transparencia/images/pdf/transparencia/Estadisticas_Institucionales/2018/HISTORICO_PRECIOS_COMBUSTIBLES_SERIE_2000_-_2018_SEPTIEMBRE.xls
2018-03-31,2018-04-06,2018,238.30,224.20,180.50,191.60,112.30,HISTORICO_PRECIOS_COMBUSTIBLES_SERIE_2000_-_2018_SEPTIEMBRE.xls :: Prom. Anual al Pub. 2018,observed,official_xls,ok,Prom. Anual al Pub. 2018,19,31 DE MARZO AL 06 DE ABRIL 2018,rebuilt_from_official_weekly_sequence,https://micm.gob.do/transparencia/images/pdf/transparencia/Estadisticas_Institucionales/2018/HISTORICO_PRECIOS_COMBUSTIBLES_SERIE_2000_-_2018_SEPTIEMBRE.xls
2018-04-07,2018-04-13,2018,236.30,223.20,181.50,190.60,110.30,HISTORICO_PRECIOS_COMBUSTIBLES_SERIE_2000_-_2018_SEPTIEMBRE.xls :: Prom. Anual al Pub. 2018,observed,official_xls,ok,Prom. Anual al Pub. 2018,20,07 AL 13 DE ABRIL 2018,rebuilt_from_official_weekly_sequence,https://micm.gob.do/transparencia/images/pdf/transparencia/Estadisticas_Institucionales/2018/HISTORICO_PRECIOS_COMBUSTIBLES_SERIE_2000_-_2018_SEPTIEMBRE.xls
2018-04-14,2018-04-20,2018,237.30,223.20,183.50,192.60,110.30,HISTORICO_PRECIOS_COMBUSTIBLES_SERIE_2000_-_2018_SEPTIEMBRE.xls :: Prom. Anual al Pub. 2018,observed,official_xls,ok,Prom. Anual al Pub. 2018,21,14 AL 20 DE ABRIL 2018,rebuilt_from_official_weekly_sequence,https://micm.gob.do/transparencia/images/pdf/transparencia/Estadisticas_Institucionales/2018/HISTORICO_PRECIOS_COMBUSTIBLES_SERIE_2000_-_2018_SEPTIEMBRE.xls
2018-04-21,2018-04-27,2018,240.30,227.20,186.50,195.60,113.30,HISTORICO_PRECIOS_COMBUSTIBLES_SERIE_2000_-_2018_SEPTIEMBRE.xls :: Prom. Anual al Pub. 2018,observed,official_xls,ok,Prom. Anual al Pub. 2018,22,21 AL 27 DE ABRIL 2018,rebuilt_from_official_weekly_sequence,https://micm.gob.do/transparencia/images/pdf/transparencia/Estadisticas_Institucionales/2018/HISTORICO_PRECIOS_COMBUSTIBLES_SERIE_2000_-_2018_SEPTIEMBRE.xls
2018-04-28,2018-05-04,2018,243.30,230.20,187.50,197.60,113.30,HISTORICO_PRECIOS_COMBUSTIBLES_SERIE_2000_-_2018_SEPTIEMBRE.xls :: Prom. Anual al Pub. 2018,observed,official_xls,ok,Prom. Anual al Pub. 2018,23,28 ABRIL AL 04 DE MAYO 2018,rebuilt_from_official_weekly_sequence,https://micm.gob.do/transparencia/images/pdf/transparencia/Estadisticas_Institucionales/2018/HISTORICO_PRECIOS_COMBUSTIBLES_SERIE_2000_-_2018_SEPTIEMBRE.xls
2018-05-05,2018-05-11,2018,242.30,227.20,183.50,197.60,117.30,HISTORICO_PRECIOS_COMBUSTIBLES_SERIE_2000_-_2018_SEPTIEMBRE.xls :: Prom. Anual al Pub. 2018,observed,official_xls,ok,Prom. Anual al Pub. 2018,24,05 AL 11 DE MAYO 2018,rebuilt_from_official_weekly_sequence,https://micm.gob.do/transparencia/images/pdf/transparencia/Estadisticas_Institucionales/2018/HISTORICO_PRECIOS_COMBUSTIBLES_SERIE_2000_-_2018_SEPTIEMBRE.xls
2018-05-12,2018-05-18,2018,241.30,227.20,184.50,200.60,116.30,HISTORICO_PRECIOS_COMBUSTIBLES_SERIE_2000_-_2018_SEPTIEMBRE.xls :: Prom. Anual al Pub. 2018,observed,official_xls,ok,Prom. Anual al Pub. 2018,25,12 AL 18 DE MAYO 2018,rebuilt_from_official_weekly_sequence,https://micm.gob.do/transparencia/images/pdf/transparencia/Estadisticas_Institucionales/2018/HISTORICO_PRECIOS_COMBUSTIBLES_SERIE_2000_-_2018_SEPTIEMBRE.xls
2018-05-19,2018-05-25,2018,246.30,232.20,189.50,204.60,118.30,HISTORICO_PRECIOS_COMBUSTIBLES_SERIE_2000_-_2018_SEPTIEMBRE.xls :: Prom. Anual al Pub. 2018,observed,official_xls,ok,Prom. Anual al Pub. 2018,26,19 AL 25 DE MAYO 2018,rebuilt_from_official_weekly_sequence,https://micm.gob.do/transparencia/images/pdf/transparencia/Estadisticas_Institucionales/2018/HISTORICO_PRECIOS_COMBUSTIBLES_SERIE_2000_-_2018_SEPTIEMBRE.xls
2018-05-26,2018-06-01,2018,249.30,234.20,191.50,206.60,120.30,HISTORICO_PRECIOS_COMBUSTIBLES_SERIE_2000_-_2018_SEPTIEMBRE.xls :: Prom. Anual al Pub. 2018,observed,official_xls,ok,Prom. Anual al Pub. 2018,27,26 DE MAYO AL 01 DE JUNIO 2018,rebuilt_from_official_weekly_sequence,https://micm.gob.do/transparencia/images/pdf/transparencia/Estadisticas_Institucionales/2018/HISTORICO_PRECIOS_COMBUSTIBLES_SERIE_2000_-_2018_SEPTIEMBRE.xls
2018-06-02,2018-06-08,2018,245.30,231.20,189.50,203.60,119.30,HISTORICO_PRECIOS_COMBUSTIBLES_SERIE_2000_-_2018_SEPTIEMBRE.xls :: Prom. Anual al Pub. 2018,observed,official_xls,ok,Prom. Anual al Pub. 2018,28,02 AL 08 DE JUNIO 2018,rebuilt_from_official_weekly_sequence,https://micm.gob.do/transparencia/images/pdf/transparencia/Estadisticas_Institucionales/2018/HISTORICO_PRECIOS_COMBUSTIBLES_SERIE_2000_-_2018_SEPTIEMBRE.xls
2018-06-09,2018-06-15,2018,241.30,226.20,184.50,199.60,118.30,HISTORICO_PRECIOS_COMBUSTIBLES_SERIE_2000_-_2018_SEPTIEMBRE.xls :: Prom. Anual al Pub. 2018,observed,official_xls,ok,Prom. Anual al Pub. 2018,29,09 AL 15 DE JUNIO 2018,rebuilt_from_official_weekly_sequence,https://micm.gob.do/transparencia/images/pdf/transparencia/Estadisticas_Institucionales/2018/HISTORICO_PRECIOS_COMBUSTIBLES_SERIE_2000_-_2018_SEPTIEMBRE.xls
2018-06-16,2018-06-22,2018,240.30,225.20,186.50,200.60,117.30,HISTORICO_PRECIOS_COMBUSTIBLES_SERIE_2000_-_2018_SEPTIEMBRE.xls :: Prom. Anual al Pub. 2018,observed,official_xls,ok,Prom. Anual al Pub. 2018,30,16 AL 22 DE JUNIO 2018,rebuilt_from_official_weekly_sequence,https://micm.gob.do/transparencia/images/pdf/transparencia/Estadisticas_Institucionales/2018/HISTORICO_PRECIOS_COMBUSTIBLES_SERIE_2000_-_2018_SEPTIEMBRE.xls
2018-06-23,2018-06-29,2018,236.30,222.20,183.50,197.60,116.30,HISTORICO_PRECIOS_COMBUSTIBLES_SERIE_2000_-_2018_SEPTIEMBRE.xls :: Prom. Anual al Pub. 2018,observed,official_xls,ok,Prom. Anual al Pub. 2018,31,23 AL 29 DE JUNIO 2018,rebuilt_from_official_weekly_sequence,https://micm.gob.do/transparencia/images/pdf/transparencia/Estadisticas_Institucionales/2018/HISTORICO_PRECIOS_COMBUSTIBLES_SERIE_2000_-_2018_SEPTIEMBRE.xls
2018-06-30,2018-07-06,2018,238.30,223.20,182.50,197.60,116.30,HISTORICO_PRECIOS_COMBUSTIBLES_SERIE_2000_-_2018_SEPTIEMBRE.xls :: Prom. Anual al Pub. 2018,observed,official_xls,ok,Prom. Anual al Pub. 2018,32,30 DE JUNIO AL 06 DE JULIO 2018,rebuilt_from_official_weekly_sequence,https://micm.gob.do/transparencia/images/pdf/transparencia/Estadisticas_Institucionales/2018/HISTORICO_PRECIOS_COMBUSTIBLES_SERIE_2000_-_2018_SEPTIEMBRE.xls
2018-07-07,2018-07-13,2018,242.30,228.20,187.50,201.60,120.30,HISTORICO_PRECIOS_COMBUSTIBLES_SERIE_2000_-_2018_SEPTIEMBRE.xls :: Prom. Anual al Pub. 2018,observed,official_xls,ok,Prom. Anual al Pub. 2018,33,07 AL 13 DE JULIO 2018,rebuilt_from_official_weekly_sequence,https://micm.gob.do/transparencia/images/pdf/transparencia/Estadisticas_Institucionales/2018/HISTORICO_PRECIOS_COMBUSTIBLES_SERIE_2000_-_2018_SEPTIEMBRE.xls
2018-07-14,2018-07-20,2018,241.30,228.20,186.50,200.60,121.30,HISTORICO_PRECIOS_COMBUSTIBLES_SERIE_2000_-_2018_SEPTIEMBRE.xls :: Prom. Anual al Pub. 2018,observed,official_xls,ok,Prom. Anual al Pub. 2018,34,14 AL 20 DE JULIO 2018,rebuilt_from_official_weekly_sequence,https://micm.gob.do/transparencia/images/pdf/transparencia/Estadisticas_Institucionales/2018/HISTORICO_PRECIOS_COMBUSTIBLES_SERIE_2000_-_2018_SEPTIEMBRE.xls
2018-07-21,2018-07-27,2018,239.30,224.20,182.50,196.60,120.30,HISTORICO_PRECIOS_COMBUSTIBLES_SERIE_2000_-_2018_SEPTIEMBRE.xls :: Prom. Anual al Pub. 2018,observed,official_xls,ok,Prom. Anual al Pub. 2018,35,21 AL 27 DE JULIO 2018,rebuilt_from_official_weekly_sequence,https://micm.gob.do/transparencia/images/pdf/transparencia/Estadisticas_Institucionales/2018/HISTORICO_PRECIOS_COMBUSTIBLES_SERIE_2000_-_2018_SEPTIEMBRE.xls
2018-07-28,2018-08-03,2018,241.30,226.20,184.50,198.60,123.30,HISTORICO_PRECIOS_COMBUSTIBLES_SERIE_2000_-_2018_SEPTIEMBRE.xls :: Prom. Anual al Pub. 2018,observed,official_xls,ok,Prom. Anual al Pub. 2018,36,28 DE JULIO AL 03 DE AGOSTO 2018,rebuilt_from_official_weekly_sequence,https://micm.gob.do/transparencia/images/pdf/transparencia/Estadisticas_Institucionales/2018/HISTORICO_PRECIOS_COMBUSTIBLES_SERIE_2000_-_2018_SEPTIEMBRE.xls
2018-08-04,2018-08-10,2018,241.30,226.20,184.50,199.60,123.30,HISTORICO_PRECIOS_COMBUSTIBLES_SERIE_2000_-_2018_SEPTIEMBRE.xls :: Prom. Anual al Pub. 2018,observed,official_xls,ok,Prom. Anual al Pub. 2018,37,04 AL 10 DE AGOSTO 2018,rebuilt_from_official_weekly_sequence,https://micm.gob.do/transparencia/images/pdf/transparencia/Estadisticas_Institucionales/2018/HISTORICO_PRECIOS_COMBUSTIBLES_SERIE_2000_-_2018_SEPTIEMBRE.xls
2018-08-11,2018-08-17,2018,241.30,226.20,184.50,199.60,122.30,HISTORICO_PRECIOS_COMBUSTIBLES_SERIE_2000_-_2018_SEPTIEMBRE.xls :: Prom. Anual al Pub. 2018,observed,official_xls,ok,Prom. Anual al Pub. 2018,38,11 AL 17 DE AGOSTO 2018,rebuilt_from_official_weekly_sequence,https://micm.gob.do/transparencia/images/pdf/transparencia/Estadisticas_Institucionales/2018/HISTORICO_PRECIOS_COMBUSTIBLES_SERIE_2000_-_2018_SEPTIEMBRE.xls
2018-08-18,2018-08-24,2018,241.30,228.20,187.50,198.60,122.30,HISTORICO_PRECIOS_COMBUSTIBLES_SERIE_2000_-_2018_SEPTIEMBRE.xls :: Prom. Anual al Pub. 2018,observed,official_xls,ok,Prom. Anual al Pub. 2018,39,18 AL 24 DE AGOSTO 2018,rebuilt_from_official_weekly_sequence,https://micm.gob.do/transparencia/images/pdf/transparencia/Estadisticas_Institucionales/2018/HISTORICO_PRECIOS_COMBUSTIBLES_SERIE_2000_-_2018_SEPTIEMBRE.xls
2018-08-25,2018-08-31,2018,241.30,228.20,188.50,198.60,122.30,HISTORICO_PRECIOS_COMBUSTIBLES_SERIE_2000_-_2018_SEPTIEMBRE.xls :: Prom. Anual al Pub. 2018,observed,official_xls,ok,Prom. Anual al Pub. 2018,40,25 AL DE 31 DE AGOSTO 2018,rebuilt_from_official_weekly_sequence,https://micm.gob.do/transparencia/images/pdf/transparencia/Estadisticas_Institucionales/2018/HISTORICO_PRECIOS_COMBUSTIBLES_SERIE_2000_-_2018_SEPTIEMBRE.xls
2018-09-01,2018-09-07,2018,242.40,230.70,191.50,202.60,124.30,HISTORICO_PRECIOS_COMBUSTIBLES_SERIE_2000_-_2018_SEPTIEMBRE.xls :: Prom. Anual al Pub. 2018,observed,official_xls,ok,Prom. Anual al Pub. 2018,41,01 AL 07 DE SEPT 2018,rebuilt_from_official_weekly_sequence,https://micm.gob.do/transparencia/images/pdf/transparencia/Estadisticas_Institucionales/2018/HISTORICO_PRECIOS_COMBUSTIBLES_SERIE_2000_-_2018_SEPTIEMBRE.xls
2018-09-08,2018-09-14,2018,243.40,232.70,195.80,206.90,127.60,HISTORICO_PRECIOS_COMBUSTIBLES_SERIE_2000_-_2018_SEPTIEMBRE.xls :: Prom. Anual al Pub. 2018,observed,official_xls,ok,Prom. Anual al Pub. 2018,42,08 AL 14 DE SEPT 2018,rebuilt_from_official_weekly_sequence,https://micm.gob.do/transparencia/images/pdf/transparencia/Estadisticas_Institucionales/2018/HISTORICO_PRECIOS_COMBUSTIBLES_SERIE_2000_-_2018_SEPTIEMBRE.xls
2018-09-15,2018-09-21,2018,241.60,231.20,195.80,206.90,128.60,HISTORICO_PRECIOS_COMBUSTIBLES_SERIE_2000_-_2018_SEPTIEMBRE.xls :: Prom. Anual al Pub. 2018,observed,official_xls,ok,Prom. Anual al Pub. 2018,43,15 AL 21 DE SEPT 2018,rebuilt_from_official_weekly_sequence,https://micm.gob.do/transparencia/images/pdf/transparencia/Estadisticas_Institucionales/2018/HISTORICO_PRECIOS_COMBUSTIBLES_SERIE_2000_-_2018_SEPTIEMBRE.xls
2018-09-22,2018-09-28,2018,240.60,230.20,193.80,205.90,127.60,HISTORICO_PRECIOS_COMBUSTIBLES_SERIE_2000_-_2018_SEPTIEMBRE.xls :: Prom. Anual al Pub. 2018,observed,official_xls,ok,Prom. Anual al Pub. 2018,44,22 AL 28 DE SEPT 2018,rebuilt_from_official_weekly_sequence,https://micm.gob.do/transparencia/images/pdf/transparencia/Estadisticas_Institucionales/2018/HISTORICO_PRECIOS_COMBUSTIBLES_SERIE_2000_-_2018_SEPTIEMBRE.xls
2018-09-29,2018-10-05,2018,240.60,230.20,193.80,205.90,127.60,HISTORICO_PRECIOS_COMBUSTIBLES_SERIE_2000_-_2018_SEPTIEMBRE.xls :: Prom. Anual al Pub. 2018,observed,official_xls,ok,Prom. Anual al Pub. 2018,45,29 SEPT AL 05 DE OCT 2018,rebuilt_from_official_weekly_sequence,https://micm.gob.do/transparencia/images/pdf/transparencia/Estadisticas_Institucionales/2018/HISTORICO_PRECIOS_COMBUSTIBLES_SERIE_2000_-_2018_SEPTIEMBRE.xls
2018-10-06,2018-10-12,2018,240.60,230.20,193.80,205.90,127.60,PROMEDIO_ANUAL_DE_LOS_PRECIOS_SEMANALES_FINALES_DE_LOS_COMBUSTIBLES_ULTIMO_TRIMESTRE_2018.pdf (OCR),observed,not_cross_checked,ok,,920,2018-10-06 to 2018-10-12,none,
2018-10-13,2018-10-19,2018,240.60,230.20,193.80,205.90,127.60,PROMEDIO_ANUAL_DE_LOS_PRECIOS_SEMANALES_FINALES_DE_LOS_COMBUSTIBLES_ULTIMO_TRIMESTRE_2018.pdf (OCR),observed,not_cross_checked,ok,,921,2018-10-13 to 2018-10-19,none,
2018-10-20,2018-10-26,2018,240.40,229.20,193.80,205.90,125.60,PROMEDIO_ANUAL_DE_LOS_PRECIOS_SEMANALES_FINALES_DE_LOS_COMBUSTIBLES_ULTIMO_TRIMESTRE_2018.pdf (OCR),observed,not_cross_checked,ok,,922,2018-10-20 to 2018-10-26,none,
2018-10-27,2018-11-02,2018,237.40,226.20,193.80,205.90,121.80,PROMEDIO_ANUAL_DE_LOS_PRECIOS_SEMANALES_FINALES_DE_LOS_COMBUSTIBLES_ULTIMO_TRIMESTRE_2018.pdf (OCR),observed,not_cross_checked,ok,,923,2018-10-27 to 2018-11-02,none,
2018-11-03,2018-11-09,2018,235.00,223.30,195.80,207.90,119.40,PROMEDIO_ANUAL_DE_LOS_PRECIOS_SEMANALES_FINALES_DE_LOS_COMBUSTIBLES_ULTIMO_TRIMESTRE_2018.pdf (OCR),observed,not_cross_checked,ok,,924,2018-11-03 to 2018-11-09,none,
2018-11-10,2018-11-16,2018,230.10,218.30,193.80,205.90,116.40,PROMEDIO_ANUAL_DE_LOS_PRECIOS_SEMANALES_FINALES_DE_LOS_COMBUSTIBLES_ULTIMO_TRIMESTRE_2018.pdf (OCR),observed,not_cross_checked,ok,,925,2018-11-10 to 2018-11-16,none,
2018-11-17,2018-11-23,2018,224.60,212.60,191.20,201.50,111.60,PROMEDIO_ANUAL_DE_LOS_PRECIOS_SEMANALES_FINALES_DE_LOS_COMBUSTIBLES_ULTIMO_TRIMESTRE_2018.pdf (OCR),observed,not_cross_checked,ok,,926,2018-11-17 to 2018-11-23,none,
2018-11-24,2018-11-30,2018,219.80,208.60,186.40,197.00,109.60,PROMEDIO_ANUAL_DE_LOS_PRECIOS_SEMANALES_FINALES_DE_LOS_COMBUSTIBLES_ULTIMO_TRIMESTRE_2018.pdf (OCR),observed,not_cross_checked,ok,,927,2018-11-24 to 2018-11-30,none,
2018-12-01,2018-12-07,2018,216.80,204.40,180.40,191.80,111.17,PROMEDIO_ANUAL_DE_LOS_PRECIOS_SEMANALES_FINALES_DE_LOS_COMBUSTIBLES_ULTIMO_TRIMESTRE_2018.pdf (OCR),observed,not_cross_checked,ok,,928,2018-12-01 to 2018-12-07,none,
2018-12-08,2018-12-14,2018,214.70,201.40,174.90,186.80,108.47,PROMEDIO_ANUAL_DE_LOS_PRECIOS_SEMANALES_FINALES_DE_LOS_COMBUSTIBLES_ULTIMO_TRIMESTRE_2018.pdf (OCR),observed,not_cross_checked,ok,,929,2018-12-08 to 2018-12-14,none,
2018-12-15,2018-12-21,2018,213.70,199.90,171.90,184.30,107.60,PROMEDIO_ANUAL_DE_LOS_PRECIOS_SEMANALES_FINALES_DE_LOS_COMBUSTIBLES_ULTIMO_TRIMESTRE_2018.pdf (OCR),observed,not_cross_checked,ok,,930,2018-12-15 to 2018-12-21,none,
2018-12-22,2018-12-28,2018,210.70,196.10,166.30,179.40,105.60,PROMEDIO_ANUAL_DE_LOS_PRECIOS_SEMANALES_FINALES_DE_LOS_COMBUSTIBLES_ULTIMO_TRIMESTRE_2018.pdf (OCR),observed,not_cross_checked,ok,,931,2018-12-22 to 2018-12-28,none,
2018-12-29,2019-01-04,2018,207.30,192.70,165.10,175.70,104.60,PROMEDIO_ANUAL_DE_LOS_PRECIOS_SEMANALES_FINALES_DE_LOS_COMBUSTIBLES_PRECIOS_INTERNOS_AL_PUBLICO_PRIMER_TRIMESTRE_ANO_2019.pdf,observed,official_pdf,verified_official_pdf,page 1,1,29 NOV AL 04 DE ENERO 2019,source period contains apparent NOV/DIC typo; canonical week retained,"Uploaded MICM PDF: PROMEDIO_ANUAL_DE_LOS_PRECIOS_SEMANALES_FINALES_DE_LOS_COMBUSTIBLES_PRECIOS_INTERNOS_AL_PUBLICO_PRIMER_TRIMESTRE_ANO_2019.pdf, page 1"
2019-01-05,2019-01-11,2019,205.50,191.00,162.20,173.70,103.60,PROMEDIO_ANUAL_DE_LOS_PRECIOS_SEMANALES_FINALES_DE_LOS_COMBUSTIBLES_PRECIOS_INTERNOS_AL_PUBLICO_PRIMER_TRIMESTRE_ANO_2019.pdf,observed,official_pdf,corrected_verified,page 1,2,05 AL 11 DE ENERO 2019,verified_against_official_pdf,"Uploaded MICM PDF: PROMEDIO_ANUAL_DE_LOS_PRECIOS_SEMANALES_FINALES_DE_LOS_COMBUSTIBLES_PRECIOS_INTERNOS_AL_PUBLICO_PRIMER_TRIMESTRE_ANO_2019.pdf, page 1"
2019-01-12,2019-01-18,2019,208.40,192.60,165.80,176.80,103.60,PROMEDIO_ANUAL_DE_LOS_PRECIOS_SEMANALES_FINALES_DE_LOS_COMBUSTIBLES_PRECIOS_INTERNOS_AL_PUBLICO_PRIMER_TRIMESTRE_ANO_2019.pdf,observed,official_pdf,verified_official_pdf,page 1,3,12 AL 18 DE ENERO 2019,verified_against_official_pdf,"Uploaded MICM PDF: PROMEDIO_ANUAL_DE_LOS_PRECIOS_SEMANALES_FINALES_DE_LOS_COMBUSTIBLES_PRECIOS_INTERNOS_AL_PUBLICO_PRIMER_TRIMESTRE_ANO_2019.pdf, page 1"
2019-01-19,2019-01-25,2019,211.90,195.30,169.60,180.90,104.80,PROMEDIO_ANUAL_DE_LOS_PRECIOS_SEMANALES_FINALES_DE_LOS_COMBUSTIBLES_PRECIOS_INTERNOS_AL_PUBLICO_PRIMER_TRIMESTRE_ANO_2019.pdf,observed,official_pdf,verified_official_pdf,page 1,4,19 AL 25 DE ENERO 2019,verified_against_official_pdf,"Uploaded MICM PDF: PROMEDIO_ANUAL_DE_LOS_PRECIOS_SEMANALES_FINALES_DE_LOS_COMBUSTIBLES_PRECIOS_INTERNOS_AL_PUBLICO_PRIMER_TRIMESTRE_ANO_2019.pdf, page 1"
2019-01-26,2019-02-01,2019,214.40,197.40,172.40,184.10,105.50,PROMEDIO_ANUAL_DE_LOS_PRECIOS_SEMANALES_FINALES_DE_LOS_COMBUSTIBLES_PRECIOS_INTERNOS_AL_PUBLICO_PRIMER_TRIMESTRE_ANO_2019.pdf,observed,official_pdf,verified_official_pdf,page 1,5,26 FEB AL 01 DE FEBRERO 2019,source period contains apparent FEB/ENE typo; canonical week retained,"Uploaded MICM PDF: PROMEDIO_ANUAL_DE_LOS_PRECIOS_SEMANALES_FINALES_DE_LOS_COMBUSTIBLES_PRECIOS_INTERNOS_AL_PUBLICO_PRIMER_TRIMESTRE_ANO_2019.pdf, page 1"
2019-02-02,2019-02-08,2019,214.40,197.40,172.40,185.30,106.10,PROMEDIO_ANUAL_DE_LOS_PRECIOS_SEMANALES_FINALES_DE_LOS_COMBUSTIBLES_PRECIOS_INTERNOS_AL_PUBLICO_PRIMER_TRIMESTRE_ANO_2019.pdf,observed,official_pdf,verified_official_pdf,page 1,6,02 AL 08 DE FEBRERO 2019,verified_against_official_pdf,"Uploaded MICM PDF: PROMEDIO_ANUAL_DE_LOS_PRECIOS_SEMANALES_FINALES_DE_LOS_COMBUSTIBLES_PRECIOS_INTERNOS_AL_PUBLICO_PRIMER_TRIMESTRE_ANO_2019.pdf, page 1"
2019-02-09,2019-02-15,2019,214.60,198.60,173.40,186.20,106.60,PROMEDIO_ANUAL_DE_LOS_PRECIOS_SEMANALES_FINALES_DE_LOS_COMBUSTIBLES_PRECIOS_INTERNOS_AL_PUBLICO_PRIMER_TRIMESTRE_ANO_2019.pdf,observed,official_pdf,corrected_verified,page 1,7,09 AL 15 DE FEBRERO 2019,verified_against_official_pdf,"Uploaded MICM PDF: PROMEDIO_ANUAL_DE_LOS_PRECIOS_SEMANALES_FINALES_DE_LOS_COMBUSTIBLES_PRECIOS_INTERNOS_AL_PUBLICO_PRIMER_TRIMESTRE_ANO_2019.pdf, page 1"
2019-02-16,2019-02-22,2019,215.70,200.20,174.60,186.90,104.00,PROMEDIO_ANUAL_DE_LOS_PRECIOS_SEMANALES_FINALES_DE_LOS_COMBUSTIBLES_PRECIOS_INTERNOS_AL_PUBLICO_PRIMER_TRIMESTRE_ANO_2019.pdf,observed,official_pdf,verified_official_pdf,page 1,8,16 AL 22 DE FEBRERO 2019,verified_against_official_pdf,"Uploaded MICM PDF: PROMEDIO_ANUAL_DE_LOS_PRECIOS_SEMANALES_FINALES_DE_LOS_COMBUSTIBLES_PRECIOS_INTERNOS_AL_PUBLICO_PRIMER_TRIMESTRE_ANO_2019.pdf, page 1"
2019-02-23,2019-03-01,2019,217.60,202.20,176.00,188.30,104.90,PROMEDIO_ANUAL_DE_LOS_PRECIOS_SEMANALES_FINALES_DE_LOS_COMBUSTIBLES_PRECIOS_INTERNOS_AL_PUBLICO_PRIMER_TRIMESTRE_ANO_2019.pdf,observed,official_pdf,verified_official_pdf,page 1,9,23 DE FEB AL 01 DE MARZO 2019,verified_against_official_pdf,"Uploaded MICM PDF: PROMEDIO_ANUAL_DE_LOS_PRECIOS_SEMANALES_FINALES_DE_LOS_COMBUSTIBLES_PRECIOS_INTERNOS_AL_PUBLICO_PRIMER_TRIMESTRE_ANO_2019.pdf, page 1"
2019-03-02,2019-03-08,2019,221.60,206.30,179.10,191.20,106.50,PROMEDIO_ANUAL_DE_LOS_PRECIOS_SEMANALES_FINALES_DE_LOS_COMBUSTIBLES_PRECIOS_INTERNOS_AL_PUBLICO_PRIMER_TRIMESTRE_ANO_2019.pdf,observed,official_pdf,corrected_verified,page 1,10,02 AL 08 DE MARZO 2019,verified_against_official_pdf,"Uploaded MICM PDF: PROMEDIO_ANUAL_DE_LOS_PRECIOS_SEMANALES_FINALES_DE_LOS_COMBUSTIBLES_PRECIOS_INTERNOS_AL_PUBLICO_PRIMER_TRIMESTRE_ANO_2019.pdf, page 1"
2019-03-09,2019-03-15,2019,224.90,209.30,181.20,195.80,106.60,PROMEDIO_ANUAL_DE_LOS_PRECIOS_SEMANALES_FINALES_DE_LOS_COMBUSTIBLES_PRECIOS_INTERNOS_AL_PUBLICO_PRIMER_TRIMESTRE_ANO_2019.pdf,observed,official_pdf,verified_official_pdf,page 1,11,09 AL 15 DE MARZO 2019,verified_against_official_pdf,"Uploaded MICM PDF: PROMEDIO_ANUAL_DE_LOS_PRECIOS_SEMANALES_FINALES_DE_LOS_COMBUSTIBLES_PRECIOS_INTERNOS_AL_PUBLICO_PRIMER_TRIMESTRE_ANO_2019.pdf, page 1"
2019-03-16,2019-03-22,2019,230.80,215.20,181.20,197.50,106.60,PROMEDIO_ANUAL_DE_LOS_PRECIOS_SEMANALES_FINALES_DE_LOS_COMBUSTIBLES_PRECIOS_INTERNOS_AL_PUBLICO_PRIMER_TRIMESTRE_ANO_2019.pdf,observed,official_pdf,verified_official_pdf,page 1,12,16 AL 22 DE MARZO 2019,verified_against_official_pdf,"Uploaded MICM PDF: PROMEDIO_ANUAL_DE_LOS_PRECIOS_SEMANALES_FINALES_DE_LOS_COMBUSTIBLES_PRECIOS_INTERNOS_AL_PUBLICO_PRIMER_TRIMESTRE_ANO_2019.pdf, page 1"
2019-03-23,2019-03-29,2019,235.30,219.70,180.20,195.50,105.10,PROMEDIO_ANUAL_DE_LOS_PRECIOS_SEMANALES_FINALES_DE_LOS_COMBUSTIBLES_PRECIOS_INTERNOS_AL_PUBLICO_PRIMER_TRIMESTRE_ANO_2019.pdf,observed,official_pdf,verified_official_pdf,page 1,13,23 AL 29 DE MARZO 2019,verified_against_official_pdf,"Uploaded MICM PDF: PROMEDIO_ANUAL_DE_LOS_PRECIOS_SEMANALES_FINALES_DE_LOS_COMBUSTIBLES_PRECIOS_INTERNOS_AL_PUBLICO_PRIMER_TRIMESTRE_ANO_2019.pdf, page 1"
2019-03-30,2019-04-05,2019,238.40,223.00,180.20,194.50,103.10,promedio-anual-precios-semanales-finales-precios-internos-al-publico-segundo-trimestre-2019.pdf,observed,official_pdf,verified_official_pdf,page 1,1,30 DE MARZO AL 05 DE ABRIL 2019,verified_against_official_pdf,"Uploaded MICM PDF: promedio-anual-precios-semanales-finales-precios-internos-al-publico-segundo-trimestre-2019.pdf, page 1"
2019-04-06,2019-04-12,2019,239.00,224.70,180.20,193.20,103.10,promedio-anual-precios-semanales-finales-precios-internos-al-publico-segundo-trimestre-2019.pdf,observed,official_pdf,verified_official_pdf,page 1,2,06 AL 12 DE ABRIL 2019,verified_against_official_pdf,"Uploaded MICM PDF: promedio-anual-precios-semanales-finales-precios-internos-al-publico-segundo-trimestre-2019.pdf, page 1"
2019-04-13,2019-04-19,2019,239.00,224.70,180.20,193.20,103.10,promedio-anual-precios-semanales-finales-precios-internos-al-publico-segundo-trimestre-2019.pdf,observed,official_pdf,verified_official_pdf,page 1,3,13 AL 19 DE ABRIL 2019,verified_against_official_pdf,"Uploaded MICM PDF: promedio-anual-precios-semanales-finales-precios-internos-al-publico-segundo-trimestre-2019.pdf, page 1"
2019-04-20,2019-04-26,2019,239.00,224.70,180.20,193.20,103.10,promedio-anual-precios-semanales-finales-precios-internos-al-publico-segundo-trimestre-2019.pdf,observed,official_pdf,verified_official_pdf,page 1,4,20 AL 26 DE ABRIL 2019,verified_against_official_pdf,"Uploaded MICM PDF: promedio-anual-precios-semanales-finales-precios-internos-al-publico-segundo-trimestre-2019.pdf, page 1"
2019-04-27,2019-05-03,2019,242.80,228.80,183.40,196.00,103.50,promedio-anual-precios-semanales-finales-precios-internos-al-publico-segundo-trimestre-2019.pdf,observed,official_pdf,verified_official_pdf,page 1,5,27 ABRIL AL 03 DE MAYO 2019,verified_against_official_pdf,"Uploaded MICM PDF: promedio-anual-precios-semanales-finales-precios-internos-al-publico-segundo-trimestre-2019.pdf, page 1"
2019-05-04,2019-05-10,2019,244.70,231.30,185.30,197.70,103.70,promedio-anual-precios-semanales-finales-precios-internos-al-publico-segundo-trimestre-2019.pdf,observed,official_pdf,verified_official_pdf,page 1,6,04 AL 10 DE MAYO 2019,verified_against_official_pdf,"Uploaded MICM PDF: promedio-anual-precios-semanales-finales-precios-internos-al-publico-segundo-trimestre-2019.pdf, page 1"
2019-05-11,2019-05-17,2019,241.10,227.30,184.00,197.50,101.80,promedio-anual-precios-semanales-finales-precios-internos-al-publico-segundo-trimestre-2019.pdf,observed,official_pdf,verified_official_pdf,page 1,7,11 AL 17 DE MAYO 2019,verified_against_official_pdf,"Uploaded MICM PDF: promedio-anual-precios-semanales-finales-precios-internos-al-publico-segundo-trimestre-2019.pdf, page 1"
2019-05-18,2019-05-24,2019,238.30,224.10,183.60,196.80,101.30,promedio-anual-precios-semanales-finales-precios-internos-al-publico-segundo-trimestre-2019.pdf,observed,official_pdf,verified_official_pdf,page 1,8,18 AL 24 DE MAYO 2019,verified_against_official_pdf,"Uploaded MICM PDF: promedio-anual-precios-semanales-finales-precios-internos-al-publico-segundo-trimestre-2019.pdf, page 1"
2019-05-25,2019-05-31,2019,237.20,222.50,183.80,198.30,99.60,promedio-anual-precios-semanales-finales-precios-internos-al-publico-segundo-trimestre-2019.pdf,observed,official_pdf,verified_official_pdf,page 1,9,25 AL 31 DE MAYO 2019,verified_against_official_pdf,"Uploaded MICM PDF: promedio-anual-precios-semanales-finales-precios-internos-al-publico-segundo-trimestre-2019.pdf, page 1"
2019-06-01,2019-06-07,2019,235.50,220.80,181.30,195.60,98.30,promedio-anual-precios-semanales-finales-precios-internos-al-publico-segundo-trimestre-2019.pdf,observed,official_pdf,verified_official_pdf,page 1,10,01 AL 07 DE JUNIO 2019,verified_against_official_pdf,"Uploaded MICM PDF: promedio-anual-precios-semanales-finales-precios-internos-al-publico-segundo-trimestre-2019.pdf, page 1"
2019-06-08,2019-06-14,2019,228.40,214.30,173.50,187.90,94.30,promedio-anual-precios-semanales-finales-precios-internos-al-publico-segundo-trimestre-2019.pdf,observed,official_pdf,verified_official_pdf,page 1,11,08 AL 14 DE JUNIO 2019,verified_against_official_pdf,"Uploaded MICM PDF: promedio-anual-precios-semanales-finales-precios-internos-al-publico-segundo-trimestre-2019.pdf, page 1"
2019-06-15,2019-06-21,2019,226.00,212.00,171.50,185.90,92.30,promedio-anual-precios-semanales-finales-precios-internos-al-publico-segundo-trimestre-2019.pdf,observed,official_pdf,verified_official_pdf,page 1,12,15 AL 21 DE JUNIO 2019,verified_against_official_pdf,"Uploaded MICM PDF: promedio-anual-precios-semanales-finales-precios-internos-al-publico-segundo-trimestre-2019.pdf, page 1"
2019-06-22,2019-06-28,2019,224.40,210.30,171.10,185.40,91.00,promedio-anual-precios-semanales-finales-precios-internos-al-publico-segundo-trimestre-2019.pdf,observed,official_pdf,verified_official_pdf,page 1,13,22 AL 28 DE JUNIO 2019,verified_against_official_pdf,"Uploaded MICM PDF: promedio-anual-precios-semanales-finales-precios-internos-al-publico-segundo-trimestre-2019.pdf, page 1"
2019-06-29,2019-07-05,2019,227.40,213.30,174.00,188.20,91.60,Promedio_anual_de_los_precios_semanales_finales_de_los_combustibles_precios_internos_al_publico_tercer_trmistre_2019.pdf,observed,official_pdf,verified_official_pdf,page 1,1,29 DE JUNIO AL 05 DE JULIO 2019,verified_against_official_pdf,"Uploaded MICM PDF: Promedio_anual_de_los_precios_semanales_finales_de_los_combustibles_precios_internos_al_publico_tercer_trmistre_2019.pdf, page 1"
2019-07-06,2019-07-12,2019,227.40,213.30,174.00,188.20,91.60,Promedio_anual_de_los_precios_semanales_finales_de_los_combustibles_precios_internos_al_publico_tercer_trmistre_2019.pdf,observed,official_pdf,verified_official_pdf,page 1,2,06 AL 12 DE JULIO 2019,verified_against_official_pdf,"Uploaded MICM PDF: Promedio_anual_de_los_precios_semanales_finales_de_los_combustibles_precios_internos_al_publico_tercer_trmistre_2019.pdf, page 1"
2019-07-13,2019-07-19,2019,227.40,213.30,174.00,188.20,91.60,Promedio_anual_de_los_precios_semanales_finales_de_los_combustibles_precios_internos_al_publico_tercer_trmistre_2019.pdf,observed,official_pdf,verified_official_pdf,page 1,3,13 AL 19 DE JULIO 2019,verified_against_official_pdf,"Uploaded MICM PDF: Promedio_anual_de_los_precios_semanales_finales_de_los_combustibles_precios_internos_al_publico_tercer_trmistre_2019.pdf, page 1"
2019-07-20,2019-07-26,2019,227.40,213.30,174.00,188.20,91.60,Promedio_anual_de_los_precios_semanales_finales_de_los_combustibles_precios_internos_al_publico_tercer_trmistre_2019.pdf,observed,official_pdf,verified_official_pdf,page 1,4,20 AL 26 DE JULIO 2019,verified_against_official_pdf,"Uploaded MICM PDF: Promedio_anual_de_los_precios_semanales_finales_de_los_combustibles_precios_internos_al_publico_tercer_trmistre_2019.pdf, page 1"
2019-07-27,2019-08-02,2019,230.90,216.10,176.90,189.10,91.70,Promedio_anual_de_los_precios_semanales_finales_de_los_combustibles_precios_internos_al_publico_tercer_trmistre_2019.pdf,observed,official_pdf,verified_official_pdf,page 1,5,27 DE JULIO AL 02 DE AGOSTO 2019,verified_against_official_pdf,"Uploaded MICM PDF: Promedio_anual_de_los_precios_semanales_finales_de_los_combustibles_precios_internos_al_publico_tercer_trmistre_2019.pdf, page 1"
2019-08-03,2019-08-09,2019,233.10,218.20,178.80,191.50,91.70,Promedio_anual_de_los_precios_semanales_finales_de_los_combustibles_precios_internos_al_publico_tercer_trmistre_2019.pdf,observed,official_pdf,verified_official_pdf,page 1,6,03 AL 09 DE AGOSTO 2019,verified_against_official_pdf,"Uploaded MICM PDF: Promedio_anual_de_los_precios_semanales_finales_de_los_combustibles_precios_internos_al_publico_tercer_trmistre_2019.pdf, page 1"
2019-08-10,2019-08-16,2019,229.80,215.00,176.10,188.40,92.30,Promedio_anual_de_los_precios_semanales_finales_de_los_combustibles_precios_internos_al_publico_tercer_trmistre_2019.pdf,observed,official_pdf,verified_official_pdf,page 1,7,10 AL 16 DE AGOSTO 2019,verified_against_official_pdf,"Uploaded MICM PDF: Promedio_anual_de_los_precios_semanales_finales_de_los_combustibles_precios_internos_al_publico_tercer_trmistre_2019.pdf, page 1"
2019-08-17,2019-08-23,2019,226.60,211.70,174.50,186.20,91.60,Promedio_anual_de_los_precios_semanales_finales_de_los_combustibles_precios_internos_al_publico_tercer_trmistre_2019.pdf,observed,official_pdf,verified_official_pdf,page 1,8,17 AL 23 DE AGOSTO 2019,verified_against_official_pdf,"Uploaded MICM PDF: Promedio_anual_de_los_precios_semanales_finales_de_los_combustibles_precios_internos_al_publico_tercer_trmistre_2019.pdf, page 1"
2019-08-24,2019-08-30,2019,225.20,210.30,174.10,185.60,90.50,Promedio_anual_de_los_precios_semanales_finales_de_los_combustibles_precios_internos_al_publico_tercer_trmistre_2019.pdf,observed,official_pdf,verified_official_pdf,page 1,9,24 AL 30 DE AGOSTO 2019,verified_against_official_pdf,"Uploaded MICM PDF: Promedio_anual_de_los_precios_semanales_finales_de_los_combustibles_precios_internos_al_publico_tercer_trmistre_2019.pdf, page 1"
2019-08-31,2019-09-06,2019,225.20,210.30,174.10,185.60,91.90,Promedio_anual_de_los_precios_semanales_finales_de_los_combustibles_precios_internos_al_publico_tercer_trmistre_2019.pdf,observed,official_pdf,verified_official_pdf,page 1,10,31 DE AGOSTO AL 06 DE SEPT 2019,verified_against_official_pdf,"Uploaded MICM PDF: Promedio_anual_de_los_precios_semanales_finales_de_los_combustibles_precios_internos_al_publico_tercer_trmistre_2019.pdf, page 1"
2019-09-07,2019-09-13,2019,223.40,208.60,175.30,187.10,92.20,Promedio_anual_de_los_precios_semanales_finales_de_los_combustibles_precios_internos_al_publico_tercer_trmistre_2019.pdf,observed,official_pdf,verified_official_pdf,page 1,11,07 AL 13 DE SEPT 2019,verified_against_official_pdf,"Uploaded MICM PDF: Promedio_anual_de_los_precios_semanales_finales_de_los_combustibles_precios_internos_al_publico_tercer_trmistre_2019.pdf, page 1"
2019-09-14,2019-09-20,2019,224.30,209.50,176.50,188.90,93.40,Promedio_anual_de_los_precios_semanales_finales_de_los_combustibles_precios_internos_al_publico_tercer_trmistre_2019.pdf,observed,official_pdf,verified_official_pdf,page 1,12,14 AL 20 DE SEPT 2019,verified_against_official_pdf,"Uploaded MICM PDF: Promedio_anual_de_los_precios_semanales_finales_de_los_combustibles_precios_internos_al_publico_tercer_trmistre_2019.pdf, page 1"
2019-09-21,2019-09-27,2019,226.20,211.40,179.40,190.70,94.00,Promedio_anual_de_los_precios_semanales_finales_de_los_combustibles_precios_internos_al_publico_tercer_trmistre_2019.pdf,observed,official_pdf,verified_official_pdf,page 1,13,21 AL 27 DE SEPT 2019,verified_against_official_pdf,"Uploaded MICM PDF: Promedio_anual_de_los_precios_semanales_finales_de_los_combustibles_precios_internos_al_publico_tercer_trmistre_2019.pdf, page 1"
2019-09-28,2019-10-04,2019,229.40,214.80,184.50,196.40,94.90,Promedio_anual_de_los_precios_semanales_finales_de_los_combustibles_precios_internos_al_publico_tercer_trmistre_2019.pdf,observed,official_pdf,corrected_verified,page 1,14,28 SEPT AL 04 DE OCT 2019,verified_against_official_pdf,"Uploaded MICM PDF: Promedio_anual_de_los_precios_semanales_finales_de_los_combustibles_precios_internos_al_publico_tercer_trmistre_2019.pdf, page 1"
2019-10-05,2019-10-11,2019,226.80,211.90,181.10,193.60,94.50,Promedio_anual_de_los_precios_semanales_finales_de_los_combustibles_precios_internos_al_publico_octubre-_diciembre_2019.pdf,observed,official_pdf,verified_official_pdf,page 1,1,05 AL 11 DE OCT 2019,verified_against_official_pdf,"Uploaded MICM PDF: Promedio_anual_de_los_precios_semanales_finales_de_los_combustibles_precios_internos_al_publico_octubre-_diciembre_2019.pdf, page 1"
2019-10-12,2019-10-18,2019,225.90,211.20,180.70,193.20,95.50,Promedio_anual_de_los_precios_semanales_finales_de_los_combustibles_precios_internos_al_publico_octubre-_diciembre_2019.pdf,observed,official_pdf,verified_official_pdf,page 1,2,12 AL 18 DE OCT 2019,verified_against_official_pdf,"Uploaded MICM PDF: Promedio_anual_de_los_precios_semanales_finales_de_los_combustibles_precios_internos_al_publico_octubre-_diciembre_2019.pdf, page 1"
2019-10-19,2019-10-25,2019,228.10,213.70,181.90,194.10,96.60,Promedio_anual_de_los_precios_semanales_finales_de_los_combustibles_precios_internos_al_publico_octubre-_diciembre_2019.pdf,observed,official_pdf,corrected_verified,page 1,3,19 AL 25 DE OCT 2019,verified_against_official_pdf,"Uploaded MICM PDF: Promedio_anual_de_los_precios_semanales_finales_de_los_combustibles_precios_internos_al_publico_octubre-_diciembre_2019.pdf, page 1"
2019-10-26,2019-11-01,2019,228.40,214.00,182.90,194.80,97.50,Promedio_anual_de_los_precios_semanales_finales_de_los_combustibles_precios_internos_al_publico_octubre-_diciembre_2019.pdf,observed,official_pdf,verified_official_pdf,page 1,4,26 OCT AL 01 DE NOV 2019,verified_against_official_pdf,"Uploaded MICM PDF: Promedio_anual_de_los_precios_semanales_finales_de_los_combustibles_precios_internos_al_publico_octubre-_diciembre_2019.pdf, page 1"
2019-11-02,2019-11-08,2019,229.10,214.80,182.80,194.60,97.60,Promedio_anual_de_los_precios_semanales_finales_de_los_combustibles_precios_internos_al_publico_octubre-_diciembre_2019.pdf,observed,official_pdf,verified_official_pdf,page 1,5,02 AL 08 DE NOV 2019,verified_against_official_pdf,"Uploaded MICM PDF: Promedio_anual_de_los_precios_semanales_finales_de_los_combustibles_precios_internos_al_publico_octubre-_diciembre_2019.pdf, page 1"
2019-11-09,2019-11-15,2019,229.80,215.50,180.70,193.50,99.30,Promedio_anual_de_los_precios_semanales_finales_de_los_combustibles_precios_internos_al_publico_octubre-_diciembre_2019.pdf,observed,official_pdf,verified_official_pdf,page 1,6,19 AL 15 DE NOV 2019,source period contains apparent 19/09 typo; canonical week retained,"Uploaded MICM PDF: Promedio_anual_de_los_precios_semanales_finales_de_los_combustibles_precios_internos_al_publico_octubre-_diciembre_2019.pdf, page 1"
2019-11-16,2019-11-22,2019,228.60,214.20,179.70,192.60,100.70,Promedio_anual_de_los_precios_semanales_finales_de_los_combustibles_precios_internos_al_publico_octubre-_diciembre_2019.pdf,observed,official_pdf,verified_official_pdf,page 1,7,16 AL 22 DE NOV 2019,verified_against_official_pdf,"Uploaded MICM PDF: Promedio_anual_de_los_precios_semanales_finales_de_los_combustibles_precios_internos_al_publico_octubre-_diciembre_2019.pdf, page 1"
2019-11-23,2019-11-29,2019,227.50,213.00,178.00,191.00,101.90,Promedio_anual_de_los_precios_semanales_finales_de_los_combustibles_precios_internos_al_publico_octubre-_diciembre_2019.pdf,observed,official_pdf,verified_official_pdf,page 1,8,23 AL 29 DE NOV 2019,verified_against_official_pdf,"Uploaded MICM PDF: Promedio_anual_de_los_precios_semanales_finales_de_los_combustibles_precios_internos_al_publico_octubre-_diciembre_2019.pdf, page 1"
2019-11-30,2019-12-06,2019,229.30,214.80,179.80,192.80,103.00,Promedio_anual_de_los_precios_semanales_finales_de_los_combustibles_precios_internos_al_publico_octubre-_diciembre_2019.pdf,observed,official_pdf,verified_official_pdf,page 1,9,30 NOV. AL 06 DE DIC 2019,verified_against_official_pdf,"Uploaded MICM PDF: Promedio_anual_de_los_precios_semanales_finales_de_los_combustibles_precios_internos_al_publico_octubre-_diciembre_2019.pdf, page 1"
2019-12-07,2019-12-13,2019,226.90,212.10,180.50,193.10,103.10,Promedio_anual_de_los_precios_semanales_finales_de_los_combustibles_precios_internos_al_publico_octubre-_diciembre_2019.pdf,observed,official_pdf,verified_official_pdf,page 1,10,07 AL 13 DE DIC 2019,verified_against_official_pdf,"Uploaded MICM PDF: Promedio_anual_de_los_precios_semanales_finales_de_los_combustibles_precios_internos_al_publico_octubre-_diciembre_2019.pdf, page 1"
2019-12-14,2019-12-20,2019,229.10,214.20,181.10,193.80,101.00,Promedio_anual_de_los_precios_semanales_finales_de_los_combustibles_precios_internos_al_publico_octubre-_diciembre_2019.pdf,observed,official_pdf,verified_official_pdf,page 1,11,14 AL 20 DE DIC 2019,verified_against_official_pdf,"Uploaded MICM PDF: Promedio_anual_de_los_precios_semanales_finales_de_los_combustibles_precios_internos_al_publico_octubre-_diciembre_2019.pdf, page 1"
2019-12-21,2019-12-27,2019,229.10,214.20,181.10,193.80,101.00,Promedio_anual_de_los_precios_semanales_finales_de_los_combustibles_precios_internos_al_publico_octubre-_diciembre_2019.pdf,observed,official_pdf,verified_official_pdf,page 1,12,21 AL 27 DE DIC 2019,verified_against_official_pdf,"Uploaded MICM PDF: Promedio_anual_de_los_precios_semanales_finales_de_los_combustibles_precios_internos_al_publico_octubre-_diciembre_2019.pdf, page 1"
2019-12-28,2020-01-03,2019,,,,,,,missing_week,unresolved_not_in_2019_q4_or_2020_q1_summary,missing_prices,,,"Not included in the 2019 Q4 table, which ends 2019-12-27, or the 2020 Q1 table, which begins 2020-01-04.",retain_missing_week_no_interpolation,"Uploaded MICM PDFs: Promedio_anual_de_los_precios_semanales_finales_de_los_combustibles_ano_2020_primer_trimestre_ano_2020.pdf, page 1; 2019 Q4 report previously supplied."
2020-01-04,2020-01-10,2020,233.20,218.20,183.40,196.70,97.20,Promedio_anual_de_los_precios_semanales_finales_de_los_combustibles_ano_2020_primer_trimestre_ano_2020.pdf,observed,official_pdf,verified_official_pdf,page 1,1,04 AL 10 DE ENERO 2020,verified_against_official_pdf,"Uploaded MICM PDF: Promedio_anual_de_los_precios_semanales_finales_de_los_combustibles_ano_2020_primer_trimestre_ano_2020.pdf, page 1"
2020-01-11,2020-01-17,2020,235.20,220.20,185.80,198.20,97.50,Promedio_anual_de_los_precios_semanales_finales_de_los_combustibles_ano_2020_primer_trimestre_ano_2020.pdf,observed,official_pdf,verified_official_pdf,page 1,2,11 AL 17 DE ENERO 2020,verified_against_official_pdf,"Uploaded MICM PDF: Promedio_anual_de_los_precios_semanales_finales_de_los_combustibles_ano_2020_primer_trimestre_ano_2020.pdf, page 1"
2020-01-18,2020-01-24,2020,233.50,217.90,182.40,194.70,97.30,Promedio_anual_de_los_precios_semanales_finales_de_los_combustibles_ano_2020_primer_trimestre_ano_2020.pdf,observed,official_pdf,verified_official_pdf,page 1,3,18 AL 24 DE ENERO 2020,verified_against_official_pdf,"Uploaded MICM PDF: Promedio_anual_de_los_precios_semanales_finales_de_los_combustibles_ano_2020_primer_trimestre_ano_2020.pdf, page 1"
2020-01-25,2020-01-31,2020,233.00,217.60,180.60,191.40,96.50,Promedio_anual_de_los_precios_semanales_finales_de_los_combustibles_ano_2020_primer_trimestre_ano_2020.pdf,observed,official_pdf,verified_official_pdf,page 1,4,25 AL 31 DE ENERO 2020,verified_against_official_pdf,"Uploaded MICM PDF: Promedio_anual_de_los_precios_semanales_finales_de_los_combustibles_ano_2020_primer_trimestre_ano_2020.pdf, page 1"
2020-02-01,2020-02-07,2020,229.40,213.90,176.00,185.90,96.30,Promedio_anual_de_los_precios_semanales_finales_de_los_combustibles_ano_2020_primer_trimestre_ano_2020.pdf,observed,official_pdf,verified_official_pdf,page 1,5,01 AL 07 DE FEBRERO 2020,verified_against_official_pdf,"Uploaded MICM PDF: Promedio_anual_de_los_precios_semanales_finales_de_los_combustibles_ano_2020_primer_trimestre_ano_2020.pdf, page 1"
2020-02-08,2020-02-14,2020,225.10,209.60,168.60,177.90,96.30,Promedio_anual_de_los_precios_semanales_finales_de_los_combustibles_ano_2020_primer_trimestre_ano_2020.pdf,observed,official_pdf_plus_contemporaneous_release,corrected_verified,page 1,6,08 AL 14 DE FEBRERO 2020,corrected_source_pdf_typo,"Uploaded MICM PDF: Promedio_anual_de_los_precios_semanales_finales_de_los_combustibles_ano_2020_primer_trimestre_ano_2020.pdf, page 1; corroborating release: https://eldia.com.do/bajan-rd4-30-a-la-gasolina-y-rd8-00-al-gasoil/"
2020-02-15,2020-02-21,2020,223.10,206.50,165.30,174.80,94.20,Promedio_anual_de_los_precios_semanales_finales_de_los_combustibles_ano_2020_primer_trimestre_ano_2020.pdf,observed,official_pdf,verified_official_pdf,page 1,7,15 AL 21 DE FEBRERO 2020,verified_against_official_pdf,"Uploaded MICM PDF: Promedio_anual_de_los_precios_semanales_finales_de_los_combustibles_ano_2020_primer_trimestre_ano_2020.pdf, page 1"
2020-02-22,2020-02-28,2020,223.10,206.50,165.30,174.80,94.20,Promedio_anual_de_los_precios_semanales_finales_de_los_combustibles_ano_2020_primer_trimestre_ano_2020.pdf,observed,official_pdf,verified_official_pdf,page 1,8,22 AL 28 DE FEBRERO 2020,verified_against_official_pdf,"Uploaded MICM PDF: Promedio_anual_de_los_precios_semanales_finales_de_los_combustibles_ano_2020_primer_trimestre_ano_2020.pdf, page 1"
2020-02-29,2020-03-06,2020,223.10,206.50,165.30,174.80,94.20,Promedio_anual_de_los_precios_semanales_finales_de_los_combustibles_ano_2020_primer_trimestre_ano_2020.pdf,observed,official_pdf,verified_official_pdf,page 1,9,29 DE FEB AL 06 DE MARZO 2020,verified_against_official_pdf,"Uploaded MICM PDF: Promedio_anual_de_los_precios_semanales_finales_de_los_combustibles_ano_2020_primer_trimestre_ano_2020.pdf, page 1"
2020-03-07,2020-03-13,2020,221.90,204.50,161.60,173.10,93.10,Promedio_anual_de_los_precios_semanales_finales_de_los_combustibles_ano_2020_primer_trimestre_ano_2020.pdf,observed,official_pdf,verified_official_pdf,page 1,10,07 AL 13 DE MARZO 2020,verified_against_official_pdf,"Uploaded MICM PDF: Promedio_anual_de_los_precios_semanales_finales_de_los_combustibles_ano_2020_primer_trimestre_ano_2020.pdf, page 1"
2020-03-14,2020-03-20,2020,210.90,194.00,154.40,162.30,82.50,Promedio_anual_de_los_precios_semanales_finales_de_los_combustibles_ano_2020_primer_trimestre_ano_2020.pdf,observed,official_pdf,verified_official_pdf,page 1,11,14 AL 20 DE MARZO 2020,verified_against_official_pdf,"Uploaded MICM PDF: Promedio_anual_de_los_precios_semanales_finales_de_los_combustibles_ano_2020_primer_trimestre_ano_2020.pdf, page 1"
2020-03-21,2020-03-27,2020,188.10,173.20,136.30,149.70,88.30,Promedio_anual_de_los_precios_semanales_finales_de_los_combustibles_ano_2020_primer_trimestre_ano_2020.pdf,observed,official_pdf,verified_official_pdf,page 1,12,21 AL 27 DE MARZO 2020,verified_against_official_pdf,"Uploaded MICM PDF: Promedio_anual_de_los_precios_semanales_finales_de_los_combustibles_ano_2020_primer_trimestre_ano_2020.pdf, page 1"
2020-03-28,2020-04-03,2020,176.50,162.00,130.10,144.00,83.80,Promedio_anual_de_los_precios_semanales_finales_de_los_combustibles_ano_2020_primer_trimestre_ano_2020.pdf,observed,official_pdf,verified_official_pdf,page 1,13,28 DE MARZO AL 03 DE ABRIL 2020,verified_against_official_pdf,"Uploaded MICM PDF: Promedio_anual_de_los_precios_semanales_finales_de_los_combustibles_ano_2020_primer_trimestre_ano_2020.pdf, page 1"
2020-04-04,2020-04-10,2020,170.50,156.20,129.00,142.90,84.20,Precios_semanales_finales_de_combustible__segundo_trimestre_2020.pdf,observed,official_pdf,verified_official_pdf,page 1,1,04 AL 10 DE ABRIL 2020,verified_against_official_pdf,"Uploaded MICM PDF: Precios_semanales_finales_de_combustible__segundo_trimestre_2020.pdf, page 1"
2020-04-11,2020-04-17,2020,170.10,156.00,126.40,141.60,86.10,Precios_semanales_finales_de_combustible__segundo_trimestre_2020.pdf,observed,official_pdf,verified_official_pdf,page 1,2,11 AL 17 DE ABRIL 2020,verified_against_official_pdf,"Uploaded MICM PDF: Precios_semanales_finales_de_combustible__segundo_trimestre_2020.pdf, page 1"
2020-04-18,2020-04-24,2020,171.50,157.20,123.30,139.60,89.00,Precios_semanales_finales_de_combustible__segundo_trimestre_2020.pdf,observed,official_pdf,verified_official_pdf,page 1,3,18 AL 24 DE ABRIL 2020,verified_against_official_pdf,"Uploaded MICM PDF: Precios_semanales_finales_de_combustible__segundo_trimestre_2020.pdf, page 1"
2020-04-25,2020-05-01,2020,163.00,147.90,114.60,130.90,89.90,Precios_semanales_finales_de_combustible__segundo_trimestre_2020.pdf,observed,official_pdf,verified_official_pdf,page 1,4,25 DE ABRIL AL 01 DE MAYO 2020,verified_against_official_pdf,"Uploaded MICM PDF: Precios_semanales_finales_de_combustible__segundo_trimestre_2020.pdf, page 1"
2020-05-02,2020-05-08,2020,165.30,150.30,105.60,118.80,89.70,Precios_semanales_finales_de_combustible__segundo_trimestre_2020.pdf,observed,official_pdf,verified_official_pdf,page 1,5,02 AL 08 DE MAYO 2020,verified_against_official_pdf,"Uploaded MICM PDF: Precios_semanales_finales_de_combustible__segundo_trimestre_2020.pdf, page 1"
2020-05-09,2020-05-15,2020,169.60,154.60,108.90,123.40,89.70,Precios_semanales_finales_de_combustible__segundo_trimestre_2020.pdf,observed,official_pdf,verified_official_pdf,page 1,6,09 AL 15 DE MAYO 2020,verified_against_official_pdf,"Uploaded MICM PDF: Precios_semanales_finales_de_combustible__segundo_trimestre_2020.pdf, page 1"
2020-05-16,2020-05-22,2020,177.60,162.50,114.60,129.30,92.60,Precios_semanales_finales_de_combustible__segundo_trimestre_2020.pdf,observed,official_pdf,verified_official_pdf,page 1,7,16 AL 22 DE MAYO 2020,verified_against_official_pdf,"Uploaded MICM PDF: Precios_semanales_finales_de_combustible__segundo_trimestre_2020.pdf, page 1"
2020-05-23,2020-05-29,2020,182.80,168.00,121.20,134.30,96.80,Precios_semanales_finales_de_combustible__segundo_trimestre_2020.pdf,observed,official_pdf,verified_official_pdf,page 1,8,23 AL 29 DE MAYO 2020,verified_against_official_pdf,"Uploaded MICM PDF: Precios_semanales_finales_de_combustible__segundo_trimestre_2020.pdf, page 1"
2020-05-30,2020-06-05,2020,186.60,172.00,126.90,138.60,99.40,Precios_semanales_finales_de_combustible__segundo_trimestre_2020.pdf,observed,official_pdf,verified_official_pdf,page 1,9,30 MAYO AL 05 DE JUNIO 2020,verified_against_official_pdf,"Uploaded MICM PDF: Precios_semanales_finales_de_combustible__segundo_trimestre_2020.pdf, page 1"
2020-06-06,2020-06-12,2020,191.00,176.60,130.60,142.00,102.00,Precios_semanales_finales_de_combustible__segundo_trimestre_2020.pdf,observed,official_pdf,verified_official_pdf,page 1,10,06 AL 12 DE JUNIO 2020,verified_against_official_pdf,"Uploaded MICM PDF: Precios_semanales_finales_de_combustible__segundo_trimestre_2020.pdf, page 1"
2020-06-13,2020-06-19,2020,198.00,183.70,135.90,147.70,102.00,Precios_semanales_finales_de_combustible__segundo_trimestre_2020.pdf,observed,official_pdf,corrected_verified,page 1,11,13 AL 19 DE JUNIO 2020,verified_against_official_pdf,"Uploaded MICM PDF: Precios_semanales_finales_de_combustible__segundo_trimestre_2020.pdf, page 1"
2020-06-20,2020-06-26,2020,201.10,186.70,139.80,151.90,105.40,Precios_semanales_finales_de_combustible__segundo_trimestre_2020.pdf,observed,official_pdf,verified_official_pdf,page 1,12,20 AL 26 DE JUNIO 2020,verified_against_official_pdf,"Uploaded MICM PDF: Precios_semanales_finales_de_combustible__segundo_trimestre_2020.pdf, page 1"
2020-06-27,2020-07-03,2020,204.10,192.20,145.00,156.50,105.40,Precios_semanales_finales_de_combustible__segundo_trimestre_2020.pdf,observed,official_pdf,corrected_verified,page 1,13,27 JUN AL 03 DE JULIO 2020,verified_against_official_pdf,"Uploaded MICM PDF: Precios_semanales_finales_de_combustible__segundo_trimestre_2020.pdf, page 1"
2020-07-04,2020-07-10,2020,204.30,193.50,146.90,157.70,103.00,Precios_semanales_finales_de_combustible__segundo_trimestre_2020.pdf | Promedio_anual_de_los_precios_semanales_finales_de_los_combustibles_precios_internos_al_publico_tercer_trimestre_2020.pdf,observed,official_pdf_two_sources_conflict,source_conflict_resolved,page 1,14; 1,04 AL 10 DE JULIO 2020 | 04 AL 10 DE JULIO 2020,deduplicated_quarter_boundary_and_resolved_glp_conflict,"Uploaded MICM PDFs: Precios_semanales_finales_de_combustible__segundo_trimestre_2020.pdf, page 1; Promedio_anual_de_los_precios_semanales_finales_de_los_combustibles_precios_internos_al_publico_tercer_trimestre_2020.pdf, page 1. Q3 GLP retained because the duplicate source rows disagree."
2020-07-11,2020-07-17,2020,208.30,198.50,152.70,163.10,105.20,Promedio_anual_de_los_precios_semanales_finales_de_los_combustibles_precios_internos_al_publico_tercer_trimestre_2020.pdf,observed,official_pdf,verified_official_pdf,page 1,2,11 AL 17 DE JULIO 2020,verified_against_official_pdf,"Uploaded MICM PDF: Promedio_anual_de_los_precios_semanales_finales_de_los_combustibles_precios_internos_al_publico_tercer_trimestre_2020.pdf, page 1"
2020-07-18,2020-07-24,2020,207.10,197.40,152.70,163.00,107.60,Promedio_anual_de_los_precios_semanales_finales_de_los_combustibles_precios_internos_al_publico_tercer_trimestre_2020.pdf,observed,official_pdf,verified_official_pdf,page 1,3,18 AL 24 DE JULIO 2020,verified_against_official_pdf,"Uploaded MICM PDF: Promedio_anual_de_los_precios_semanales_finales_de_los_combustibles_precios_internos_al_publico_tercer_trimestre_2020.pdf, page 1"
2020-07-25,2020-07-31,2020,205.20,194.80,149.30,164.20,110.10,Promedio_anual_de_los_precios_semanales_finales_de_los_combustibles_precios_internos_al_publico_tercer_trimestre_2020.pdf,observed,official_pdf,verified_official_pdf,page 1,4,25 AL 31 DE JULIO 2020,verified_against_official_pdf,"Uploaded MICM PDF: Promedio_anual_de_los_precios_semanales_finales_de_los_combustibles_precios_internos_al_publico_tercer_trimestre_2020.pdf, page 1"
2020-08-01,2020-08-07,2020,205.50,195.20,149.80,164.60,111.20,Promedio_anual_de_los_precios_semanales_finales_de_los_combustibles_precios_internos_al_publico_tercer_trimestre_2020.pdf,observed,official_pdf,verified_official_pdf,page 1,5,01 AL 07 DE AGOSTO 2020,verified_against_official_pdf,"Uploaded MICM PDF: Promedio_anual_de_los_precios_semanales_finales_de_los_combustibles_precios_internos_al_publico_tercer_trimestre_2020.pdf, page 1"
2020-08-08,2020-08-14,2020,203.80,193.40,148.70,163.50,111.00,Promedio_anual_de_los_precios_semanales_finales_de_los_combustibles_precios_internos_al_publico_tercer_trimestre_2020.pdf,observed,official_pdf,verified_official_pdf,page 1,6,08 AL 14 DE AGOSTO 2020,verified_against_official_pdf,"Uploaded MICM PDF: Promedio_anual_de_los_precios_semanales_finales_de_los_combustibles_precios_internos_al_publico_tercer_trimestre_2020.pdf, page 1"
2020-08-15,2020-08-21,2020,206.60,196.30,150.70,163.30,111.80,Promedio_anual_de_los_precios_semanales_finales_de_los_combustibles_precios_internos_al_publico_tercer_trimestre_2020.pdf,observed,official_pdf,verified_official_pdf,page 1,7,15 AL 21 DE AGOSTO 2020,verified_against_official_pdf,"Uploaded MICM PDF: Promedio_anual_de_los_precios_semanales_finales_de_los_combustibles_precios_internos_al_publico_tercer_trimestre_2020.pdf, page 1"
2020-08-22,2020-08-28,2020,206.60,196.30,150.70,163.30,111.80,Promedio_anual_de_los_precios_semanales_finales_de_los_combustibles_precios_internos_al_publico_tercer_trimestre_2020.pdf,observed,official_pdf,verified_official_pdf,page 1,8,22 AL 28 DE AGOSTO 2020,verified_against_official_pdf,"Uploaded MICM PDF: Promedio_anual_de_los_precios_semanales_finales_de_los_combustibles_precios_internos_al_publico_tercer_trimestre_2020.pdf, page 1"
2020-08-29,2020-09-04,2020,209.30,199.90,150.70,164.10,111.90,Promedio_anual_de_los_precios_semanales_finales_de_los_combustibles_precios_internos_al_publico_tercer_trimestre_2020.pdf,observed,official_pdf,verified_official_pdf,page 1,9,29 AGOSTO AL 04 DE SEPT 2020,verified_against_official_pdf,"Uploaded MICM PDF: Promedio_anual_de_los_precios_semanales_finales_de_los_combustibles_precios_internos_al_publico_tercer_trimestre_2020.pdf, page 1"
2020-09-05,2020-09-11,2020,209.00,200.50,147.90,162.10,112.40,Promedio_anual_de_los_precios_semanales_finales_de_los_combustibles_precios_internos_al_publico_tercer_trimestre_2020.pdf,observed,official_pdf,verified_official_pdf,page 1,10,05 SEPT AL 11 DE SEPT 2020,verified_against_official_pdf,"Uploaded MICM PDF: Promedio_anual_de_los_precios_semanales_finales_de_los_combustibles_precios_internos_al_publico_tercer_trimestre_2020.pdf, page 1"
2020-09-12,2020-09-18,2020,206.80,198.30,145.40,159.60,111.60,Promedio_anual_de_los_precios_semanales_finales_de_los_combustibles_precios_internos_al_publico_tercer_trimestre_2020.pdf,observed,official_pdf,verified_official_pdf,page 1,11,12 AL 18 DE SEPT 2020,verified_against_official_pdf,"Uploaded MICM PDF: Promedio_anual_de_los_precios_semanales_finales_de_los_combustibles_precios_internos_al_publico_tercer_trimestre_2020.pdf, page 1"
2020-09-19,2020-09-25,2020,204.40,195.90,143.30,156.90,111.40,Promedio_anual_de_los_precios_semanales_finales_de_los_combustibles_precios_internos_al_publico_tercer_trimestre_2020.pdf,observed,official_pdf,verified_official_pdf,page 1,12,19 AL 25 DE SEPT 2020,verified_against_official_pdf,"Uploaded MICM PDF: Promedio_anual_de_los_precios_semanales_finales_de_los_combustibles_precios_internos_al_publico_tercer_trimestre_2020.pdf, page 1"
2020-09-26,2020-10-02,2020,205.70,197.30,143.50,156.20,113.80,Promedio_anual_de_los_precios_semanales_finales_de_los_combustibles_precios_internos_al_publico_tercer_trimestre_2020.pdf,observed,official_pdf,verified_official_pdf,page 1,13,26 SEPT. AL 02 DE OCT. DE 2020,verified_against_official_pdf,"Uploaded MICM PDF: Promedio_anual_de_los_precios_semanales_finales_de_los_combustibles_precios_internos_al_publico_tercer_trimestre_2020.pdf, page 1"
2020-10-03,2020-10-09,2020,207.70,198.60,145.40,156.20,112.80,Promedio_cuarto_trimestre_precios_combustible_ano_2020.pdf,observed,official_pdf,verified_official_pdf,page 1,1,03 AL 09 DE OCT 2020,verified_against_official_pdf,"Uploaded MICM PDF: Promedio_cuarto_trimestre_precios_combustible_ano_2020.pdf, page 1"
2020-10-10,2020-10-16,2020,207.80,197.70,146.70,157.10,111.80,Promedio_cuarto_trimestre_precios_combustible_ano_2020.pdf,observed,official_pdf,verified_official_pdf,page 1,2,10 AL 16 DE OCT 2020,verified_against_official_pdf,"Uploaded MICM PDF: Promedio_cuarto_trimestre_precios_combustible_ano_2020.pdf, page 1"
2020-10-17,2020-10-23,2020,208.30,198.30,148.50,159.70,113.30,Promedio_cuarto_trimestre_precios_combustible_ano_2020.pdf,observed,official_pdf,verified_official_pdf,page 1,3,17 AL 23 DE OCT 2020,verified_against_official_pdf,"Uploaded MICM PDF: Promedio_cuarto_trimestre_precios_combustible_ano_2020.pdf, page 1"
2020-10-24,2020-10-30,2020,205.90,195.80,149.50,159.10,113.50,Promedio_cuarto_trimestre_precios_combustible_ano_2020.pdf,observed,official_pdf,verified_official_pdf,page 1,4,24 AL 30 DE OCT 2020,verified_against_official_pdf,"Uploaded MICM PDF: Promedio_cuarto_trimestre_precios_combustible_ano_2020.pdf, page 1"
2020-10-31,2020-11-06,2020,203.40,193.20,148.50,157.70,113.50,Promedio_cuarto_trimestre_precios_combustible_ano_2020.pdf,observed,official_pdf,verified_official_pdf,page 1,5,31 OCT AL 06 DE NOV 2020,verified_against_official_pdf,"Uploaded MICM PDF: Promedio_cuarto_trimestre_precios_combustible_ano_2020.pdf, page 1"
2020-11-07,2020-11-13,2020,200.40,190.20,146.50,156.70,113.50,Promedio_cuarto_trimestre_precios_combustible_ano_2020.pdf,observed,official_pdf,verified_official_pdf,page 1,6,07 AL 13 DE NOV 2020,verified_against_official_pdf,"Uploaded MICM PDF: Promedio_cuarto_trimestre_precios_combustible_ano_2020.pdf, page 1"
2020-11-14,2020-11-20,2020,202.40,192.70,149.60,160.00,116.00,Promedio_cuarto_trimestre_precios_combustible_ano_2020.pdf,observed,official_pdf,verified_official_pdf,page 1,7,14 AL 20 DE NOV 2020,verified_against_official_pdf,"Uploaded MICM PDF: Promedio_cuarto_trimestre_precios_combustible_ano_2020.pdf, page 1"
2020-11-21,2020-11-27,2020,204.30,191.70,151.60,162.30,117.20,Promedio_cuarto_trimestre_precios_combustible_ano_2020.pdf,observed,official_pdf,verified_official_pdf,page 1,8,21 AL 27 DE NOV 2020,verified_against_official_pdf,"Uploaded MICM PDF: Promedio_cuarto_trimestre_precios_combustible_ano_2020.pdf, page 1"
2020-11-28,2020-12-04,2020,206.40,193.80,156.40,167.10,116.20,Promedio_cuarto_trimestre_precios_combustible_ano_2020.pdf,observed,official_pdf,verified_official_pdf,page 1,9,28 DE NOV AL 04 DIC 2020,verified_against_official_pdf,"Uploaded MICM PDF: Promedio_cuarto_trimestre_precios_combustible_ano_2020.pdf, page 1"
2020-12-05,2020-12-11,2020,208.90,196.30,159.00,170.30,117.90,Promedio_cuarto_trimestre_precios_combustible_ano_2020.pdf,observed,official_pdf,verified_official_pdf,page 1,10,05 AL 11 DE DIC 2020,verified_against_official_pdf,"Uploaded MICM PDF: Promedio_cuarto_trimestre_precios_combustible_ano_2020.pdf, page 1"
2020-12-12,2020-12-18,2020,211.50,199.00,161.80,173.80,118.80,Promedio_cuarto_trimestre_precios_combustible_ano_2020.pdf,observed,official_pdf,verified_official_pdf,page 1,11,12 AL 18 DE DIC 2020,verified_against_official_pdf,"Uploaded MICM PDF: Promedio_cuarto_trimestre_precios_combustible_ano_2020.pdf, page 1"
2020-12-19,2020-12-25,2020,213.70,200.90,164.70,176.00,119.70,Promedio_cuarto_trimestre_precios_combustible_ano_2020.pdf,observed,official_pdf,verified_official_pdf,page 1,12,19 AL 25 DIC 2020,verified_against_official_pdf,"Uploaded MICM PDF: Promedio_cuarto_trimestre_precios_combustible_ano_2020.pdf, page 1"
2020-12-26,2021-01-01,2020,217.20,203.90,167.80,178.50,122.70,Promedio_cuarto_trimestre_precios_combustible_ano_2020.pdf,observed,official_pdf,verified_official_pdf,page 1,13,26 DE DIC 2020 AL 01 DE ENE 2021,verified_against_official_pdf,"Uploaded MICM PDF: Promedio_cuarto_trimestre_precios_combustible_ano_2020.pdf, page 1"
2021-01-02,2021-01-08,2021,217.30,203.90,167.80,179.80,122.70,Promedio_Primer_trimestre_de_los_precios_semanales_finales_de_los_combustibles_ano_2021_precios_internos_al_publico.pdf,observed,official_pdf,verified_official_source,page 1,1,02 AL 08 DE ENERO 2021,verified_against_official_source,"Uploaded MICM PDF: Promedio_Primer_trimestre_de_los_precios_semanales_finales_de_los_combustibles_ano_2021_precios_internos_al_publico.pdf, page 1"
2021-01-09,2021-01-15,2021,220.00,206.70,168.10,180.40,125.70,Promedio_Primer_trimestre_de_los_precios_semanales_finales_de_los_combustibles_ano_2021_precios_internos_al_publico.pdf,observed,official_pdf,verified_official_source,page 1,2,09 AL 15 DE ENERO 2021,verified_against_official_source,"Uploaded MICM PDF: Promedio_Primer_trimestre_de_los_precios_semanales_finales_de_los_combustibles_ano_2021_precios_internos_al_publico.pdf, page 1"
2021-01-16,2021-01-22,2021,223.10,209.90,169.20,182.71,128.10,Promedio_Primer_trimestre_de_los_precios_semanales_finales_de_los_combustibles_ano_2021_precios_internos_al_publico.pdf,observed,official_pdf,verified_official_source,page 1,3,16 AL 22 DE ENERO 2021,verified_against_official_source,"Uploaded MICM PDF: Promedio_Primer_trimestre_de_los_precios_semanales_finales_de_los_combustibles_ano_2021_precios_internos_al_publico.pdf, page 1"
2021-01-23,2021-01-29,2021,226.80,213.10,170.80,184.70,128.10,Promedio_Primer_trimestre_de_los_precios_semanales_finales_de_los_combustibles_ano_2021_precios_internos_al_publico.pdf,observed,official_pdf,verified_official_source,page 1,4,23 AL 29 DE ENERO 2021,verified_against_official_source,"Uploaded MICM PDF: Promedio_Primer_trimestre_de_los_precios_semanales_finales_de_los_combustibles_ano_2021_precios_internos_al_publico.pdf, page 1"
2021-01-30,2021-02-05,2021,228.60,215.00,171.40,185.70,128.10,Promedio_Primer_trimestre_de_los_precios_semanales_finales_de_los_combustibles_ano_2021_precios_internos_al_publico.pdf,observed,official_pdf,verified_official_source,page 1,5,30 ENERO AL 05 DE FEBRERO 2021,verified_against_official_source,"Uploaded MICM PDF: Promedio_Primer_trimestre_de_los_precios_semanales_finales_de_los_combustibles_ano_2021_precios_internos_al_publico.pdf, page 1"
2021-02-06,2021-02-12,2021,228.60,215.00,171.40,185.70,128.10,Promedio_Primer_trimestre_de_los_precios_semanales_finales_de_los_combustibles_ano_2021_precios_internos_al_publico.pdf,observed,official_pdf,verified_official_source,page 1,6,06 AL 12 DE FEBRERO 2021,verified_against_official_source,"Uploaded MICM PDF: Promedio_Primer_trimestre_de_los_precios_semanales_finales_de_los_combustibles_ano_2021_precios_internos_al_publico.pdf, page 1"
2021-02-13,2021-02-19,2021,233.10,219.00,175.40,190.30,128.10,Promedio_Primer_trimestre_de_los_precios_semanales_finales_de_los_combustibles_ano_2021_precios_internos_al_publico.pdf,observed,official_pdf,verified_official_source,page 1,7,13 AL 19 DE FEBRERO 2021,verified_against_official_source,"Uploaded MICM PDF: Promedio_Primer_trimestre_de_los_precios_semanales_finales_de_los_combustibles_ano_2021_precios_internos_al_publico.pdf, page 1"
2021-02-20,2021-02-26,2021,233.10,219.00,175.40,190.30,128.10,Promedio_Primer_trimestre_de_los_precios_semanales_finales_de_los_combustibles_ano_2021_precios_internos_al_publico.pdf,observed,official_pdf,verified_official_source,page 1,8,20 AL 26 DE FEBRERO 2021,verified_against_official_source,"Uploaded MICM PDF: Promedio_Primer_trimestre_de_los_precios_semanales_finales_de_los_combustibles_ano_2021_precios_internos_al_publico.pdf, page 1"
2021-02-27,2021-03-05,2021,242.10,228.50,181.60,197.50,128.10,Promedio_Primer_trimestre_de_los_precios_semanales_finales_de_los_combustibles_ano_2021_precios_internos_al_publico.pdf,observed,official_pdf,verified_official_source,page 1,9,27 DE FEB AL 05 DE MARZO 2021,verified_against_official_source,"Uploaded MICM PDF: Promedio_Primer_trimestre_de_los_precios_semanales_finales_de_los_combustibles_ano_2021_precios_internos_al_publico.pdf, page 1"
2021-03-06,2021-03-12,2021,242.10,228.50,181.60,197.50,128.10,Promedio_Primer_trimestre_de_los_precios_semanales_finales_de_los_combustibles_ano_2021_precios_internos_al_publico.pdf,observed,official_pdf,verified_official_source,page 1,10,06 AL 12 DE MARZO 2020,canonical_date_retained_over_source_label_error,"Uploaded MICM PDF: Promedio_Primer_trimestre_de_los_precios_semanales_finales_de_los_combustibles_ano_2021_precios_internos_al_publico.pdf, page 1"
2021-03-13,2021-03-19,2021,242.10,228.50,181.60,197.50,128.10,Promedio_Primer_trimestre_de_los_precios_semanales_finales_de_los_combustibles_ano_2021_precios_internos_al_publico.pdf,observed,official_pdf,verified_official_source,page 1,11,13 AL 19 DE MARZO 2021,verified_against_official_source,"Uploaded MICM PDF: Promedio_Primer_trimestre_de_los_precios_semanales_finales_de_los_combustibles_ano_2021_precios_internos_al_publico.pdf, page 1"
2021-03-20,2021-03-26,2021,242.10,228.50,181.60,197.50,128.10,Promedio_Primer_trimestre_de_los_precios_semanales_finales_de_los_combustibles_ano_2021_precios_internos_al_publico.pdf,observed,official_pdf,verified_official_source,page 1,12,20 AL 26 DE MARZO 2021,verified_against_official_source,"Uploaded MICM PDF: Promedio_Primer_trimestre_de_los_precios_semanales_finales_de_los_combustibles_ano_2021_precios_internos_al_publico.pdf, page 1"
2021-03-27,2021-04-02,2021,242.10,228.50,181.60,197.50,128.10,Promedio_Primer_trimestre_de_los_precios_semanales_finales_de_los_combustibles_ano_2021_precios_internos_al_publico.pdf,observed,official_pdf,verified_official_source,page 1,13,27 DE MARZO AL 02 DE ABRIL 2021,verified_against_official_source,"Uploaded MICM PDF: Promedio_Primer_trimestre_de_los_precios_semanales_finales_de_los_combustibles_ano_2021_precios_internos_al_publico.pdf, page 1"
2021-04-03,2021-04-09,2021,242.10,228.50,181.60,197.50,128.10,Promedio_segundo_trimestre_de_los_precios_semanales_finales_de_los_combustibles_ano_2021_precios_internos_al_publico.pdf,observed,official_pdf,verified_official_source,page 1,1,03 AL 09 DE ABRIL 2021,verified_against_official_source,"Uploaded MICM PDF: Promedio_segundo_trimestre_de_los_precios_semanales_finales_de_los_combustibles_ano_2021_precios_internos_al_publico.pdf, page 1"
2021-04-10,2021-04-16,2021,242.10,228.50,181.60,197.50,128.10,Promedio_segundo_trimestre_de_los_precios_semanales_finales_de_los_combustibles_ano_2021_precios_internos_al_publico.pdf,observed,official_pdf,verified_official_source,page 1,2,10 AL 16 DE ABRIL 2021,verified_against_official_source,"Uploaded MICM PDF: Promedio_segundo_trimestre_de_los_precios_semanales_finales_de_los_combustibles_ano_2021_precios_internos_al_publico.pdf, page 1"
2021-04-17,2021-04-23,2021,245.10,231.50,181.10,197.50,128.10,Promedio_segundo_trimestre_de_los_precios_semanales_finales_de_los_combustibles_ano_2021_precios_internos_al_publico.pdf,observed,official_pdf,verified_official_source,page 1,3,17 AL 23 DE ABRIL 2021,verified_against_official_source,"Uploaded MICM PDF: Promedio_segundo_trimestre_de_los_precios_semanales_finales_de_los_combustibles_ano_2021_precios_internos_al_publico.pdf, page 1"
2021-04-24,2021-04-30,2021,248.10,233.50,181.10,197.50,128.10,Promedio_segundo_trimestre_de_los_precios_semanales_finales_de_los_combustibles_ano_2021_precios_internos_al_publico.pdf,observed,official_pdf,verified_official_source,page 1,4,24 DE ABRIL AL 30 DE ABRIL 2021,verified_against_official_source,"Uploaded MICM PDF: Promedio_segundo_trimestre_de_los_precios_semanales_finales_de_los_combustibles_ano_2021_precios_internos_al_publico.pdf, page 1"
2021-05-01,2021-05-07,2021,249.50,236.50,183.00,199.50,128.10,Promedio_segundo_trimestre_de_los_precios_semanales_finales_de_los_combustibles_ano_2021_precios_internos_al_publico.pdf,observed,official_pdf,verified_official_source,page 1,5,01 AL 07 DE MAYO 2021,verified_against_official_source,"Uploaded MICM PDF: Promedio_segundo_trimestre_de_los_precios_semanales_finales_de_los_combustibles_ano_2021_precios_internos_al_publico.pdf, page 1"
2021-05-08,2021-05-14,2021,252.20,239.30,184.90,202.40,128.10,Promedio_segundo_trimestre_de_los_precios_semanales_finales_de_los_combustibles_ano_2021_precios_internos_al_publico.pdf,observed,official_pdf,verified_official_source,page 1,6,08 AL 14 DE MAYO 2021,verified_against_official_source,"Uploaded MICM PDF: Promedio_segundo_trimestre_de_los_precios_semanales_finales_de_los_combustibles_ano_2021_precios_internos_al_publico.pdf, page 1"
2021-05-15,2021-05-21,2021,252.20,239.30,184.90,202.40,127.10,Promedio_segundo_trimestre_de_los_precios_semanales_finales_de_los_combustibles_ano_2021_precios_internos_al_publico.pdf,observed,official_pdf,verified_official_source,page 1,7,15 AL 21 DE MAYO 2021,verified_against_official_source,"Uploaded MICM PDF: Promedio_segundo_trimestre_de_los_precios_semanales_finales_de_los_combustibles_ano_2021_precios_internos_al_publico.pdf, page 1"
2021-05-22,2021-05-28,2021,252.20,239.30,184.90,202.40,127.10,Promedio_segundo_trimestre_de_los_precios_semanales_finales_de_los_combustibles_ano_2021_precios_internos_al_publico.pdf,observed,official_pdf,verified_official_source,page 1,8,22 AL 28 DE MAYO 2021,verified_against_official_source,"Uploaded MICM PDF: Promedio_segundo_trimestre_de_los_precios_semanales_finales_de_los_combustibles_ano_2021_precios_internos_al_publico.pdf, page 1"
2021-05-29,2021-06-04,2021,252.20,239.30,184.90,202.40,127.10,Promedio_segundo_trimestre_de_los_precios_semanales_finales_de_los_combustibles_ano_2021_precios_internos_al_publico.pdf,observed,official_pdf,verified_official_source,page 1,9,29 MAYO AL 04 DE JUNIO 2021,verified_against_official_source,"Uploaded MICM PDF: Promedio_segundo_trimestre_de_los_precios_semanales_finales_de_los_combustibles_ano_2021_precios_internos_al_publico.pdf, page 1"
2021-06-05,2021-06-11,2021,252.20,239.30,184.90,202.40,127.10,Promedio_segundo_trimestre_de_los_precios_semanales_finales_de_los_combustibles_ano_2021_precios_internos_al_publico.pdf,observed,official_pdf,verified_official_source,page 1,10,05 AL 11 DE JUNIO 2021,verified_against_official_source,"Uploaded MICM PDF: Promedio_segundo_trimestre_de_los_precios_semanales_finales_de_los_combustibles_ano_2021_precios_internos_al_publico.pdf, page 1"
2021-06-12,2021-06-18,2021,252.20,239.30,184.90,202.40,127.10,Promedio_segundo_trimestre_de_los_precios_semanales_finales_de_los_combustibles_ano_2021_precios_internos_al_publico.pdf,observed,official_pdf,verified_official_source,page 1,11,12 AL 18 DE JUNIO 2021,verified_against_official_source,"Uploaded MICM PDF: Promedio_segundo_trimestre_de_los_precios_semanales_finales_de_los_combustibles_ano_2021_precios_internos_al_publico.pdf, page 1"
2021-06-19,2021-06-25,2021,252.20,239.30,184.90,202.40,127.10,Promedio_segundo_trimestre_de_los_precios_semanales_finales_de_los_combustibles_ano_2021_precios_internos_al_publico.pdf,observed,official_pdf,verified_official_source,page 1,12,19 AL 25 DE JUNIO 2021,verified_against_official_source,"Uploaded MICM PDF: Promedio_segundo_trimestre_de_los_precios_semanales_finales_de_los_combustibles_ano_2021_precios_internos_al_publico.pdf, page 1"
2021-06-26,2021-07-02,2021,252.20,239.30,184.90,202.40,127.10,Promedio_segundo_trimestre_de_los_precios_semanales_finales_de_los_combustibles_ano_2021_precios_internos_al_publico.pdf,observed,official_pdf,verified_official_source,page 1,13,26 JUN AL 02 DE JULIO 2021,verified_against_official_source,"Uploaded MICM PDF: Promedio_segundo_trimestre_de_los_precios_semanales_finales_de_los_combustibles_ano_2021_precios_internos_al_publico.pdf, page 1"
2021-07-03,2021-07-09,2021,252.20,239.30,184.90,202.40,127.10,Promedio_segundo_trimestre_de_los_precios_semanales_finales_de_los_combustibles_ano_2021_precios_internos_al_publico.pdf | HISTORICO_PRECIOS_COMBUSTIBLES_TERCER_TRIMESTRE_2021.xlsx,observed,official_pdf_and_xlsx_duplicate_consistent,verified_two_official_sources,TERCER TRIMESTRE 2021,14; 6,03 AL 09 DE JULIO 2021 | 03 AL 09 DE JULIO 2021,consolidated_consistent_quarter_boundary_duplicate,"Uploaded MICM sources: Promedio_segundo_trimestre_de_los_precios_semanales_finales_de_los_combustibles_ano_2021_precios_internos_al_publico.pdf, page 1; HISTORICO_PRECIOS_COMBUSTIBLES_TERCER_TRIMESTRE_2021.xlsx, worksheet 'TERCER TRIMESTRE 2021', row 6."
2021-07-10,2021-07-16,2021,256.20,239.30,184.90,206.40,127.10,HISTORICO_PRECIOS_COMBUSTIBLES_TERCER_TRIMESTRE_2021.xlsx,observed,official_xlsx,verified_official_source,TERCER TRIMESTRE 2021,7,10 AL 16 DE JULIO 2021,verified_against_official_source,"Uploaded MICM XLSX: HISTORICO_PRECIOS_COMBUSTIBLES_TERCER_TRIMESTRE_2021.xlsx, worksheet 'TERCER TRIMESTRE 2021', row 7"
2021-07-17,2021-07-23,2021,256.20,239.30,184.90,206.40,127.10,HISTORICO_PRECIOS_COMBUSTIBLES_TERCER_TRIMESTRE_2021.xlsx,observed,official_xlsx,verified_official_source,TERCER TRIMESTRE 2021,8,17 AL 23 DE JULIO 2021,verified_against_official_source,"Uploaded MICM XLSX: HISTORICO_PRECIOS_COMBUSTIBLES_TERCER_TRIMESTRE_2021.xlsx, worksheet 'TERCER TRIMESTRE 2021', row 8"
2021-07-24,2021-07-30,2021,256.20,239.30,184.90,206.40,127.10,HISTORICO_PRECIOS_COMBUSTIBLES_TERCER_TRIMESTRE_2021.xlsx,observed,official_xlsx,verified_official_source,TERCER TRIMESTRE 2021,9,24 AL 30 DE JULIO 2021,verified_against_official_source,"Uploaded MICM XLSX: HISTORICO_PRECIOS_COMBUSTIBLES_TERCER_TRIMESTRE_2021.xlsx, worksheet 'TERCER TRIMESTRE 2021', row 9"
2021-07-31,2021-08-06,2021,259.70,239.30,184.90,209.90,127.10,HISTORICO_PRECIOS_COMBUSTIBLES_TERCER_TRIMESTRE_2021.xlsx,observed,official_xlsx,verified_official_source,TERCER TRIMESTRE 2021,10,3 JUN. AL 06 DE AGOSTO 2021,canonical_date_retained_over_source_label_error,"Uploaded MICM XLSX: HISTORICO_PRECIOS_COMBUSTIBLES_TERCER_TRIMESTRE_2021.xlsx, worksheet 'TERCER TRIMESTRE 2021', row 10"
2021-08-07,2021-08-13,2021,261.80,243.30,188.90,212.20,127.10,HISTORICO_PRECIOS_COMBUSTIBLES_TERCER_TRIMESTRE_2021.xlsx,observed,official_xlsx,verified_official_source,TERCER TRIMESTRE 2021,11,07 AL 13 DE AGOSTO 2020,canonical_date_retained_over_source_label_error,"Uploaded MICM XLSX: HISTORICO_PRECIOS_COMBUSTIBLES_TERCER_TRIMESTRE_2021.xlsx, worksheet 'TERCER TRIMESTRE 2021', row 11"
2021-08-14,2021-08-20,2021,261.80,243.30,188.90,212.20,127.10,HISTORICO_PRECIOS_COMBUSTIBLES_TERCER_TRIMESTRE_2021.xlsx,observed,official_xlsx,verified_official_source,TERCER TRIMESTRE 2021,12,14 AL 20 DE AGOSTO 2021,verified_against_official_source,"Uploaded MICM XLSX: HISTORICO_PRECIOS_COMBUSTIBLES_TERCER_TRIMESTRE_2021.xlsx, worksheet 'TERCER TRIMESTRE 2021', row 12"
2021-08-21,2021-08-27,2021,261.80,243.30,188.90,212.20,127.10,HISTORICO_PRECIOS_COMBUSTIBLES_TERCER_TRIMESTRE_2021.xlsx,observed,official_xlsx,verified_official_source,TERCER TRIMESTRE 2021,13,21 AL 27 DE AGOSTO 2021,verified_against_official_source,"Uploaded MICM XLSX: HISTORICO_PRECIOS_COMBUSTIBLES_TERCER_TRIMESTRE_2021.xlsx, worksheet 'TERCER TRIMESTRE 2021', row 13"
2021-08-28,2021-09-03,2021,261.80,243.30,188.90,212.20,127.10,HISTORICO_PRECIOS_COMBUSTIBLES_TERCER_TRIMESTRE_2021.xlsx,observed,official_xlsx,verified_official_source,TERCER TRIMESTRE 2021,14,28 AGO. AL DE 03 DE SEPT 2021,verified_against_official_source,"Uploaded MICM XLSX: HISTORICO_PRECIOS_COMBUSTIBLES_TERCER_TRIMESTRE_2021.xlsx, worksheet 'TERCER TRIMESTRE 2021', row 14"
2021-09-04,2021-09-10,2021,261.80,243.30,188.90,212.20,127.10,HISTORICO_PRECIOS_COMBUSTIBLES_TERCER_TRIMESTRE_2021.xlsx,observed,official_xlsx,verified_official_source,TERCER TRIMESTRE 2021,15,04 SEPT AL 10 DE SEPT 2021,verified_against_official_source,"Uploaded MICM XLSX: HISTORICO_PRECIOS_COMBUSTIBLES_TERCER_TRIMESTRE_2021.xlsx, worksheet 'TERCER TRIMESTRE 2021', row 15"
2021-09-11,2021-09-17,2021,261.80,243.30,188.90,212.20,127.10,HISTORICO_PRECIOS_COMBUSTIBLES_TERCER_TRIMESTRE_2021.xlsx,observed,official_xlsx,verified_official_source,TERCER TRIMESTRE 2021,16,11 AL 17 DE SEPT 2021,verified_against_official_source,"Uploaded MICM XLSX: HISTORICO_PRECIOS_COMBUSTIBLES_TERCER_TRIMESTRE_2021.xlsx, worksheet 'TERCER TRIMESTRE 2021', row 16"
2021-09-18,2021-09-24,2021,261.80,243.30,188.90,212.20,127.10,HISTORICO_PRECIOS_COMBUSTIBLES_TERCER_TRIMESTRE_2021.xlsx,observed,official_xlsx,verified_official_source,TERCER TRIMESTRE 2021,17,18 AL 24 DE SEPT 2021,verified_against_official_source,"Uploaded MICM XLSX: HISTORICO_PRECIOS_COMBUSTIBLES_TERCER_TRIMESTRE_2021.xlsx, worksheet 'TERCER TRIMESTRE 2021', row 17"
2021-09-25,2021-10-01,2021,261.80,243.30,188.90,212.20,129.10,HISTORICO_PRECIOS_COMBUSTIBLES_TERCER_TRIMESTRE_2021.xlsx,observed,official_xlsx,verified_official_source,TERCER TRIMESTRE 2021,18,25 SEPT. AL 01 DE OCT. DE 2021,verified_against_official_source,"Uploaded MICM XLSX: HISTORICO_PRECIOS_COMBUSTIBLES_TERCER_TRIMESTRE_2021.xlsx, worksheet 'TERCER TRIMESTRE 2021', row 18"
2021-10-02,2021-10-08,2021,261.80,243.30,188.90,212.20,129.10,HISTORICO_DE_PRECIOS_DE_COMBUSTIBLES_CUARTO_TRIMESTRE_2021.xlsx,observed,official_xlsx,corrected_verified,Hoja1,2,2-Aug [Excel auto-date; intended 02-08 October],canonical_date_retained_over_source_label_error,"Uploaded MICM XLSX: HISTORICO_DE_PRECIOS_DE_COMBUSTIBLES_CUARTO_TRIMESTRE_2021.xlsx, worksheet 'Hoja1', row 2"
2021-10-09,2021-10-15,2021,265.80,246.80,188.90,212.20,134.10,HISTORICO_DE_PRECIOS_DE_COMBUSTIBLES_CUARTO_TRIMESTRE_2021.xlsx,observed,official_xlsx,corrected_verified,Hoja1,3,Sep-15 [Excel auto-date; intended 09-15 October],canonical_date_retained_over_source_label_error,"Uploaded MICM XLSX: HISTORICO_DE_PRECIOS_DE_COMBUSTIBLES_CUARTO_TRIMESTRE_2021.xlsx, worksheet 'Hoja1', row 3"
2021-10-16,2021-10-22,2021,265.80,249.80,188.90,212.20,134.10,HISTORICO_DE_PRECIOS_DE_COMBUSTIBLES_CUARTO_TRIMESTRE_2021.xlsx,observed,official_xlsx,corrected_verified,Hoja1,4,16-22,verified_against_official_source,"Uploaded MICM XLSX: HISTORICO_DE_PRECIOS_DE_COMBUSTIBLES_CUARTO_TRIMESTRE_2021.xlsx, worksheet 'Hoja1', row 4"
2021-10-23,2021-10-29,2021,269.80,252.80,191.90,216.20,134.10,HISTORICO_DE_PRECIOS_DE_COMBUSTIBLES_CUARTO_TRIMESTRE_2021.xlsx,observed,official_xlsx,corrected_verified,Hoja1,5,23-29,verified_against_official_source,"Uploaded MICM XLSX: HISTORICO_DE_PRECIOS_DE_COMBUSTIBLES_CUARTO_TRIMESTRE_2021.xlsx, worksheet 'Hoja1', row 5"
2021-10-30,2021-11-05,2021,272.80,252.80,191.90,218.70,134.10,HISTORICO_DE_PRECIOS_DE_COMBUSTIBLES_CUARTO_TRIMESTRE_2021.xlsx,observed,official_xlsx,corrected_verified,Hoja1,6,30-05,verified_against_official_source,"Uploaded MICM XLSX: HISTORICO_DE_PRECIOS_DE_COMBUSTIBLES_CUARTO_TRIMESTRE_2021.xlsx, worksheet 'Hoja1', row 6"
2021-11-06,2021-11-12,2021,272.80,252.80,191.90,218.70,134.10,HISTORICO_DE_PRECIOS_DE_COMBUSTIBLES_CUARTO_TRIMESTRE_2021.xlsx,observed,official_xlsx,corrected_verified,Hoja1,7,12-Jun [Excel auto-date; intended 06-12 November],canonical_date_retained_over_source_label_error,"Uploaded MICM XLSX: HISTORICO_DE_PRECIOS_DE_COMBUSTIBLES_CUARTO_TRIMESTRE_2021.xlsx, worksheet 'Hoja1', row 7"
2021-11-13,2021-11-19,2021,272.80,256.30,196.40,218.70,139.10,HISTORICO_DE_PRECIOS_DE_COMBUSTIBLES_CUARTO_TRIMESTRE_2021.xlsx,observed,official_xlsx,corrected_verified,Hoja1,8,13-19,verified_against_official_source,"Uploaded MICM XLSX: HISTORICO_DE_PRECIOS_DE_COMBUSTIBLES_CUARTO_TRIMESTRE_2021.xlsx, worksheet 'Hoja1', row 8"
2021-11-20,2021-11-26,2021,272.80,256.30,199.10,221.40,139.10,HISTORICO_DE_PRECIOS_DE_COMBUSTIBLES_CUARTO_TRIMESTRE_2021.xlsx,observed,official_xlsx,corrected_verified,Hoja1,9,20-26,verified_against_official_source,"Uploaded MICM XLSX: HISTORICO_DE_PRECIOS_DE_COMBUSTIBLES_CUARTO_TRIMESTRE_2021.xlsx, worksheet 'Hoja1', row 9"
2021-11-27,2021-12-03,2021,272.80,256.30,199.10,221.40,139.10,HISTORICO_DE_PRECIOS_DE_COMBUSTIBLES_CUARTO_TRIMESTRE_2021.xlsx,observed,official_xlsx,corrected_verified,Hoja1,10,27-03,verified_against_official_source,"Uploaded MICM XLSX: HISTORICO_DE_PRECIOS_DE_COMBUSTIBLES_CUARTO_TRIMESTRE_2021.xlsx, worksheet 'Hoja1', row 10"
2021-12-04,2021-12-10,2021,270.10,255.50,201.10,219.10,141.10,HISTORICO_DE_PRECIOS_DE_COMBUSTIBLES_CUARTO_TRIMESTRE_2021.xlsx,observed,official_xlsx,corrected_verified,Hoja1,11,4-Oct [Excel auto-date; intended 04-10 December],canonical_date_retained_over_source_label_error,"Uploaded MICM XLSX: HISTORICO_DE_PRECIOS_DE_COMBUSTIBLES_CUARTO_TRIMESTRE_2021.xlsx, worksheet 'Hoja1', row 11"
2021-12-11,2021-12-17,2021,270.10,255.50,201.10,219.10,141.10,HISTORICO_DE_PRECIOS_DE_COMBUSTIBLES_CUARTO_TRIMESTRE_2021.xlsx,observed,official_xlsx,corrected_verified,Hoja1,12,Nov-17 [Excel auto-date; intended 11-17 December],canonical_date_retained_over_source_label_error,"Uploaded MICM XLSX: HISTORICO_DE_PRECIOS_DE_COMBUSTIBLES_CUARTO_TRIMESTRE_2021.xlsx, worksheet 'Hoja1', row 12"
2021-12-18,2021-12-24,2021,270.10,255.50,201.10,219.10,141.10,HISTORICO_DE_PRECIOS_DE_COMBUSTIBLES_CUARTO_TRIMESTRE_2021.xlsx,observed,official_xlsx,corrected_verified,Hoja1,13,18-24,verified_against_official_source,"Uploaded MICM XLSX: HISTORICO_DE_PRECIOS_DE_COMBUSTIBLES_CUARTO_TRIMESTRE_2021.xlsx, worksheet 'Hoja1', row 13"
2021-12-25,2021-12-31,2021,270.10,255.50,201.10,219.10,141.10,HISTORICO_DE_PRECIOS_DE_COMBUSTIBLES_CUARTO_TRIMESTRE_2021.xlsx,observed,official_xlsx,corrected_verified,Hoja1,14,25-31,verified_against_official_source,"Uploaded MICM XLSX: HISTORICO_DE_PRECIOS_DE_COMBUSTIBLES_CUARTO_TRIMESTRE_2021.xlsx, worksheet 'Hoja1', row 14"
2022-01-01,2022-01-07,2022,270.10,255.50,201.10,219.10,141.10,HISTORICO_PRECIOS_COMBUSTIBLES_PRIMER_TRIMESTRE_2022.xlsx,observed,official_xlsx,verified_official_source,PERIODO 1ER. TRIMESTRE 2022,3,01 AL 07 DE ENERO 2022,verified_against_official_xlsx,"Uploaded MICM XLSX: HISTORICO_PRECIOS_COMBUSTIBLES_PRIMER_TRIMESTRE_2022.xlsx, worksheet 'PERIODO 1ER. TRIMESTRE 2022', row 3"
2022-01-08,2022-01-14,2022,273.60,258.50,204.60,223.10,142.60,HISTORICO_PRECIOS_COMBUSTIBLES_PRIMER_TRIMESTRE_2022.xlsx,observed,official_xlsx,verified_official_source,PERIODO 1ER. TRIMESTRE 2022,4,08 AL 14 DE ENERO 2022,verified_against_official_xlsx,"Uploaded MICM XLSX: HISTORICO_PRECIOS_COMBUSTIBLES_PRIMER_TRIMESTRE_2022.xlsx, worksheet 'PERIODO 1ER. TRIMESTRE 2022', row 4"
2022-01-15,2022-01-21,2022,278.60,262.50,208.60,228.10,144.60,HISTORICO_PRECIOS_COMBUSTIBLES_PRIMER_TRIMESTRE_2022.xlsx,observed,official_xlsx,verified_official_source,PERIODO 1ER. TRIMESTRE 2022,5,15 AL 21 DE ENERO 2022,verified_against_official_xlsx,"Uploaded MICM XLSX: HISTORICO_PRECIOS_COMBUSTIBLES_PRIMER_TRIMESTRE_2022.xlsx, worksheet 'PERIODO 1ER. TRIMESTRE 2022', row 5"
2022-01-22,2022-01-28,2022,283.60,266.50,212.60,233.10,146.60,HISTORICO_PRECIOS_COMBUSTIBLES_PRIMER_TRIMESTRE_2022.xlsx,observed,official_xlsx,verified_official_source,PERIODO 1ER. TRIMESTRE 2022,6,22 AL 28 DE ENERO 2022,verified_against_official_xlsx,"Uploaded MICM XLSX: HISTORICO_PRECIOS_COMBUSTIBLES_PRIMER_TRIMESTRE_2022.xlsx, worksheet 'PERIODO 1ER. TRIMESTRE 2022', row 6"
2022-01-29,2022-02-04,2022,283.60,266.50,212.60,233.10,146.60,HISTORICO_PRECIOS_COMBUSTIBLES_PRIMER_TRIMESTRE_2022.xlsx,observed,official_xlsx,verified_official_source,PERIODO 1ER. TRIMESTRE 2022,7,29 DE ENE. AL 04 DE FEB. 2022,verified_against_official_xlsx,"Uploaded MICM XLSX: HISTORICO_PRECIOS_COMBUSTIBLES_PRIMER_TRIMESTRE_2022.xlsx, worksheet 'PERIODO 1ER. TRIMESTRE 2022', row 7"
2022-02-05,2022-02-11,2022,283.60,266.50,212.60,233.10,146.60,HISTORICO_PRECIOS_COMBUSTIBLES_PRIMER_TRIMESTRE_2022.xlsx,observed,official_xlsx,verified_official_source,PERIODO 1ER. TRIMESTRE 2022,8,05 AL 11 DE FEBRERO DE 2022,verified_against_official_xlsx,"Uploaded MICM XLSX: HISTORICO_PRECIOS_COMBUSTIBLES_PRIMER_TRIMESTRE_2022.xlsx, worksheet 'PERIODO 1ER. TRIMESTRE 2022', row 8"
2022-02-12,2022-02-18,2022,287.60,270.50,217.60,236.10,147.60,HISTORICO_PRECIOS_COMBUSTIBLES_PRIMER_TRIMESTRE_2022.xlsx,observed,official_xlsx,verified_official_source,PERIODO 1ER. TRIMESTRE 2022,9,12 AL 18 DE FEBRERO DE 2022,verified_against_official_xlsx,"Uploaded MICM XLSX: HISTORICO_PRECIOS_COMBUSTIBLES_PRIMER_TRIMESTRE_2022.xlsx, worksheet 'PERIODO 1ER. TRIMESTRE 2022', row 9"
2022-02-19,2022-02-25,2022,287.60,270.50,217.60,236.10,147.60,HISTORICO_PRECIOS_COMBUSTIBLES_PRIMER_TRIMESTRE_2022.xlsx,observed,official_xlsx,verified_official_source,PERIODO 1ER. TRIMESTRE 2022,10,19 AL 25 DE FEBRERO DE 2022,verified_against_official_xlsx,"Uploaded MICM XLSX: HISTORICO_PRECIOS_COMBUSTIBLES_PRIMER_TRIMESTRE_2022.xlsx, worksheet 'PERIODO 1ER. TRIMESTRE 2022', row 10"
2022-02-26,2022-03-04,2022,287.60,270.50,217.60,236.10,147.60,HISTORICO_PRECIOS_COMBUSTIBLES_PRIMER_TRIMESTRE_2022.xlsx,observed,official_xlsx,verified_official_source,PERIODO 1ER. TRIMESTRE 2022,11,26 FEB. AL 04 DE MARZO DE 2022,verified_against_official_xlsx,"Uploaded MICM XLSX: HISTORICO_PRECIOS_COMBUSTIBLES_PRIMER_TRIMESTRE_2022.xlsx, worksheet 'PERIODO 1ER. TRIMESTRE 2022', row 11"
2022-03-05,2022-03-11,2022,293.60,274.50,221.60,241.10,147.60,HISTORICO_PRECIOS_COMBUSTIBLES_PRIMER_TRIMESTRE_2022.xlsx,observed,official_xlsx,verified_official_source,PERIODO 1ER. TRIMESTRE 2022,12,05 AL 11 DE MARZO 2022,verified_against_official_xlsx,"Uploaded MICM XLSX: HISTORICO_PRECIOS_COMBUSTIBLES_PRIMER_TRIMESTRE_2022.xlsx, worksheet 'PERIODO 1ER. TRIMESTRE 2022', row 12"
2022-03-12,2022-03-18,2022,293.60,274.50,221.60,241.10,147.60,HISTORICO_PRECIOS_COMBUSTIBLES_PRIMER_TRIMESTRE_2022.xlsx,observed,official_xlsx,verified_official_source,PERIODO 1ER. TRIMESTRE 2022,13,12 AL 18 DE MARZO 2022,verified_against_official_xlsx,"Uploaded MICM XLSX: HISTORICO_PRECIOS_COMBUSTIBLES_PRIMER_TRIMESTRE_2022.xlsx, worksheet 'PERIODO 1ER. TRIMESTRE 2022', row 13"
2022-03-19,2022-03-25,2022,293.60,274.50,221.60,241.10,147.60,HISTORICO_PRECIOS_COMBUSTIBLES_PRIMER_TRIMESTRE_2022.xlsx,observed,official_xlsx,verified_official_source,PERIODO 1ER. TRIMESTRE 2022,14,19 AL 25 DE MARZO 2022,verified_against_official_xlsx,"Uploaded MICM XLSX: HISTORICO_PRECIOS_COMBUSTIBLES_PRIMER_TRIMESTRE_2022.xlsx, worksheet 'PERIODO 1ER. TRIMESTRE 2022', row 14"
2022-03-26,2022-04-01,2022,293.60,274.50,221.60,241.10,147.60,HISTORICO_PRECIOS_COMBUSTIBLES_PRIMER_TRIMESTRE_2022.xlsx,observed,official_xlsx,verified_official_source,PERIODO 1ER. TRIMESTRE 2022,15,26 DE MARZO AL 01 DE ABRIL 2022,verified_against_official_xlsx,"Uploaded MICM XLSX: HISTORICO_PRECIOS_COMBUSTIBLES_PRIMER_TRIMESTRE_2022.xlsx, worksheet 'PERIODO 1ER. TRIMESTRE 2022', row 15"
2022-04-02,2022-04-08,2022,293.60,274.50,221.60,241.10,147.60,HISTORICO_PRECIOS_COMBUSTIBLES_SEGUNDO_TRIMESTRE_2022__xlsl_2.xlsx,observed,official_xlsx,verified_official_source,2DO. TRIM. ABRIL - JUNIO 2022,6,02 AL 08 DE ABRIL 2022,verified_against_official_xlsx,"Uploaded MICM XLSX: HISTORICO_PRECIOS_COMBUSTIBLES_SEGUNDO_TRIMESTRE_2022__xlsl_2.xlsx, worksheet '2DO. TRIM. ABRIL - JUNIO 2022', row 6"
2022-04-09,2022-04-15,2022,293.60,274.50,221.60,241.10,147.60,HISTORICO_PRECIOS_COMBUSTIBLES_SEGUNDO_TRIMESTRE_2022__xlsl_2.xlsx,observed,official_xlsx,verified_official_source,2DO. TRIM. ABRIL - JUNIO 2022,7,09 AL 15 DE ABRIL 2022,verified_against_official_xlsx,"Uploaded MICM XLSX: HISTORICO_PRECIOS_COMBUSTIBLES_SEGUNDO_TRIMESTRE_2022__xlsl_2.xlsx, worksheet '2DO. TRIM. ABRIL - JUNIO 2022', row 7"
2022-04-16,2022-04-22,2022,293.60,274.50,221.60,241.10,147.60,HISTORICO_PRECIOS_COMBUSTIBLES_SEGUNDO_TRIMESTRE_2022__xlsl_2.xlsx,observed,official_xlsx,verified_official_source,2DO. TRIM. ABRIL - JUNIO 2022,8,16 AL 22 DE ABRIL 2022,verified_against_official_xlsx,"Uploaded MICM XLSX: HISTORICO_PRECIOS_COMBUSTIBLES_SEGUNDO_TRIMESTRE_2022__xlsl_2.xlsx, worksheet '2DO. TRIM. ABRIL - JUNIO 2022', row 8"
2022-04-23,2022-04-29,2022,293.60,274.50,221.60,241.10,147.60,HISTORICO_PRECIOS_COMBUSTIBLES_SEGUNDO_TRIMESTRE_2022__xlsl_2.xlsx,observed,official_xlsx,verified_official_source,2DO. TRIM. ABRIL - JUNIO 2022,9,23  AL 29 DE ABRIL 2022,verified_against_official_xlsx,"Uploaded MICM XLSX: HISTORICO_PRECIOS_COMBUSTIBLES_SEGUNDO_TRIMESTRE_2022__xlsl_2.xlsx, worksheet '2DO. TRIM. ABRIL - JUNIO 2022', row 9"
2022-04-30,2022-05-06,2022,293.60,274.50,221.60,241.10,147.60,HISTORICO_PRECIOS_COMBUSTIBLES_SEGUNDO_TRIMESTRE_2022__xlsl_2.xlsx,observed,official_xlsx,verified_official_source,2DO. TRIM. ABRIL - JUNIO 2022,10,30 ABRIL AL 06 DE MAYO 2022,verified_against_official_xlsx,"Uploaded MICM XLSX: HISTORICO_PRECIOS_COMBUSTIBLES_SEGUNDO_TRIMESTRE_2022__xlsl_2.xlsx, worksheet '2DO. TRIM. ABRIL - JUNIO 2022', row 10"
2022-05-07,2022-05-13,2022,293.60,274.50,221.60,241.10,147.60,HISTORICO_PRECIOS_COMBUSTIBLES_SEGUNDO_TRIMESTRE_2022__xlsl_2.xlsx,observed,official_xlsx,verified_official_source,2DO. TRIM. ABRIL - JUNIO 2022,11,07 AL 13 DE MAYO 2022,verified_against_official_xlsx,"Uploaded MICM XLSX: HISTORICO_PRECIOS_COMBUSTIBLES_SEGUNDO_TRIMESTRE_2022__xlsl_2.xlsx, worksheet '2DO. TRIM. ABRIL - JUNIO 2022', row 11"
2022-05-14,2022-05-20,2022,293.60,274.50,221.60,241.10,147.60,HISTORICO_PRECIOS_COMBUSTIBLES_SEGUNDO_TRIMESTRE_2022__xlsl_2.xlsx,observed,official_xlsx,verified_official_source,2DO. TRIM. ABRIL - JUNIO 2022,12,14 AL 20 DE MAYO 2022,verified_against_official_xlsx,"Uploaded MICM XLSX: HISTORICO_PRECIOS_COMBUSTIBLES_SEGUNDO_TRIMESTRE_2022__xlsl_2.xlsx, worksheet '2DO. TRIM. ABRIL - JUNIO 2022', row 12"
2022-05-21,2022-05-27,2022,293.60,274.50,221.60,241.10,147.60,HISTORICO_PRECIOS_COMBUSTIBLES_SEGUNDO_TRIMESTRE_2022__xlsl_2.xlsx,observed,official_xlsx,verified_official_source,2DO. TRIM. ABRIL - JUNIO 2022,13,21 AL 27 DE MAYO 2022,verified_against_official_xlsx,"Uploaded MICM XLSX: HISTORICO_PRECIOS_COMBUSTIBLES_SEGUNDO_TRIMESTRE_2022__xlsl_2.xlsx, worksheet '2DO. TRIM. ABRIL - JUNIO 2022', row 13"
2022-05-28,2022-06-03,2022,293.60,274.50,221.60,241.10,147.60,HISTORICO_PRECIOS_COMBUSTIBLES_SEGUNDO_TRIMESTRE_2022__xlsl_2.xlsx,observed,official_xlsx,verified_official_source,2DO. TRIM. ABRIL - JUNIO 2022,14,28 MAYO AL 03 DE JUNIO 2022,verified_against_official_xlsx,"Uploaded MICM XLSX: HISTORICO_PRECIOS_COMBUSTIBLES_SEGUNDO_TRIMESTRE_2022__xlsl_2.xlsx, worksheet '2DO. TRIM. ABRIL - JUNIO 2022', row 14"
2022-06-04,2022-06-10,2022,293.60,274.50,221.60,241.10,147.60,HISTORICO_PRECIOS_COMBUSTIBLES_SEGUNDO_TRIMESTRE_2022__xlsl_2.xlsx,observed,official_xlsx,verified_official_source,2DO. TRIM. ABRIL - JUNIO 2022,15,04 AL 10 DE JUNIO 2022,verified_against_official_xlsx,"Uploaded MICM XLSX: HISTORICO_PRECIOS_COMBUSTIBLES_SEGUNDO_TRIMESTRE_2022__xlsl_2.xlsx, worksheet '2DO. TRIM. ABRIL - JUNIO 2022', row 15"
2022-06-11,2022-06-17,2022,293.60,274.50,221.60,241.10,147.60,HISTORICO_PRECIOS_COMBUSTIBLES_SEGUNDO_TRIMESTRE_2022__xlsl_2.xlsx,observed,official_xlsx,verified_official_source,2DO. TRIM. ABRIL - JUNIO 2022,16,11 AL 17 DE JUNIO 2022,verified_against_official_xlsx,"Uploaded MICM XLSX: HISTORICO_PRECIOS_COMBUSTIBLES_SEGUNDO_TRIMESTRE_2022__xlsl_2.xlsx, worksheet '2DO. TRIM. ABRIL - JUNIO 2022', row 16"
2022-06-18,2022-06-24,2022,293.60,274.50,221.60,241.10,147.60,HISTORICO_PRECIOS_COMBUSTIBLES_SEGUNDO_TRIMESTRE_2022__xlsl_2.xlsx,observed,official_xlsx,verified_official_source,2DO. TRIM. ABRIL - JUNIO 2022,17,18 AL 24 DE JUNIO 2022,verified_against_official_xlsx,"Uploaded MICM XLSX: HISTORICO_PRECIOS_COMBUSTIBLES_SEGUNDO_TRIMESTRE_2022__xlsl_2.xlsx, worksheet '2DO. TRIM. ABRIL - JUNIO 2022', row 17"
2022-06-25,2022-07-01,2022,293.60,274.50,221.60,241.10,147.60,HISTORICO_PRECIOS_COMBUSTIBLES_SEGUNDO_TRIMESTRE_2022__xlsl_2.xlsx,observed,official_xlsx,verified_official_source,2DO. TRIM. ABRIL - JUNIO 2022,18,25 JUN AL 01 DE JULIO 2022,verified_against_official_xlsx,"Uploaded MICM XLSX: HISTORICO_PRECIOS_COMBUSTIBLES_SEGUNDO_TRIMESTRE_2022__xlsl_2.xlsx, worksheet '2DO. TRIM. ABRIL - JUNIO 2022', row 18"
2022-07-02,2022-07-08,2022,293.60,274.50,221.60,241.10,147.60,HISTORICO_PRECIOS_COMBUSTIBLES_TERCER_TRIMESTRE_2022.xlsx,observed,official_xlsx,verified_official_source,TERCER TRIMESTRE 2022,6,02 AL 08 DE JULIO 2022,verified_against_official_xlsx,"Uploaded MICM XLSX: HISTORICO_PRECIOS_COMBUSTIBLES_TERCER_TRIMESTRE_2022.xlsx, worksheet 'TERCER TRIMESTRE 2022', row 6"
2022-07-09,2022-07-15,2022,293.60,274.50,221.60,241.10,147.60,HISTORICO_PRECIOS_COMBUSTIBLES_TERCER_TRIMESTRE_2022.xlsx,observed,official_xlsx,verified_official_source,TERCER TRIMESTRE 2022,7,09 AL 15 DE JULIO 2022,verified_against_official_xlsx,"Uploaded MICM XLSX: HISTORICO_PRECIOS_COMBUSTIBLES_TERCER_TRIMESTRE_2022.xlsx, worksheet 'TERCER TRIMESTRE 2022', row 7"
2022-07-16,2022-07-22,2022,293.60,274.50,221.60,241.10,147.60,HISTORICO_PRECIOS_COMBUSTIBLES_TERCER_TRIMESTRE_2022.xlsx,observed,official_xlsx,verified_official_source,TERCER TRIMESTRE 2022,8,16 AL 22 DE JULIO 2022,verified_against_official_xlsx,"Uploaded MICM XLSX: HISTORICO_PRECIOS_COMBUSTIBLES_TERCER_TRIMESTRE_2022.xlsx, worksheet 'TERCER TRIMESTRE 2022', row 8"
2022-07-23,2022-07-29,2022,293.60,274.50,221.60,241.10,147.60,HISTORICO_PRECIOS_COMBUSTIBLES_TERCER_TRIMESTRE_2022.xlsx,observed,official_xlsx,verified_official_source,TERCER TRIMESTRE 2022,9,23 AL 29 DE JULIO 2022,verified_against_official_xlsx,"Uploaded MICM XLSX: HISTORICO_PRECIOS_COMBUSTIBLES_TERCER_TRIMESTRE_2022.xlsx, worksheet 'TERCER TRIMESTRE 2022', row 9"
2022-07-30,2022-08-05,2022,293.60,274.50,221.60,241.10,147.60,HISTORICO_PRECIOS_COMBUSTIBLES_TERCER_TRIMESTRE_2022.xlsx,observed,official_xlsx,verified_official_source,TERCER TRIMESTRE 2022,10,30 JUL. AL 05 DE AGOSTO 2022,verified_against_official_xlsx,"Uploaded MICM XLSX: HISTORICO_PRECIOS_COMBUSTIBLES_TERCER_TRIMESTRE_2022.xlsx, worksheet 'TERCER TRIMESTRE 2022', row 10"
2022-08-06,2022-08-12,2022,293.60,274.50,221.60,241.10,147.60,HISTORICO_PRECIOS_COMBUSTIBLES_TERCER_TRIMESTRE_2022.xlsx,observed,official_xlsx,verified_official_source,TERCER TRIMESTRE 2022,11,06 AL 12 DE AGOSTO 2022,verified_against_official_xlsx,"Uploaded MICM XLSX: HISTORICO_PRECIOS_COMBUSTIBLES_TERCER_TRIMESTRE_2022.xlsx, worksheet 'TERCER TRIMESTRE 2022', row 11"
2022-08-13,2022-08-19,2022,293.60,274.50,221.60,241.10,147.60,HISTORICO_PRECIOS_COMBUSTIBLES_TERCER_TRIMESTRE_2022.xlsx,observed,official_xlsx,corrected_verified,TERCER TRIMESTRE 2022,12,13 AL 19 DE AGOSTO 2021,canonical_date_retained_over_source_year_typo,"Uploaded MICM XLSX: HISTORICO_PRECIOS_COMBUSTIBLES_TERCER_TRIMESTRE_2022.xlsx, worksheet 'TERCER TRIMESTRE 2022', row 12"
2022-08-20,2022-08-26,2022,293.60,274.50,221.60,241.10,147.60,HISTORICO_PRECIOS_COMBUSTIBLES_TERCER_TRIMESTRE_2022.xlsx,observed,official_xlsx,verified_official_source,TERCER TRIMESTRE 2022,13,20 AL 26 DE AGOSTO 2022,verified_against_official_xlsx,"Uploaded MICM XLSX: HISTORICO_PRECIOS_COMBUSTIBLES_TERCER_TRIMESTRE_2022.xlsx, worksheet 'TERCER TRIMESTRE 2022', row 13"
2022-08-27,2022-09-02,2022,293.60,274.50,221.60,241.10,147.60,HISTORICO_PRECIOS_COMBUSTIBLES_TERCER_TRIMESTRE_2022.xlsx,observed,official_xlsx,verified_official_source,TERCER TRIMESTRE 2022,14,27 AGO. AL DE 02 DE SEPT 2022,verified_against_official_xlsx,"Uploaded MICM XLSX: HISTORICO_PRECIOS_COMBUSTIBLES_TERCER_TRIMESTRE_2022.xlsx, worksheet 'TERCER TRIMESTRE 2022', row 14"
2022-09-03,2022-09-09,2022,293.60,274.50,221.60,241.10,147.60,HISTORICO_PRECIOS_COMBUSTIBLES_TERCER_TRIMESTRE_2022.xlsx,observed,official_xlsx,verified_official_source,TERCER TRIMESTRE 2022,15,03 SEPT AL 09 DE SEPT 2022,verified_against_official_xlsx,"Uploaded MICM XLSX: HISTORICO_PRECIOS_COMBUSTIBLES_TERCER_TRIMESTRE_2022.xlsx, worksheet 'TERCER TRIMESTRE 2022', row 15"
2022-09-10,2022-09-16,2022,293.60,274.50,221.60,241.10,147.60,HISTORICO_PRECIOS_COMBUSTIBLES_TERCER_TRIMESTRE_2022.xlsx,observed,official_xlsx,verified_official_source,TERCER TRIMESTRE 2022,16,10 AL 16 DE SEPT 2022,verified_against_official_xlsx,"Uploaded MICM XLSX: HISTORICO_PRECIOS_COMBUSTIBLES_TERCER_TRIMESTRE_2022.xlsx, worksheet 'TERCER TRIMESTRE 2022', row 16"
2022-09-17,2022-09-23,2022,293.60,274.50,221.60,241.10,147.60,HISTORICO_PRECIOS_COMBUSTIBLES_TERCER_TRIMESTRE_2022.xlsx,observed,official_xlsx,verified_official_source,TERCER TRIMESTRE 2022,17,17 AL 23 DE SEPT 2022,verified_against_official_xlsx,"Uploaded MICM XLSX: HISTORICO_PRECIOS_COMBUSTIBLES_TERCER_TRIMESTRE_2022.xlsx, worksheet 'TERCER TRIMESTRE 2022', row 17"
2022-09-24,2022-09-30,2022,293.60,274.50,221.60,241.10,147.60,HISTORICO_PRECIOS_COMBUSTIBLES_TERCER_TRIMESTRE_2022.xlsx,observed,official_xlsx,verified_official_source,TERCER TRIMESTRE 2022,18,24 SEPT. AL 30 DE SEPT. DE 2022,verified_against_official_xlsx,"Uploaded MICM XLSX: HISTORICO_PRECIOS_COMBUSTIBLES_TERCER_TRIMESTRE_2022.xlsx, worksheet 'TERCER TRIMESTRE 2022', row 18"
2022-10-01,2022-10-07,2022,293.60,274.50,221.60,241.10,147.60,HISTORICO_4TO._DE_LOS_PRECIOS_SEMANALES.xlsx,observed,official_xlsx,verified_official_source,Hoja1,6,01 AL 07 DE OCT 2022,verified_against_official_xlsx,"Uploaded MICM XLSX: HISTORICO_4TO._DE_LOS_PRECIOS_SEMANALES.xlsx, worksheet 'Hoja1', row 6"
2022-10-08,2022-10-14,2022,293.60,274.50,221.60,241.10,147.60,HISTORICO_4TO._DE_LOS_PRECIOS_SEMANALES.xlsx,observed,official_xlsx,verified_official_source,Hoja1,7,08 AL 14 DE OCT 2022,verified_against_official_xlsx,"Uploaded MICM XLSX: HISTORICO_4TO._DE_LOS_PRECIOS_SEMANALES.xlsx, worksheet 'Hoja1', row 7"
2022-10-15,2022-10-21,2022,293.60,274.50,221.60,241.10,147.60,HISTORICO_4TO._DE_LOS_PRECIOS_SEMANALES.xlsx,observed,official_xlsx,verified_official_source,Hoja1,8,15 AL 21 DE OCT 2022,verified_against_official_xlsx,"Uploaded MICM XLSX: HISTORICO_4TO._DE_LOS_PRECIOS_SEMANALES.xlsx, worksheet 'Hoja1', row 8"
2022-10-22,2022-10-28,2022,293.60,274.50,221.60,241.10,147.60,HISTORICO_4TO._DE_LOS_PRECIOS_SEMANALES.xlsx,observed,official_xlsx,verified_official_source,Hoja1,9,22 AL 28 DE OCT 2022,verified_against_official_xlsx,"Uploaded MICM XLSX: HISTORICO_4TO._DE_LOS_PRECIOS_SEMANALES.xlsx, worksheet 'Hoja1', row 9"
2022-10-29,2022-11-04,2022,293.60,274.50,221.60,241.10,147.60,HISTORICO_4TO._DE_LOS_PRECIOS_SEMANALES.xlsx,observed,official_xlsx,verified_official_source,Hoja1,10,29 OCT AL 04 DE NOV 2022,verified_against_official_xlsx,"Uploaded MICM XLSX: HISTORICO_4TO._DE_LOS_PRECIOS_SEMANALES.xlsx, worksheet 'Hoja1', row 10"
2022-11-05,2022-11-11,2022,293.60,274.50,221.60,241.10,147.60,HISTORICO_4TO._DE_LOS_PRECIOS_SEMANALES.xlsx,observed,official_xlsx,verified_official_source,Hoja1,11,05 AL 11 DE NOV 2022,verified_against_official_xlsx,"Uploaded MICM XLSX: HISTORICO_4TO._DE_LOS_PRECIOS_SEMANALES.xlsx, worksheet 'Hoja1', row 11"
2022-11-12,2022-11-18,2022,293.60,274.50,221.60,241.10,147.60,HISTORICO_4TO._DE_LOS_PRECIOS_SEMANALES.xlsx,observed,official_xlsx,verified_official_source,Hoja1,12,12 AL 18 DE NOV 2022,verified_against_official_xlsx,"Uploaded MICM XLSX: HISTORICO_4TO._DE_LOS_PRECIOS_SEMANALES.xlsx, worksheet 'Hoja1', row 12"
2022-11-19,2022-11-25,2022,293.60,274.50,221.60,241.10,147.60,HISTORICO_4TO._DE_LOS_PRECIOS_SEMANALES.xlsx,observed,official_xlsx,verified_official_source,Hoja1,13,19 AL 25 DE NOV 2022,verified_against_official_xlsx,"Uploaded MICM XLSX: HISTORICO_4TO._DE_LOS_PRECIOS_SEMANALES.xlsx, worksheet 'Hoja1', row 13"
2022-11-26,2022-12-02,2022,293.60,274.50,221.60,241.10,147.60,HISTORICO_4TO._DE_LOS_PRECIOS_SEMANALES.xlsx,observed,official_xlsx,verified_official_source,Hoja1,14,26 NOV AL 02 DE DIC 2022,verified_against_official_xlsx,"Uploaded MICM XLSX: HISTORICO_4TO._DE_LOS_PRECIOS_SEMANALES.xlsx, worksheet 'Hoja1', row 14"
2022-12-03,2022-12-09,2022,293.60,274.50,221.60,241.10,147.60,HISTORICO_4TO._DE_LOS_PRECIOS_SEMANALES.xlsx,observed,official_xlsx,verified_official_source,Hoja1,15,03 AL 09 DIC 2022,verified_against_official_xlsx,"Uploaded MICM XLSX: HISTORICO_4TO._DE_LOS_PRECIOS_SEMANALES.xlsx, worksheet 'Hoja1', row 15"
2022-12-10,2022-12-16,2022,293.60,274.50,221.60,241.10,147.60,HISTORICO_4TO._DE_LOS_PRECIOS_SEMANALES.xlsx,observed,official_xlsx,verified_official_source,Hoja1,16,10 AL 16 DIC 2022,verified_against_official_xlsx,"Uploaded MICM XLSX: HISTORICO_4TO._DE_LOS_PRECIOS_SEMANALES.xlsx, worksheet 'Hoja1', row 16"
2022-12-17,2022-12-23,2022,293.60,274.50,221.60,241.10,147.60,HISTORICO_4TO._DE_LOS_PRECIOS_SEMANALES.xlsx,observed,official_xlsx,verified_official_source,Hoja1,17,17 AL 23 DIC 2022,verified_against_official_xlsx,"Uploaded MICM XLSX: HISTORICO_4TO._DE_LOS_PRECIOS_SEMANALES.xlsx, worksheet 'Hoja1', row 17"
2022-12-24,2022-12-30,2022,293.60,274.50,221.60,241.10,147.60,HISTORICO_4TO._DE_LOS_PRECIOS_SEMANALES.xlsx,observed,official_xlsx,verified_with_date_note,Hoja1,18,24 AL 31 DIC 2022,normalized_eight_day_source_period_to_seven_day_week,"Uploaded MICM XLSX: HISTORICO_4TO._DE_LOS_PRECIOS_SEMANALES.xlsx, worksheet 'Hoja1', row 18"
2022-12-31,2023-01-06,2022,293.60,274.50,221.60,241.10,147.60,HISTORICO_PRECIOS_COMBUSTIBLES_2023.xlsx,observed,official_xlsx,verified_official_source,Hoja1,6,31 DIC. AL 06 ENE. DE 2023,verified_against_official_xlsx,"Uploaded MICM XLSX: HISTORICO_PRECIOS_COMBUSTIBLES_2023.xlsx, worksheet 'Hoja1', row 6"
2023-01-07,2023-01-13,2023,293.60,274.50,221.60,241.10,147.60,HISTORICO_PRECIOS_COMBUSTIBLES_2023.xlsx,observed,official_xlsx,verified_official_source,Hoja1,7,07 AL 13 ENE. DE 2023,verified_against_official_xlsx,"Uploaded MICM XLSX: HISTORICO_PRECIOS_COMBUSTIBLES_2023.xlsx, worksheet 'Hoja1', row 7"
2023-01-14,2023-01-20,2023,293.60,274.50,221.60,241.10,147.60,HISTORICO_PRECIOS_COMBUSTIBLES_2023.xlsx,observed,official_xlsx,verified_official_source,Hoja1,8,14 AL 20 ENE. DE 2023,verified_against_official_xlsx,"Uploaded MICM XLSX: HISTORICO_PRECIOS_COMBUSTIBLES_2023.xlsx, worksheet 'Hoja1', row 8"
2023-01-21,2023-01-27,2023,293.60,274.50,221.60,241.10,147.60,HISTORICO_PRECIOS_COMBUSTIBLES_2023.xlsx,observed,official_xlsx,verified_official_source,Hoja1,9,21 AL 27 ENE. DE 2023,verified_against_official_xlsx,"Uploaded MICM XLSX: HISTORICO_PRECIOS_COMBUSTIBLES_2023.xlsx, worksheet 'Hoja1', row 9"
2023-01-28,2023-02-03,2023,293.60,274.50,221.60,241.10,147.60,HISTORICO_PRECIOS_COMBUSTIBLES_2023.xlsx,observed,official_xlsx,verified_official_source,Hoja1,10,28 ENE. AL 03 FEB. 2023,verified_against_official_xlsx,"Uploaded MICM XLSX: HISTORICO_PRECIOS_COMBUSTIBLES_2023.xlsx, worksheet 'Hoja1', row 10"
2023-02-04,2023-02-10,2023,293.60,274.50,221.60,241.10,147.60,HISTORICO_PRECIOS_COMBUSTIBLES_2023.xlsx,observed,official_xlsx,verified_official_source,Hoja1,11,04 AL 10 DE FEBRERO 2023,verified_against_official_xlsx,"Uploaded MICM XLSX: HISTORICO_PRECIOS_COMBUSTIBLES_2023.xlsx, worksheet 'Hoja1', row 11"
2023-02-11,2023-02-17,2023,293.60,274.50,221.60,241.10,147.60,HISTORICO_PRECIOS_COMBUSTIBLES_2023.xlsx,observed,official_xlsx,verified_official_source,Hoja1,12,11 AL 17 FEBRERO 2023,verified_against_official_xlsx,"Uploaded MICM XLSX: HISTORICO_PRECIOS_COMBUSTIBLES_2023.xlsx, worksheet 'Hoja1', row 12"
2023-02-18,2023-02-24,2023,293.60,274.50,221.60,241.10,147.60,HISTORICO_PRECIOS_COMBUSTIBLES_2023.xlsx,observed,official_xlsx,verified_official_source,Hoja1,13,18 AL 24 FEBRERO 2023,verified_against_official_xlsx,"Uploaded MICM XLSX: HISTORICO_PRECIOS_COMBUSTIBLES_2023.xlsx, worksheet 'Hoja1', row 13"
2023-02-25,2023-03-03,2023,293.60,274.50,221.60,241.10,147.60,HISTORICO_PRECIOS_COMBUSTIBLES_2023.xlsx,observed,official_xlsx,verified_official_source,Hoja1,14,25 FEB. AL 03 MAR. 2023,verified_against_official_xlsx,"Uploaded MICM XLSX: HISTORICO_PRECIOS_COMBUSTIBLES_2023.xlsx, worksheet 'Hoja1', row 14"
2023-03-04,2023-03-10,2023,293.60,274.50,221.60,241.11,147.60,HISTORICO_PRECIOS_COMBUSTIBLES_2023.xlsx,observed,official_xlsx,verified_official_source,Hoja1,15,04 AL 10 DE MARZO 2023,verified_against_official_xlsx,"Uploaded MICM XLSX: HISTORICO_PRECIOS_COMBUSTIBLES_2023.xlsx, worksheet 'Hoja1', row 15"
2023-03-11,2023-03-17,2023,293.60,274.50,221.60,241.11,147.60,HISTORICO_PRECIOS_COMBUSTIBLES_2023.xlsx,observed,official_xlsx,verified_official_source,Hoja1,16,11 AL 17 MARZO 2023,verified_against_official_xlsx,"Uploaded MICM XLSX: HISTORICO_PRECIOS_COMBUSTIBLES_2023.xlsx, worksheet 'Hoja1', row 16"
2023-03-18,2023-03-24,2023,293.60,274.50,221.60,241.11,147.60,HISTORICO_PRECIOS_COMBUSTIBLES_2023.xlsx,observed,official_xlsx,verified_official_source,Hoja1,17,18 AL 24 MARZO 2023,verified_against_official_xlsx,"Uploaded MICM XLSX: HISTORICO_PRECIOS_COMBUSTIBLES_2023.xlsx, worksheet 'Hoja1', row 17"
2023-03-25,2023-03-31,2023,293.60,274.50,221.60,241.11,147.60,HISTORICO_PRECIOS_COMBUSTIBLES_2023.xlsx,observed,official_xlsx,verified_official_source,Hoja1,18,25 AL 31 MARZO 2023,verified_against_official_xlsx,"Uploaded MICM XLSX: HISTORICO_PRECIOS_COMBUSTIBLES_2023.xlsx, worksheet 'Hoja1', row 18"
2023-04-01,2023-04-07,2023,293.61,274.50,221.60,241.10,147.60,HISTORICO_PRECIOS_COMBUSTIBLES_2023.xlsx,observed,official_xlsx,verified_official_source,Hoja1,19,01 AL 07 ABRIL 2023,verified_against_official_xlsx,"Uploaded MICM XLSX: HISTORICO_PRECIOS_COMBUSTIBLES_2023.xlsx, worksheet 'Hoja1', row 19"
2023-04-08,2023-04-14,2023,293.60,274.50,221.60,241.10,147.60,HISTORICO_PRECIOS_COMBUSTIBLES_2023.xlsx,observed,official_xlsx,verified_official_source,Hoja1,20,08 AL 14 ABRIL 2023,verified_against_official_xlsx,"Uploaded MICM XLSX: HISTORICO_PRECIOS_COMBUSTIBLES_2023.xlsx, worksheet 'Hoja1', row 20"
2023-04-15,2023-04-21,2023,293.60,274.50,221.60,241.10,147.60,HISTORICO_PRECIOS_COMBUSTIBLES_2023.xlsx,observed,official_xlsx,verified_with_date_note,Hoja1,21,15 AL 21 ABRIL2023,canonical_date_retained_over_source_label_format_issue,"Uploaded MICM XLSX: HISTORICO_PRECIOS_COMBUSTIBLES_2023.xlsx, worksheet 'Hoja1', row 21"
2023-04-22,2023-04-28,2023,293.60,274.50,221.60,241.10,147.60,HISTORICO_PRECIOS_COMBUSTIBLES_2023.xlsx,observed,official_xlsx,verified_official_source,Hoja1,22,22 AL 28 ABRIL 2023,verified_against_official_xlsx,"Uploaded MICM XLSX: HISTORICO_PRECIOS_COMBUSTIBLES_2023.xlsx, worksheet 'Hoja1', row 22"
2023-04-29,2023-05-05,2023,293.60,274.50,221.60,241.10,147.60,HISTORICO_PRECIOS_COMBUSTIBLES_2023.xlsx,observed,official_xlsx,verified_official_source,Hoja1,23,29 DE ABRIL AL 05 DE MAYO 2023,verified_against_official_xlsx,"Uploaded MICM XLSX: HISTORICO_PRECIOS_COMBUSTIBLES_2023.xlsx, worksheet 'Hoja1', row 23"
2023-05-06,2023-05-12,2023,293.60,274.50,221.60,241.10,144.60,HISTORICO_PRECIOS_COMBUSTIBLES_2023.xlsx,observed,official_xlsx,verified_official_source,Hoja1,24,06 AL 12 DE MAYO 2023,verified_against_official_xlsx,"Uploaded MICM XLSX: HISTORICO_PRECIOS_COMBUSTIBLES_2023.xlsx, worksheet 'Hoja1', row 24"
2023-05-13,2023-05-19,2023,291.60,273.50,221.60,239.10,141.60,HISTORICO_PRECIOS_COMBUSTIBLES_2023.xlsx,observed,official_xlsx,verified_official_source,Hoja1,25,13 AL 19 DE MAYO 2023,verified_against_official_xlsx,"Uploaded MICM XLSX: HISTORICO_PRECIOS_COMBUSTIBLES_2023.xlsx, worksheet 'Hoja1', row 25"
2023-05-20,2023-05-26,2023,291.60,273.50,221.60,239.10,139.60,HISTORICO_PRECIOS_COMBUSTIBLES_2023.xlsx,observed,official_xlsx,verified_with_date_note,Hoja1,26,20 AL 26 DE MAYO,canonical_date_retained_over_source_label_format_issue,"Uploaded MICM XLSX: HISTORICO_PRECIOS_COMBUSTIBLES_2023.xlsx, worksheet 'Hoja1', row 26"
2023-05-27,2023-06-02,2023,291.60,273.50,221.60,239.10,137.60,HISTORICO_PRECIOS_COMBUSTIBLES_2023.xlsx,observed,official_xlsx,verified_official_source,Hoja1,27,27 DE MAYO AL 02 JUNIO 2023,verified_against_official_xlsx,"Uploaded MICM XLSX: HISTORICO_PRECIOS_COMBUSTIBLES_2023.xlsx, worksheet 'Hoja1', row 27"
2023-06-03,2023-06-09,2023,291.60,273.50,220.60,237.10,137.60,HISTORICO_PRECIOS_COMBUSTIBLES_2023.xlsx,observed,official_xlsx,verified_official_source,Hoja1,28,03 AL 09 DE JUNIO 2023,verified_against_official_xlsx,"Uploaded MICM XLSX: HISTORICO_PRECIOS_COMBUSTIBLES_2023.xlsx, worksheet 'Hoja1', row 28"
2023-06-10,2023-06-16,2023,291.60,273.50,220.60,237.10,136.10,HISTORICO_PRECIOS_COMBUSTIBLES_2023.xlsx,observed,official_xlsx,verified_official_source,Hoja1,29,10 AL 16 DE JUNIO 2023,verified_against_official_xlsx,"Uploaded MICM XLSX: HISTORICO_PRECIOS_COMBUSTIBLES_2023.xlsx, worksheet 'Hoja1', row 29"
2023-06-17,2023-06-23,2023,291.60,273.50,220.60,237.10,134.10,HISTORICO_PRECIOS_COMBUSTIBLES_2023.xlsx,observed,official_xlsx,verified_official_source,Hoja1,30,17 AL 23 DE JUNIO 2023,verified_against_official_xlsx,"Uploaded MICM XLSX: HISTORICO_PRECIOS_COMBUSTIBLES_2023.xlsx, worksheet 'Hoja1', row 30"
2023-06-24,2023-06-30,2023,291.60,273.50,220.60,237.10,134.10,HISTORICO_PRECIOS_COMBUSTIBLES_2023.xlsx,observed,official_xlsx,verified_official_source,Hoja1,31,24 AL 30 DE JUNIO 2023,verified_against_official_xlsx,"Uploaded MICM XLSX: HISTORICO_PRECIOS_COMBUSTIBLES_2023.xlsx, worksheet 'Hoja1', row 31"
2023-07-01,2023-07-07,2023,291.60,273.50,220.60,237.10,132.60,HISTORICO_PRECIOS_COMBUSTIBLES_2023.xlsx,observed,official_xlsx,verified_official_source,Hoja1,32,01 al 07 DE JULIO 2023,verified_against_official_xlsx,"Uploaded MICM XLSX: HISTORICO_PRECIOS_COMBUSTIBLES_2023.xlsx, worksheet 'Hoja1', row 32"
2023-07-08,2023-07-14,2023,291.60,273.50,220.60,237.10,132.60,HISTORICO_PRECIOS_COMBUSTIBLES_2023.xlsx,observed,official_xlsx,verified_official_source,Hoja1,33,08 al 14 DE JULIO 2023,verified_against_official_xlsx,"Uploaded MICM XLSX: HISTORICO_PRECIOS_COMBUSTIBLES_2023.xlsx, worksheet 'Hoja1', row 33"
2023-07-15,2023-07-21,2023,291.60,273.50,220.60,237.10,132.60,HISTORICO_PRECIOS_COMBUSTIBLES_2023.xlsx,observed,official_xlsx,verified_official_source,Hoja1,34,15 AL 21 DE JULIO 2023,verified_against_official_xlsx,"Uploaded MICM XLSX: HISTORICO_PRECIOS_COMBUSTIBLES_2023.xlsx, worksheet 'Hoja1', row 34"
2023-07-22,2023-07-28,2023,291.60,273.50,220.60,237.10,132.60,HISTORICO_PRECIOS_COMBUSTIBLES_2023.xlsx,observed,official_xlsx,verified_official_source,Hoja1,35,22 AL 28 DE JULIO 2023,verified_against_official_xlsx,"Uploaded MICM XLSX: HISTORICO_PRECIOS_COMBUSTIBLES_2023.xlsx, worksheet 'Hoja1', row 35"
2023-07-29,2023-08-04,2023,293.10,274.50,221.60,239.10,132.60,HISTORICO_PRECIOS_COMBUSTIBLES_2023.xlsx,observed,official_xlsx,verified_official_source,Hoja1,36,29 JULIO AL 04 DE AGOSTO 2023,verified_against_official_xlsx,"Uploaded MICM XLSX: HISTORICO_PRECIOS_COMBUSTIBLES_2023.xlsx, worksheet 'Hoja1', row 36"
2023-08-05,2023-08-11,2023,293.10,274.50,221.60,240.10,132.60,HISTORICO_PRECIOS_COMBUSTIBLES_2023.xlsx,observed,official_xlsx,verified_official_source,Hoja1,37,05 AL 11 DE AGOSTO 2023,verified_against_official_xlsx,"Uploaded MICM XLSX: HISTORICO_PRECIOS_COMBUSTIBLES_2023.xlsx, worksheet 'Hoja1', row 37"
2023-08-12,2023-08-18,2023,293.10,274.50,221.60,240.10,132.60,HISTORICO_PRECIOS_COMBUSTIBLES_2023.xlsx,observed,official_xlsx,verified_official_source,Hoja1,38,12 AL 18 DE AGOSTO 2023,verified_against_official_xlsx,"Uploaded MICM XLSX: HISTORICO_PRECIOS_COMBUSTIBLES_2023.xlsx, worksheet 'Hoja1', row 38"
2023-08-19,2023-08-25,2023,293.10,274.50,221.60,239.10,132.60,HISTORICO_PRECIOS_COMBUSTIBLES_2023.xlsx,observed,official_xlsx,verified_official_source,Hoja1,39,19 AL 25 DE AGOSTO 2023,verified_against_official_xlsx,"Uploaded MICM XLSX: HISTORICO_PRECIOS_COMBUSTIBLES_2023.xlsx, worksheet 'Hoja1', row 39"
2023-08-26,2023-09-01,2023,293.10,274.50,221.60,239.10,132.60,HISTORICO_PRECIOS_COMBUSTIBLES_2023.xlsx,observed,official_xlsx,verified_official_source,Hoja1,40,26 AGOSTO AL 01 SEPT 2023,verified_against_official_xlsx,"Uploaded MICM XLSX: HISTORICO_PRECIOS_COMBUSTIBLES_2023.xlsx, worksheet 'Hoja1', row 40"
2023-09-02,2023-09-08,2023,293.10,274.50,221.60,239.10,132.60,HISTORICO_PRECIOS_COMBUSTIBLES_2023.xlsx,observed,official_xlsx,verified_official_source,Hoja1,41,02 AL 08 DE SEPTIEMBRE 2023,verified_against_official_xlsx,"Uploaded MICM XLSX: HISTORICO_PRECIOS_COMBUSTIBLES_2023.xlsx, worksheet 'Hoja1', row 41"
2023-09-09,2023-09-15,2023,293.10,274.50,221.60,239.10,132.60,HISTORICO_PRECIOS_COMBUSTIBLES_2023.xlsx,observed,official_xlsx,verified_official_source,Hoja1,42,09 AL 15 DE SEPTIEMBRE 2023,verified_against_official_xlsx,"Uploaded MICM XLSX: HISTORICO_PRECIOS_COMBUSTIBLES_2023.xlsx, worksheet 'Hoja1', row 42"
2023-09-16,2023-09-22,2023,293.10,274.50,221.60,239.10,132.60,HISTORICO_PRECIOS_COMBUSTIBLES_2023.xlsx,observed,official_xlsx,verified_official_source,Hoja1,43,16 AL 22 DE SEPTIEMBRE 2023,verified_against_official_xlsx,"Uploaded MICM XLSX: HISTORICO_PRECIOS_COMBUSTIBLES_2023.xlsx, worksheet 'Hoja1', row 43"
2023-09-23,2023-09-29,2023,293.10,274.50,221.60,239.10,132.60,HISTORICO_PRECIOS_COMBUSTIBLES_2023.xlsx,observed,official_xlsx,verified_official_source,Hoja1,44,23 AL 29 DE SEPTIEMBRE 2023,verified_against_official_xlsx,"Uploaded MICM XLSX: HISTORICO_PRECIOS_COMBUSTIBLES_2023.xlsx, worksheet 'Hoja1', row 44"
2023-09-30,2023-10-06,2023,293.10,274.50,221.60,239.10,132.60,HISTORICO_PRECIOS_COMBUSTIBLES_2023.xlsx,observed,official_xlsx,verified_official_source,Hoja1,45,30 SEPT. AL 06 OCT. DE 2023,verified_against_official_xlsx,"Uploaded MICM XLSX: HISTORICO_PRECIOS_COMBUSTIBLES_2023.xlsx, worksheet 'Hoja1', row 45"
2023-10-07,2023-10-13,2023,293.10,274.50,221.60,239.10,132.60,HISTORICO_PRECIOS_COMBUSTIBLES_2023.xlsx,observed,official_xlsx,verified_official_source,Hoja1,46,07 AL 13 OCTUBRE DE 2023,verified_against_official_xlsx,"Uploaded MICM XLSX: HISTORICO_PRECIOS_COMBUSTIBLES_2023.xlsx, worksheet 'Hoja1', row 46"
2023-10-14,2023-10-20,2023,293.10,274.50,221.60,239.10,132.60,HISTORICO_PRECIOS_COMBUSTIBLES_2023.xlsx,observed,official_xlsx,verified_official_source,Hoja1,47,14 AL 20 OCTUBRE DE 2023,verified_against_official_xlsx,"Uploaded MICM XLSX: HISTORICO_PRECIOS_COMBUSTIBLES_2023.xlsx, worksheet 'Hoja1', row 47"
2023-10-21,2023-10-27,2023,293.10,274.50,221.60,239.10,132.60,HISTORICO_PRECIOS_COMBUSTIBLES_2023.xlsx,observed,official_xlsx,verified_official_source,Hoja1,48,21 al 27 OCTUBRE DE 2023,verified_against_official_xlsx,"Uploaded MICM XLSX: HISTORICO_PRECIOS_COMBUSTIBLES_2023.xlsx, worksheet 'Hoja1', row 48"
2023-10-28,2023-11-03,2023,293.10,274.50,221.60,239.10,132.60,HISTORICO_PRECIOS_COMBUSTIBLES_2023.xlsx,observed,official_xlsx,corrected_verified,Hoja1,49,28 DE OCT. 03 DE NOV. DE 2023,canonical_date_retained_over_source_label_format_issue,"Uploaded MICM XLSX: HISTORICO_PRECIOS_COMBUSTIBLES_2023.xlsx, worksheet 'Hoja1', row 49"
2023-11-04,2023-11-10,2023,293.10,274.50,221.60,239.10,132.60,HISTORICO_PRECIOS_COMBUSTIBLES_2023.xlsx,observed,official_xlsx,verified_official_source,Hoja1,50,04 AL 10 DE NOV. DE 2023,verified_against_official_xlsx,"Uploaded MICM XLSX: HISTORICO_PRECIOS_COMBUSTIBLES_2023.xlsx, worksheet 'Hoja1', row 50"
2023-11-11,2023-11-17,2023,293.10,274.50,221.60,239.10,132.60,HISTORICO_PRECIOS_COMBUSTIBLES_2023.xlsx,observed,official_xlsx,verified_official_source,Hoja1,51,11 AL 17 DE NOVIEMBRE 2023,verified_against_official_xlsx,"Uploaded MICM XLSX: HISTORICO_PRECIOS_COMBUSTIBLES_2023.xlsx, worksheet 'Hoja1', row 51"
2023-11-18,2023-11-24,2023,293.10,274.50,221.60,239.10,132.60,HISTORICO_PRECIOS_COMBUSTIBLES_2023.xlsx,observed,official_xlsx,verified_official_source,Hoja1,52,18 AL 24 DE NOVIEMBRE 2023,verified_against_official_xlsx,"Uploaded MICM XLSX: HISTORICO_PRECIOS_COMBUSTIBLES_2023.xlsx, worksheet 'Hoja1', row 52"
2023-11-25,2023-12-01,2023,293.10,274.50,221.60,239.10,132.60,HISTORICO_PRECIOS_COMBUSTIBLES_2023.xlsx,observed,official_xlsx,verified_official_source,Hoja1,53,25 NOV. AL 01 DIC. DE 2023,verified_against_official_xlsx,"Uploaded MICM XLSX: HISTORICO_PRECIOS_COMBUSTIBLES_2023.xlsx, worksheet 'Hoja1', row 53"
2023-12-02,2023-12-08,2023,293.10,274.50,221.60,239.10,132.60,HISTORICO_PRECIOS_COMBUSTIBLES_2023.xlsx,observed,official_xlsx,verified_official_source,Hoja1,54,02 AL 08 DIC. DE 2023,verified_against_official_xlsx,"Uploaded MICM XLSX: HISTORICO_PRECIOS_COMBUSTIBLES_2023.xlsx, worksheet 'Hoja1', row 54"
2023-12-09,2023-12-15,2023,293.10,274.50,221.60,239.10,132.60,HISTORICO_PRECIOS_COMBUSTIBLES_2023.xlsx,observed,official_xlsx,verified_official_source,Hoja1,55,09 AL 15 DIC. DE 2023,verified_against_official_xlsx,"Uploaded MICM XLSX: HISTORICO_PRECIOS_COMBUSTIBLES_2023.xlsx, worksheet 'Hoja1', row 55"
2023-12-16,2023-12-22,2023,290.10,272.50,221.60,239.10,132.30,HISTORICO_PRECIOS_COMBUSTIBLES_2023.xlsx,observed,official_xlsx,verified_official_source,Hoja1,56,16 AL 22 DIC. DE 2023,verified_against_official_xlsx,"Uploaded MICM XLSX: HISTORICO_PRECIOS_COMBUSTIBLES_2023.xlsx, worksheet 'Hoja1', row 56"
2023-12-23,2023-12-29,2023,290.10,272.50,221.60,239.10,132.60,HISTORICO_PRECIOS_COMBUSTIBLES_2023.xlsx,observed,official_xlsx,verified_official_source,Hoja1,57,23 AL 29 DIC. DE 2023,verified_against_official_xlsx,"Uploaded MICM XLSX: HISTORICO_PRECIOS_COMBUSTIBLES_2023.xlsx, worksheet 'Hoja1', row 57"
2023-12-30,2024-01-05,2023,290.10,272.50,221.60,239.10,132.60,HISTORICO_PRECIOS_COMBUSTIBLES_PRIMER_TRIM._2024_data_cruda.xlsx,observed,official_xlsx,verified_official_source,PRMER TRIM. 2024,6,30 DIC. 2023 AL 05 ENE. DE 2024,verified_against_official_xlsx,"Uploaded MICM XLSX: HISTORICO_PRECIOS_COMBUSTIBLES_PRIMER_TRIM._2024_data_cruda.xlsx, worksheet 'PRMER TRIM. 2024', row 6"
2024-01-06,2024-01-12,2024,290.10,272.50,221.60,239.10,132.60,HISTORICO_PRECIOS_COMBUSTIBLES_PRIMER_TRIM._2024_data_cruda.xlsx,observed,official_xlsx,verified_official_source,PRMER TRIM. 2024,7,06 AL 12 ENE. DE 2024,verified_against_official_xlsx,"Uploaded MICM XLSX: HISTORICO_PRECIOS_COMBUSTIBLES_PRIMER_TRIM._2024_data_cruda.xlsx, worksheet 'PRMER TRIM. 2024', row 7"
2024-01-13,2024-01-19,2024,290.10,272.50,221.60,239.10,132.60,HISTORICO_PRECIOS_COMBUSTIBLES_PRIMER_TRIM._2024_data_cruda.xlsx,observed,official_xlsx,verified_official_source,PRMER TRIM. 2024,8,13 AL 19 ENE. DE 2024,verified_against_official_xlsx,"Uploaded MICM XLSX: HISTORICO_PRECIOS_COMBUSTIBLES_PRIMER_TRIM._2024_data_cruda.xlsx, worksheet 'PRMER TRIM. 2024', row 8"
2024-01-20,2024-01-26,2024,290.10,272.50,221.60,239.10,132.60,HISTORICO_PRECIOS_COMBUSTIBLES_PRIMER_TRIM._2024_data_cruda.xlsx,observed,official_xlsx,verified_official_source,PRMER TRIM. 2024,9,20 AL 26 ENE. DE 2024,verified_against_official_xlsx,"Uploaded MICM XLSX: HISTORICO_PRECIOS_COMBUSTIBLES_PRIMER_TRIM._2024_data_cruda.xlsx, worksheet 'PRMER TRIM. 2024', row 9"
2024-01-27,2024-02-02,2024,290.10,272.50,221.60,239.10,132.60,HISTORICO_PRECIOS_COMBUSTIBLES_PRIMER_TRIM._2024_data_cruda.xlsx,observed,official_xlsx,verified_official_source,PRMER TRIM. 2024,10,27 ENE. AL 02 FEB. 2024,verified_against_official_xlsx,"Uploaded MICM XLSX: HISTORICO_PRECIOS_COMBUSTIBLES_PRIMER_TRIM._2024_data_cruda.xlsx, worksheet 'PRMER TRIM. 2024', row 10"
2024-02-03,2024-02-09,2024,290.10,272.50,221.60,239.10,132.60,HISTORICO_PRECIOS_COMBUSTIBLES_PRIMER_TRIM._2024_data_cruda.xlsx,observed,official_xlsx,verified_official_source,PRMER TRIM. 2024,11,03 AL 09 DE FEBRERO 2024,verified_against_official_xlsx,"Uploaded MICM XLSX: HISTORICO_PRECIOS_COMBUSTIBLES_PRIMER_TRIM._2024_data_cruda.xlsx, worksheet 'PRMER TRIM. 2024', row 11"
2024-02-10,2024-02-16,2024,290.10,272.50,221.60,239.10,132.60,HISTORICO_PRECIOS_COMBUSTIBLES_PRIMER_TRIM._2024_data_cruda.xlsx,observed,official_xlsx,verified_official_source,PRMER TRIM. 2024,12,10 AL 16 FEBRERO 2024,verified_against_official_xlsx,"Uploaded MICM XLSX: HISTORICO_PRECIOS_COMBUSTIBLES_PRIMER_TRIM._2024_data_cruda.xlsx, worksheet 'PRMER TRIM. 2024', row 12"
2024-02-17,2024-02-23,2024,290.10,272.50,221.60,239.10,132.60,HISTORICO_PRECIOS_COMBUSTIBLES_PRIMER_TRIM._2024_data_cruda.xlsx,observed,official_xlsx,verified_official_source,PRMER TRIM. 2024,13,17 AL 23 FEBRERO 2024,verified_against_official_xlsx,"Uploaded MICM XLSX: HISTORICO_PRECIOS_COMBUSTIBLES_PRIMER_TRIM._2024_data_cruda.xlsx, worksheet 'PRMER TRIM. 2024', row 13"
2024-02-24,2024-03-01,2024,290.10,272.50,221.60,239.10,132.60,HISTORICO_PRECIOS_COMBUSTIBLES_PRIMER_TRIM._2024_data_cruda.xlsx,observed,official_xlsx,verified_official_source,PRMER TRIM. 2024,14,24 DE FEB. AL 01 MAR. 2024,verified_against_official_xlsx,"Uploaded MICM XLSX: HISTORICO_PRECIOS_COMBUSTIBLES_PRIMER_TRIM._2024_data_cruda.xlsx, worksheet 'PRMER TRIM. 2024', row 14"
2024-03-02,2024-03-08,2024,290.10,272.50,221.60,239.10,132.60,HISTORICO_PRECIOS_COMBUSTIBLES_PRIMER_TRIM._2024_data_cruda.xlsx,observed,official_xlsx,verified_official_source,PRMER TRIM. 2024,15,02 AL 08 DE MARZO 2024,verified_against_official_xlsx,"Uploaded MICM XLSX: HISTORICO_PRECIOS_COMBUSTIBLES_PRIMER_TRIM._2024_data_cruda.xlsx, worksheet 'PRMER TRIM. 2024', row 15"
2024-03-09,2024-03-15,2024,290.10,272.50,221.60,239.10,132.60,HISTORICO_PRECIOS_COMBUSTIBLES_PRIMER_TRIM._2024_data_cruda.xlsx,observed,official_xlsx,verified_official_source,PRMER TRIM. 2024,16,09 AL 15 DE MARZO 2024,verified_against_official_xlsx,"Uploaded MICM XLSX: HISTORICO_PRECIOS_COMBUSTIBLES_PRIMER_TRIM._2024_data_cruda.xlsx, worksheet 'PRMER TRIM. 2024', row 16"
2024-03-16,2024-03-22,2024,290.10,272.50,221.60,239.10,132.60,HISTORICO_PRECIOS_COMBUSTIBLES_PRIMER_TRIM._2024_data_cruda.xlsx,observed,official_xlsx,verified_official_source,PRMER TRIM. 2024,17,16 AL 22 DE MARZO 2024,verified_against_official_xlsx,"Uploaded MICM XLSX: HISTORICO_PRECIOS_COMBUSTIBLES_PRIMER_TRIM._2024_data_cruda.xlsx, worksheet 'PRMER TRIM. 2024', row 17"
2024-03-23,2024-03-29,2024,290.10,272.50,221.60,239.10,132.60,HISTORICO_PRECIOS_COMBUSTIBLES_PRIMER_TRIM._2024_data_cruda.xlsx,observed,official_xlsx,verified_official_source,PRMER TRIM. 2024,18,23 AL 29 DE MARZO 2024,verified_against_official_xlsx,"Uploaded MICM XLSX: HISTORICO_PRECIOS_COMBUSTIBLES_PRIMER_TRIM._2024_data_cruda.xlsx, worksheet 'PRMER TRIM. 2024', row 18"
2024-03-30,2024-04-05,2024,290.10,272.50,221.60,239.10,132.60,HISTORICO_PRECIOS_COMBUSTIBLES_SEGUNDO_TRIM._2024_Data_Cruda.xlsx,observed,official_xlsx,verified_official_source,2DO. TRIM. AB. - JUN. 2024,6,30 DE MARZO AL 05 ABRIL 2024,verified_against_official_xlsx,"Uploaded MICM XLSX: HISTORICO_PRECIOS_COMBUSTIBLES_SEGUNDO_TRIM._2024_Data_Cruda.xlsx, worksheet '2DO. TRIM. AB. - JUN. 2024', row 6"
2024-04-06,2024-04-12,2024,290.10,272.50,221.60,239.10,132.60,HISTORICO_PRECIOS_COMBUSTIBLES_SEGUNDO_TRIM._2024_Data_Cruda.xlsx,observed,official_xlsx,verified_with_source_note,2DO. TRIM. AB. - JUN. 2024,7,06 AL 12 DE ABRIL DE 2024,canonical_date_retained_with_source_note,"Uploaded MICM XLSX: HISTORICO_PRECIOS_COMBUSTIBLES_SEGUNDO_TRIM._2024_Data_Cruda.xlsx, worksheet '2DO. TRIM. AB. - JUN. 2024', row 7"
2024-04-13,2024-04-19,2024,290.10,272.50,221.60,239.10,132.60,HISTORICO_PRECIOS_COMBUSTIBLES_SEGUNDO_TRIM._2024_Data_Cruda.xlsx,observed,official_xlsx,verified_official_source,2DO. TRIM. AB. - JUN. 2024,8,13 AL 19 DE ABRIL DE 2024,verified_against_official_xlsx,"Uploaded MICM XLSX: HISTORICO_PRECIOS_COMBUSTIBLES_SEGUNDO_TRIM._2024_Data_Cruda.xlsx, worksheet '2DO. TRIM. AB. - JUN. 2024', row 8"
2024-04-20,2024-04-26,2024,290.10,272.50,221.60,239.10,132.60,HISTORICO_PRECIOS_COMBUSTIBLES_SEGUNDO_TRIM._2024_Data_Cruda.xlsx,observed,official_xlsx,verified_official_source,2DO. TRIM. AB. - JUN. 2024,9,20 AL 26 DE ABRIL DE 2024,verified_against_official_xlsx,"Uploaded MICM XLSX: HISTORICO_PRECIOS_COMBUSTIBLES_SEGUNDO_TRIM._2024_Data_Cruda.xlsx, worksheet '2DO. TRIM. AB. - JUN. 2024', row 9"
2024-04-27,2024-05-03,2024,290.10,272.50,221.60,239.10,132.60,HISTORICO_PRECIOS_COMBUSTIBLES_SEGUNDO_TRIM._2024_Data_Cruda.xlsx,observed,official_xlsx,verified_official_source,2DO. TRIM. AB. - JUN. 2024,10,27 ABRIL AL 03 DE MAYO 2024,verified_against_official_xlsx,"Uploaded MICM XLSX: HISTORICO_PRECIOS_COMBUSTIBLES_SEGUNDO_TRIM._2024_Data_Cruda.xlsx, worksheet '2DO. TRIM. AB. - JUN. 2024', row 10"
2024-05-04,2024-05-10,2024,290.10,272.50,221.60,239.10,132.60,HISTORICO_PRECIOS_COMBUSTIBLES_SEGUNDO_TRIM._2024_Data_Cruda.xlsx,observed,official_xlsx,verified_official_source,2DO. TRIM. AB. - JUN. 2024,11,04 AL 10 DE MAYO DE 2024,verified_against_official_xlsx,"Uploaded MICM XLSX: HISTORICO_PRECIOS_COMBUSTIBLES_SEGUNDO_TRIM._2024_Data_Cruda.xlsx, worksheet '2DO. TRIM. AB. - JUN. 2024', row 11"
2024-05-11,2024-05-17,2024,290.10,272.50,221.60,239.10,132.60,HISTORICO_PRECIOS_COMBUSTIBLES_SEGUNDO_TRIM._2024_Data_Cruda.xlsx,observed,official_xlsx,verified_official_source,2DO. TRIM. AB. - JUN. 2024,12,11 AL 17 DE MAYO DE 2024,verified_against_official_xlsx,"Uploaded MICM XLSX: HISTORICO_PRECIOS_COMBUSTIBLES_SEGUNDO_TRIM._2024_Data_Cruda.xlsx, worksheet '2DO. TRIM. AB. - JUN. 2024', row 12"
2024-05-18,2024-05-24,2024,290.10,272.50,221.60,239.10,132.60,HISTORICO_PRECIOS_COMBUSTIBLES_SEGUNDO_TRIM._2024_Data_Cruda.xlsx,observed,official_xlsx,verified_official_source,2DO. TRIM. AB. - JUN. 2024,13,18 AL 24 DE MAYO DE 2024,verified_against_official_xlsx,"Uploaded MICM XLSX: HISTORICO_PRECIOS_COMBUSTIBLES_SEGUNDO_TRIM._2024_Data_Cruda.xlsx, worksheet '2DO. TRIM. AB. - JUN. 2024', row 13"
2024-05-25,2024-05-31,2024,290.10,272.50,221.60,239.10,132.60,HISTORICO_PRECIOS_COMBUSTIBLES_SEGUNDO_TRIM._2024_Data_Cruda.xlsx,observed,official_xlsx,verified_official_source,2DO. TRIM. AB. - JUN. 2024,14,25 AL 31 DE MAYO DE 2024,verified_against_official_xlsx,"Uploaded MICM XLSX: HISTORICO_PRECIOS_COMBUSTIBLES_SEGUNDO_TRIM._2024_Data_Cruda.xlsx, worksheet '2DO. TRIM. AB. - JUN. 2024', row 14"
2024-06-01,2024-06-07,2024,290.10,272.50,221.60,239.10,132.60,HISTORICO_PRECIOS_COMBUSTIBLES_SEGUNDO_TRIM._2024_Data_Cruda.xlsx,observed,official_xlsx,verified_official_source,2DO. TRIM. AB. - JUN. 2024,15,01 AL 07 DE JUNIO DE 2024,verified_against_official_xlsx,"Uploaded MICM XLSX: HISTORICO_PRECIOS_COMBUSTIBLES_SEGUNDO_TRIM._2024_Data_Cruda.xlsx, worksheet '2DO. TRIM. AB. - JUN. 2024', row 15"
2024-06-08,2024-06-14,2024,290.10,272.50,221.60,239.10,132.60,HISTORICO_PRECIOS_COMBUSTIBLES_SEGUNDO_TRIM._2024_Data_Cruda.xlsx,observed,official_xlsx,verified_official_source,2DO. TRIM. AB. - JUN. 2024,16,08 AL 14 DE JUNIO DE 2024,verified_against_official_xlsx,"Uploaded MICM XLSX: HISTORICO_PRECIOS_COMBUSTIBLES_SEGUNDO_TRIM._2024_Data_Cruda.xlsx, worksheet '2DO. TRIM. AB. - JUN. 2024', row 16"
2024-06-15,2024-06-21,2024,290.10,272.50,221.60,239.10,132.60,HISTORICO_PRECIOS_COMBUSTIBLES_SEGUNDO_TRIM._2024_Data_Cruda.xlsx,observed,official_xlsx,verified_official_source,2DO. TRIM. AB. - JUN. 2024,17,15 AL 21 DE JUNIO DE 2024,verified_against_official_xlsx,"Uploaded MICM XLSX: HISTORICO_PRECIOS_COMBUSTIBLES_SEGUNDO_TRIM._2024_Data_Cruda.xlsx, worksheet '2DO. TRIM. AB. - JUN. 2024', row 17"
2024-06-22,2024-06-28,2024,290.10,272.50,221.60,239.10,132.60,HISTORICO_PRECIOS_COMBUSTIBLES_SEGUNDO_TRIM._2024_Data_Cruda.xlsx,observed,official_xlsx,verified_with_source_note,2DO. TRIM. AB. - JUN. 2024,18,22 AL 28 DE JUNIO DE 2024,canonical_date_retained_with_source_note,"Uploaded MICM XLSX: HISTORICO_PRECIOS_COMBUSTIBLES_SEGUNDO_TRIM._2024_Data_Cruda.xlsx, worksheet '2DO. TRIM. AB. - JUN. 2024', row 18"
2024-06-29,2024-07-05,2024,290.10,272.50,221.60,239.10,132.60,HISTORICO_PRECIOS_COMBUSTIBLES_TERCER_TRIM._2024.xlsx,observed,official_xlsx,verified_official_source,PER.TERCER TRIM. 2024,6,29 JUN. AL 05 DE JULIO 2024,verified_against_official_xlsx,"Uploaded MICM XLSX: HISTORICO_PRECIOS_COMBUSTIBLES_TERCER_TRIM._2024.xlsx, worksheet 'PER.TERCER TRIM. 2024', row 6"
2024-07-06,2024-07-12,2024,290.10,272.50,221.60,239.10,132.60,HISTORICO_PRECIOS_COMBUSTIBLES_TERCER_TRIM._2024.xlsx,observed,official_xlsx,verified_official_source,PER.TERCER TRIM. 2024,7,06 AL 12 DE JULIO 2024,verified_against_official_xlsx,"Uploaded MICM XLSX: HISTORICO_PRECIOS_COMBUSTIBLES_TERCER_TRIM._2024.xlsx, worksheet 'PER.TERCER TRIM. 2024', row 7"
2024-07-13,2024-07-19,2024,290.10,272.50,221.60,239.10,132.60,HISTORICO_PRECIOS_COMBUSTIBLES_TERCER_TRIM._2024.xlsx,observed,official_xlsx,verified_official_source,PER.TERCER TRIM. 2024,8,13 AL 19 DE JULIO 2024,verified_against_official_xlsx,"Uploaded MICM XLSX: HISTORICO_PRECIOS_COMBUSTIBLES_TERCER_TRIM._2024.xlsx, worksheet 'PER.TERCER TRIM. 2024', row 8"
2024-07-20,2024-07-26,2024,290.10,272.50,221.60,239.10,132.60,HISTORICO_PRECIOS_COMBUSTIBLES_TERCER_TRIM._2024.xlsx,observed,official_xlsx,verified_official_source,PER.TERCER TRIM. 2024,9,20 AL 26 DE JULIO 2024,verified_against_official_xlsx,"Uploaded MICM XLSX: HISTORICO_PRECIOS_COMBUSTIBLES_TERCER_TRIM._2024.xlsx, worksheet 'PER.TERCER TRIM. 2024', row 9"
2024-07-27,2024-08-02,2024,290.10,272.50,221.60,239.10,132.60,HISTORICO_PRECIOS_COMBUSTIBLES_TERCER_TRIM._2024.xlsx,observed,official_xlsx,verified_official_source,PER.TERCER TRIM. 2024,10,27 JULIO AL 02 AGOSTO 2024,verified_against_official_xlsx,"Uploaded MICM XLSX: HISTORICO_PRECIOS_COMBUSTIBLES_TERCER_TRIM._2024.xlsx, worksheet 'PER.TERCER TRIM. 2024', row 10"
2024-08-03,2024-08-09,2024,290.10,272.50,221.60,239.10,132.60,HISTORICO_PRECIOS_COMBUSTIBLES_TERCER_TRIM._2024.xlsx,observed,official_xlsx,verified_official_source,PER.TERCER TRIM. 2024,11,03 AL 09 DE AGOSTO 2024,verified_against_official_xlsx,"Uploaded MICM XLSX: HISTORICO_PRECIOS_COMBUSTIBLES_TERCER_TRIM._2024.xlsx, worksheet 'PER.TERCER TRIM. 2024', row 11"
2024-08-10,2024-08-16,2024,290.10,272.50,221.60,239.10,132.60,HISTORICO_PRECIOS_COMBUSTIBLES_TERCER_TRIM._2024.xlsx,observed,official_xlsx,verified_official_source,PER.TERCER TRIM. 2024,12,10 AL 16 DE AGOSTO 2024,verified_against_official_xlsx,"Uploaded MICM XLSX: HISTORICO_PRECIOS_COMBUSTIBLES_TERCER_TRIM._2024.xlsx, worksheet 'PER.TERCER TRIM. 2024', row 12"
2024-08-17,2024-08-23,2024,290.10,272.50,221.60,239.10,132.60,HISTORICO_PRECIOS_COMBUSTIBLES_TERCER_TRIM._2024.xlsx,observed,official_xlsx,verified_with_source_note,PER.TERCER TRIM. 2024,13,17 AL 23 AGOSTO DE 2024,canonical_date_retained_with_source_note,"Uploaded MICM XLSX: HISTORICO_PRECIOS_COMBUSTIBLES_TERCER_TRIM._2024.xlsx, worksheet 'PER.TERCER TRIM. 2024', row 13"
2024-08-24,2024-08-30,2024,290.10,272.50,221.60,239.10,132.60,HISTORICO_PRECIOS_COMBUSTIBLES_TERCER_TRIM._2024.xlsx,observed,official_xlsx,verified_with_source_note,PER.TERCER TRIM. 2024,14,24 AGOSTO AL 30 AGO. 2024,canonical_date_retained_with_source_note,"Uploaded MICM XLSX: HISTORICO_PRECIOS_COMBUSTIBLES_TERCER_TRIM._2024.xlsx, worksheet 'PER.TERCER TRIM. 2024', row 14"
2024-08-31,2024-09-06,2024,290.10,272.50,221.60,239.10,132.60,HISTORICO_PRECIOS_COMBUSTIBLES_TERCER_TRIM._2024.xlsx,observed,official_xlsx,verified_official_source,PER.TERCER TRIM. 2024,15,31 AGO. AL 06 DE SEPT. 2024,verified_against_official_xlsx,"Uploaded MICM XLSX: HISTORICO_PRECIOS_COMBUSTIBLES_TERCER_TRIM._2024.xlsx, worksheet 'PER.TERCER TRIM. 2024', row 15"
2024-09-07,2024-09-13,2024,290.10,272.50,221.60,239.10,132.60,HISTORICO_PRECIOS_COMBUSTIBLES_TERCER_TRIM._2024.xlsx,observed,official_xlsx,verified_official_source,PER.TERCER TRIM. 2024,16,07 AL 13 DE SEPTIEMBRE 2024,verified_against_official_xlsx,"Uploaded MICM XLSX: HISTORICO_PRECIOS_COMBUSTIBLES_TERCER_TRIM._2024.xlsx, worksheet 'PER.TERCER TRIM. 2024', row 16"
2024-09-14,2024-09-20,2024,290.10,272.50,221.60,239.10,132.60,HISTORICO_PRECIOS_COMBUSTIBLES_TERCER_TRIM._2024.xlsx,observed,official_xlsx,verified_official_source,PER.TERCER TRIM. 2024,17,14 AL 20 DE SEPTIEMBRE 2024,verified_against_official_xlsx,"Uploaded MICM XLSX: HISTORICO_PRECIOS_COMBUSTIBLES_TERCER_TRIM._2024.xlsx, worksheet 'PER.TERCER TRIM. 2024', row 17"
2024-09-21,2024-09-27,2024,290.10,272.50,221.60,239.10,132.60,HISTORICO_PRECIOS_COMBUSTIBLES_TERCER_TRIM._2024.xlsx,observed,official_xlsx,verified_official_source,PER.TERCER TRIM. 2024,18,21 AL 27 DE SEPTIEMBRE 2024,verified_against_official_xlsx,"Uploaded MICM XLSX: HISTORICO_PRECIOS_COMBUSTIBLES_TERCER_TRIM._2024.xlsx, worksheet 'PER.TERCER TRIM. 2024', row 18"
2024-09-28,2024-10-04,2024,290.10,272.50,221.60,239.10,132.60,HISTORICO_PRECIOS_COMBUSTIBLES_CUARTO_TRIMESTRE_2024_Data_Cruda_1.xlsx,observed,official_xlsx,verified_official_source,4TO. TRIMS. 2024,6,28 SEPT. AL 04 OCT. DE 2024,verified_against_official_xlsx,"Uploaded MICM XLSX: HISTORICO_PRECIOS_COMBUSTIBLES_CUARTO_TRIMESTRE_2024_Data_Cruda_1.xlsx, worksheet '4TO. TRIMS. 2024', row 6"
2024-10-05,2024-10-11,2024,290.10,272.50,221.60,239.10,132.60,HISTORICO_PRECIOS_COMBUSTIBLES_CUARTO_TRIMESTRE_2024_Data_Cruda_1.xlsx,observed,official_xlsx,verified_official_source,4TO. TRIMS. 2024,7,05 AL 11 OCTUBRE DE 2024,verified_against_official_xlsx,"Uploaded MICM XLSX: HISTORICO_PRECIOS_COMBUSTIBLES_CUARTO_TRIMESTRE_2024_Data_Cruda_1.xlsx, worksheet '4TO. TRIMS. 2024', row 7"
2024-10-12,2024-10-18,2024,290.10,272.50,221.60,239.10,132.60,HISTORICO_PRECIOS_COMBUSTIBLES_CUARTO_TRIMESTRE_2024_Data_Cruda_1.xlsx,observed,official_xlsx,verified_official_source,4TO. TRIMS. 2024,8,12 AL 18 OCTUBRE DE 2024,verified_against_official_xlsx,"Uploaded MICM XLSX: HISTORICO_PRECIOS_COMBUSTIBLES_CUARTO_TRIMESTRE_2024_Data_Cruda_1.xlsx, worksheet '4TO. TRIMS. 2024', row 8"
2024-10-19,2024-10-25,2024,290.10,272.50,221.60,239.10,132.60,HISTORICO_PRECIOS_COMBUSTIBLES_CUARTO_TRIMESTRE_2024_Data_Cruda_1.xlsx,observed,official_xlsx,verified_official_source,4TO. TRIMS. 2024,9,19 AL 25 DE OCTUBRE DE 2024,verified_against_official_xlsx,"Uploaded MICM XLSX: HISTORICO_PRECIOS_COMBUSTIBLES_CUARTO_TRIMESTRE_2024_Data_Cruda_1.xlsx, worksheet '4TO. TRIMS. 2024', row 9"
2024-10-26,2024-11-01,2024,290.10,272.50,221.60,239.10,132.60,HISTORICO_PRECIOS_COMBUSTIBLES_CUARTO_TRIMESTRE_2024_Data_Cruda_1.xlsx,observed,official_xlsx,verified_with_source_note,4TO. TRIMS. 2024,10,26  OCT. AL 01 DE NOV. 2024,canonical_date_retained_with_source_note,"Uploaded MICM XLSX: HISTORICO_PRECIOS_COMBUSTIBLES_CUARTO_TRIMESTRE_2024_Data_Cruda_1.xlsx, worksheet '4TO. TRIMS. 2024', row 10"
2024-11-02,2024-11-08,2024,290.10,272.50,221.60,239.10,132.60,HISTORICO_PRECIOS_COMBUSTIBLES_CUARTO_TRIMESTRE_2024_Data_Cruda_1.xlsx,observed,official_xlsx,verified_official_source,4TO. TRIMS. 2024,11,02 AL 08 DE NOVIEMBRE 2024,verified_against_official_xlsx,"Uploaded MICM XLSX: HISTORICO_PRECIOS_COMBUSTIBLES_CUARTO_TRIMESTRE_2024_Data_Cruda_1.xlsx, worksheet '4TO. TRIMS. 2024', row 11"
2024-11-09,2024-11-15,2024,290.10,272.50,221.60,239.10,132.60,HISTORICO_PRECIOS_COMBUSTIBLES_CUARTO_TRIMESTRE_2024_Data_Cruda_1.xlsx,observed,official_xlsx,verified_official_source,4TO. TRIMS. 2024,12,09 AL 15 DE NOVIEMBRE 2024,verified_against_official_xlsx,"Uploaded MICM XLSX: HISTORICO_PRECIOS_COMBUSTIBLES_CUARTO_TRIMESTRE_2024_Data_Cruda_1.xlsx, worksheet '4TO. TRIMS. 2024', row 12"
2024-11-16,2024-11-22,2024,290.10,272.50,221.60,239.10,132.60,HISTORICO_PRECIOS_COMBUSTIBLES_CUARTO_TRIMESTRE_2024_Data_Cruda_1.xlsx,observed,official_xlsx,verified_official_source,4TO. TRIMS. 2024,13,16 AL 22 DE NOVIEMBRE 2024,verified_against_official_xlsx,"Uploaded MICM XLSX: HISTORICO_PRECIOS_COMBUSTIBLES_CUARTO_TRIMESTRE_2024_Data_Cruda_1.xlsx, worksheet '4TO. TRIMS. 2024', row 13"
2024-11-23,2024-11-29,2024,290.10,272.50,221.60,239.10,132.60,HISTORICO_PRECIOS_COMBUSTIBLES_CUARTO_TRIMESTRE_2024_Data_Cruda_1.xlsx,observed,official_xlsx,verified_with_source_note,4TO. TRIMS. 2024,14,23 NOV. AL 29 NOV. DE 2024,canonical_date_retained_with_source_note,"Uploaded MICM XLSX: HISTORICO_PRECIOS_COMBUSTIBLES_CUARTO_TRIMESTRE_2024_Data_Cruda_1.xlsx, worksheet '4TO. TRIMS. 2024', row 14"
2024-11-30,2024-12-06,2024,290.10,272.50,221.60,239.10,132.60,HISTORICO_PRECIOS_COMBUSTIBLES_CUARTO_TRIMESTRE_2024_Data_Cruda_1.xlsx,observed,official_xlsx,verified_official_source,4TO. TRIMS. 2024,15,30 NOV. AL 06 DIC. 2024,verified_against_official_xlsx,"Uploaded MICM XLSX: HISTORICO_PRECIOS_COMBUSTIBLES_CUARTO_TRIMESTRE_2024_Data_Cruda_1.xlsx, worksheet '4TO. TRIMS. 2024', row 15"
2024-12-07,2024-12-13,2024,290.10,272.50,221.60,239.10,132.60,HISTORICO_PRECIOS_COMBUSTIBLES_CUARTO_TRIMESTRE_2024_Data_Cruda_1.xlsx,observed,official_xlsx,verified_official_source,4TO. TRIMS. 2024,16,07 AL 13 DIC. DE 2024,verified_against_official_xlsx,"Uploaded MICM XLSX: HISTORICO_PRECIOS_COMBUSTIBLES_CUARTO_TRIMESTRE_2024_Data_Cruda_1.xlsx, worksheet '4TO. TRIMS. 2024', row 16"
2024-12-14,2024-12-20,2024,290.10,272.50,221.60,239.10,132.60,HISTORICO_PRECIOS_COMBUSTIBLES_CUARTO_TRIMESTRE_2024_Data_Cruda_1.xlsx,observed,official_xlsx,verified_official_source,4TO. TRIMS. 2024,17,14 AL 20 DIC. DE 2024,verified_against_official_xlsx,"Uploaded MICM XLSX: HISTORICO_PRECIOS_COMBUSTIBLES_CUARTO_TRIMESTRE_2024_Data_Cruda_1.xlsx, worksheet '4TO. TRIMS. 2024', row 17"
2024-12-21,2024-12-27,2024,290.10,272.50,221.60,239.10,132.60,HISTORICO_PRECIOS_COMBUSTIBLES_CUARTO_TRIMESTRE_2024_Data_Cruda_1.xlsx,observed,official_xlsx,verified_official_source,4TO. TRIMS. 2024,18,21 AL 27 DIC. DE 2024,verified_against_official_xlsx,"Uploaded MICM XLSX: HISTORICO_PRECIOS_COMBUSTIBLES_CUARTO_TRIMESTRE_2024_Data_Cruda_1.xlsx, worksheet '4TO. TRIMS. 2024', row 18"
2024-12-28,2025-01-03,2024,290.10,272.50,221.60,239.10,132.60,HISTORICO_PRECIOS_COMBUSTIBLES_CUARTO_TRIMESTRE_2024_Data_Cruda_1.xlsx,observed,official_xlsx,verified_official_source,4TO. TRIMS. 2024,19,28 DIC. AL 03 ENE. DE 2025,verified_against_official_xlsx,"Uploaded MICM XLSX: HISTORICO_PRECIOS_COMBUSTIBLES_CUARTO_TRIMESTRE_2024_Data_Cruda_1.xlsx, worksheet '4TO. TRIMS. 2024', row 19"
2025-01-04,2025-01-10,2025,290.10,272.50,221.60,239.10,132.60,HISTORICO_PRECIOS_COMBUSTIBLES_PRIMER_TRIM._2025.xlsx,observed,official_xlsx,verified_official_source,PRIMER TRIMESTRE 2025,5,04 - 10 DE ENERO DE 2025,verified_against_official_xlsx,"Uploaded MICM XLSX: HISTORICO_PRECIOS_COMBUSTIBLES_PRIMER_TRIM._2025.xlsx, worksheet 'PRIMER TRIMESTRE 2025', row 5"
2025-01-11,2025-01-17,2025,290.10,272.50,221.60,239.10,132.60,HISTORICO_PRECIOS_COMBUSTIBLES_PRIMER_TRIM._2025.xlsx,observed,official_xlsx,verified_official_source,PRIMER TRIMESTRE 2025,6,11 - 17 DE ENERO DE 2025,verified_against_official_xlsx,"Uploaded MICM XLSX: HISTORICO_PRECIOS_COMBUSTIBLES_PRIMER_TRIM._2025.xlsx, worksheet 'PRIMER TRIMESTRE 2025', row 6"
2025-01-18,2025-01-24,2025,290.10,272.50,221.60,239.10,132.60,HISTORICO_PRECIOS_COMBUSTIBLES_PRIMER_TRIM._2025.xlsx,observed,official_xlsx,verified_official_source,PRIMER TRIMESTRE 2025,7,18 - 24 DE ENERO DE 2025,verified_against_official_xlsx,"Uploaded MICM XLSX: HISTORICO_PRECIOS_COMBUSTIBLES_PRIMER_TRIM._2025.xlsx, worksheet 'PRIMER TRIMESTRE 2025', row 7"
2025-01-25,2025-01-31,2025,290.10,272.50,221.60,239.10,132.60,HISTORICO_PRECIOS_COMBUSTIBLES_PRIMER_TRIM._2025.xlsx,observed,official_xlsx,verified_official_source,PRIMER TRIMESTRE 2025,8,25 - 31 DE ENERO DE 2025,verified_against_official_xlsx,"Uploaded MICM XLSX: HISTORICO_PRECIOS_COMBUSTIBLES_PRIMER_TRIM._2025.xlsx, worksheet 'PRIMER TRIMESTRE 2025', row 8"
2025-02-01,2025-02-07,2025,290.10,272.50,221.60,239.10,132.60,HISTORICO_PRECIOS_COMBUSTIBLES_PRIMER_TRIM._2025.xlsx,observed,official_xlsx,verified_official_source,PRIMER TRIMESTRE 2025,9,01 - 07 DE FEBRERO DE 2025,verified_against_official_xlsx,"Uploaded MICM XLSX: HISTORICO_PRECIOS_COMBUSTIBLES_PRIMER_TRIM._2025.xlsx, worksheet 'PRIMER TRIMESTRE 2025', row 9"
2025-02-08,2025-02-14,2025,290.10,272.50,221.60,239.10,132.60,HISTORICO_PRECIOS_COMBUSTIBLES_PRIMER_TRIM._2025.xlsx,observed,official_xlsx,verified_official_source,PRIMER TRIMESTRE 2025,10,08 - 14 DE FEBRERO DE 2025,verified_against_official_xlsx,"Uploaded MICM XLSX: HISTORICO_PRECIOS_COMBUSTIBLES_PRIMER_TRIM._2025.xlsx, worksheet 'PRIMER TRIMESTRE 2025', row 10"
2025-02-15,2025-02-21,2025,290.10,272.50,221.60,239.10,132.60,HISTORICO_PRECIOS_COMBUSTIBLES_PRIMER_TRIM._2025.xlsx,observed,official_xlsx,verified_official_source,PRIMER TRIMESTRE 2025,11,15 - 21 DE FEBRERO DE 2025,verified_against_official_xlsx,"Uploaded MICM XLSX: HISTORICO_PRECIOS_COMBUSTIBLES_PRIMER_TRIM._2025.xlsx, worksheet 'PRIMER TRIMESTRE 2025', row 11"
2025-02-22,2025-02-28,2025,290.10,272.50,221.60,239.10,132.60,HISTORICO_PRECIOS_COMBUSTIBLES_PRIMER_TRIM._2025.xlsx,observed,official_xlsx,verified_official_source,PRIMER TRIMESTRE 2025,12,22 - 28 DE FEBRERO DE 2025,verified_against_official_xlsx,"Uploaded MICM XLSX: HISTORICO_PRECIOS_COMBUSTIBLES_PRIMER_TRIM._2025.xlsx, worksheet 'PRIMER TRIMESTRE 2025', row 12"
2025-03-01,2025-03-07,2025,290.10,272.50,221.60,239.10,132.60,HISTORICO_PRECIOS_COMBUSTIBLES_PRIMER_TRIM._2025.xlsx,observed,official_xlsx,verified_official_source,PRIMER TRIMESTRE 2025,13,01 - 07 MARZO DE 2025,verified_against_official_xlsx,"Uploaded MICM XLSX: HISTORICO_PRECIOS_COMBUSTIBLES_PRIMER_TRIM._2025.xlsx, worksheet 'PRIMER TRIMESTRE 2025', row 13"
2025-03-08,2025-03-14,2025,290.10,272.50,221.60,239.10,132.60,HISTORICO_PRECIOS_COMBUSTIBLES_PRIMER_TRIM._2025.xlsx,observed,official_xlsx,verified_official_source,PRIMER TRIMESTRE 2025,14,08 - 14 DE MARZO DE 2025,verified_against_official_xlsx,"Uploaded MICM XLSX: HISTORICO_PRECIOS_COMBUSTIBLES_PRIMER_TRIM._2025.xlsx, worksheet 'PRIMER TRIMESTRE 2025', row 14"
2025-03-15,2025-03-21,2025,290.10,272.50,221.60,239.10,132.60,HISTORICO_PRECIOS_COMBUSTIBLES_PRIMER_TRIM._2025.xlsx,observed,official_xlsx,verified_official_source,PRIMER TRIMESTRE 2025,15,15 - 21 DE MARZO DE 2025,verified_against_official_xlsx,"Uploaded MICM XLSX: HISTORICO_PRECIOS_COMBUSTIBLES_PRIMER_TRIM._2025.xlsx, worksheet 'PRIMER TRIMESTRE 2025', row 15"
2025-03-22,2025-03-28,2025,290.10,272.50,221.60,239.10,132.60,HISTORICO_PRECIOS_COMBUSTIBLES_PRIMER_TRIM._2025.xlsx,observed,official_xlsx,verified_official_source,PRIMER TRIMESTRE 2025,16,22 - 28 DE MARZO DE 2025,verified_against_official_xlsx,"Uploaded MICM XLSX: HISTORICO_PRECIOS_COMBUSTIBLES_PRIMER_TRIM._2025.xlsx, worksheet 'PRIMER TRIMESTRE 2025', row 16"
2025-03-29,2025-04-04,2025,290.10,272.50,221.60,239.10,132.60,HISTORICO_PRECIOS_COMBUSTIBLES_SEGUNDO_TRIMESTRE_2025_Data_Cruda_1.xlsx,observed,official_xlsx,verified_official_source,2DO. TRIMS. 2025,6,29 DE MARZO AL 04 ABRIL DE 2025,verified_against_official_xlsx,"Uploaded MICM XLSX: HISTORICO_PRECIOS_COMBUSTIBLES_SEGUNDO_TRIMESTRE_2025_Data_Cruda_1.xlsx, worksheet '2DO. TRIMS. 2025', row 6"
2025-04-05,2025-04-11,2025,290.10,272.50,221.60,239.10,132.60,HISTORICO_PRECIOS_COMBUSTIBLES_SEGUNDO_TRIMESTRE_2025_Data_Cruda_1.xlsx,observed,official_xlsx,verified_official_source,2DO. TRIMS. 2025,7,05 - 11 DE ABRIL DE 2025,verified_against_official_xlsx,"Uploaded MICM XLSX: HISTORICO_PRECIOS_COMBUSTIBLES_SEGUNDO_TRIMESTRE_2025_Data_Cruda_1.xlsx, worksheet '2DO. TRIMS. 2025', row 7"
2025-04-12,2025-04-18,2025,290.10,272.50,221.60,239.10,132.60,HISTORICO_PRECIOS_COMBUSTIBLES_SEGUNDO_TRIMESTRE_2025_Data_Cruda_1.xlsx,observed,official_xlsx,verified_official_source,2DO. TRIMS. 2025,8,12 - 18 DE ABRIL DE 2025,verified_against_official_xlsx,"Uploaded MICM XLSX: HISTORICO_PRECIOS_COMBUSTIBLES_SEGUNDO_TRIMESTRE_2025_Data_Cruda_1.xlsx, worksheet '2DO. TRIMS. 2025', row 8"
2025-04-19,2025-04-25,2025,290.10,272.50,221.60,239.10,132.60,HISTORICO_PRECIOS_COMBUSTIBLES_SEGUNDO_TRIMESTRE_2025_Data_Cruda_1.xlsx,observed,official_xlsx,verified_official_source,2DO. TRIMS. 2025,9,19 - 25 DE ABRIL DE 2025,verified_against_official_xlsx,"Uploaded MICM XLSX: HISTORICO_PRECIOS_COMBUSTIBLES_SEGUNDO_TRIMESTRE_2025_Data_Cruda_1.xlsx, worksheet '2DO. TRIMS. 2025', row 9"
2025-04-26,2025-05-02,2025,290.10,272.50,221.60,239.10,132.60,HISTORICO_PRECIOS_COMBUSTIBLES_SEGUNDO_TRIMESTRE_2025_Data_Cruda_1.xlsx,observed,official_xlsx,verified_official_source,2DO. TRIMS. 2025,10,26 ABR. - 02 DE MAY. DE 2025,verified_against_official_xlsx,"Uploaded MICM XLSX: HISTORICO_PRECIOS_COMBUSTIBLES_SEGUNDO_TRIMESTRE_2025_Data_Cruda_1.xlsx, worksheet '2DO. TRIMS. 2025', row 10"
2025-05-03,2025-05-09,2025,290.10,272.50,221.60,239.10,132.60,HISTORICO_PRECIOS_COMBUSTIBLES_SEGUNDO_TRIMESTRE_2025_Data_Cruda_1.xlsx,observed,official_xlsx,verified_official_source,2DO. TRIMS. 2025,11,03 - 09 MAYO DE 2025,verified_against_official_xlsx,"Uploaded MICM XLSX: HISTORICO_PRECIOS_COMBUSTIBLES_SEGUNDO_TRIMESTRE_2025_Data_Cruda_1.xlsx, worksheet '2DO. TRIMS. 2025', row 11"
2025-05-10,2025-05-16,2025,290.10,272.50,221.60,239.10,132.60,HISTORICO_PRECIOS_COMBUSTIBLES_SEGUNDO_TRIMESTRE_2025_Data_Cruda_1.xlsx,observed,official_xlsx,verified_official_source,2DO. TRIMS. 2025,12,10 - 16 MAYO DE 2025,verified_against_official_xlsx,"Uploaded MICM XLSX: HISTORICO_PRECIOS_COMBUSTIBLES_SEGUNDO_TRIMESTRE_2025_Data_Cruda_1.xlsx, worksheet '2DO. TRIMS. 2025', row 12"
2025-05-17,2025-05-23,2025,290.10,272.50,221.60,239.10,132.60,HISTORICO_PRECIOS_COMBUSTIBLES_SEGUNDO_TRIMESTRE_2025_Data_Cruda_1.xlsx,observed,official_xlsx,verified_official_source,2DO. TRIMS. 2025,13,17 - 23 MAYO DE 2025,verified_against_official_xlsx,"Uploaded MICM XLSX: HISTORICO_PRECIOS_COMBUSTIBLES_SEGUNDO_TRIMESTRE_2025_Data_Cruda_1.xlsx, worksheet '2DO. TRIMS. 2025', row 13"
2025-05-24,2025-05-30,2025,290.10,272.50,221.60,239.10,132.60,HISTORICO_PRECIOS_COMBUSTIBLES_SEGUNDO_TRIMESTRE_2025_Data_Cruda_1.xlsx,observed,official_xlsx,verified_official_source,2DO. TRIMS. 2025,14,24 - 30 MAYO DE 2025,verified_against_official_xlsx,"Uploaded MICM XLSX: HISTORICO_PRECIOS_COMBUSTIBLES_SEGUNDO_TRIMESTRE_2025_Data_Cruda_1.xlsx, worksheet '2DO. TRIMS. 2025', row 14"
2025-05-31,2025-06-06,2025,290.10,272.50,221.60,239.10,132.60,HISTORICO_PRECIOS_COMBUSTIBLES_SEGUNDO_TRIMESTRE_2025_Data_Cruda_1.xlsx,observed,official_xlsx,verified_official_source,2DO. TRIMS. 2025,15,31 MAYO - 06 JUNIO 2025,verified_against_official_xlsx,"Uploaded MICM XLSX: HISTORICO_PRECIOS_COMBUSTIBLES_SEGUNDO_TRIMESTRE_2025_Data_Cruda_1.xlsx, worksheet '2DO. TRIMS. 2025', row 15"
2025-06-07,2025-06-13,2025,290.10,272.50,221.60,239.10,132.60,HISTORICO_PRECIOS_COMBUSTIBLES_SEGUNDO_TRIMESTRE_2025_Data_Cruda_1.xlsx,observed,official_xlsx,verified_official_source,2DO. TRIMS. 2025,16,07 - 13 DE JUNIO 2025,verified_against_official_xlsx,"Uploaded MICM XLSX: HISTORICO_PRECIOS_COMBUSTIBLES_SEGUNDO_TRIMESTRE_2025_Data_Cruda_1.xlsx, worksheet '2DO. TRIMS. 2025', row 16"
2025-06-14,2025-06-20,2025,290.10,272.50,221.60,239.10,132.60,HISTORICO_PRECIOS_COMBUSTIBLES_SEGUNDO_TRIMESTRE_2025_Data_Cruda_1.xlsx,observed,official_xlsx,verified_official_source,2DO. TRIMS. 2025,17,14 - 20 DE JUNIO 2025,verified_against_official_xlsx,"Uploaded MICM XLSX: HISTORICO_PRECIOS_COMBUSTIBLES_SEGUNDO_TRIMESTRE_2025_Data_Cruda_1.xlsx, worksheet '2DO. TRIMS. 2025', row 17"
2025-06-21,2025-06-27,2025,290.10,272.50,221.60,239.10,132.60,HISTORICO_PRECIOS_COMBUSTIBLES_SEGUNDO_TRIMESTRE_2025_Data_Cruda_1.xlsx,observed,official_xlsx,verified_official_source,2DO. TRIMS. 2025,18,21 - 27 DE JUNIO 2025,verified_against_official_xlsx,"Uploaded MICM XLSX: HISTORICO_PRECIOS_COMBUSTIBLES_SEGUNDO_TRIMESTRE_2025_Data_Cruda_1.xlsx, worksheet '2DO. TRIMS. 2025', row 18"
2025-06-28,2025-07-04,2025,,,,,,,missing_week,absent_from_2025_q2_and_q3_sources,missing_prices,,,No row supplied: Q2 ends 2025-06-27 and Q3 begins 2025-07-05,retain_missing_week_no_interpolation,Uploaded MICM XLSX files: HISTORICO_PRECIOS_COMBUSTIBLES_SEGUNDO_TRIMESTRE_2025_Data_Cruda_1.xlsx and HISTORICO_PRECIOS_COMBUSTIBLES_TERCER_TRIMESTRE_2025_Data_Cruda_1.xlsx
2025-07-05,2025-07-11,2025,290.10,272.50,224.80,242.10,137.20,HISTORICO_PRECIOS_COMBUSTIBLES_TERCER_TRIMESTRE_2025_Data_Cruda_1.xlsx,observed,official_xlsx,verified_official_source,3ER. TRIMS. 2025,6,05 - 11 DE JULIO DE 2025,verified_against_official_xlsx,"Uploaded MICM XLSX: HISTORICO_PRECIOS_COMBUSTIBLES_TERCER_TRIMESTRE_2025_Data_Cruda_1.xlsx, worksheet '3ER. TRIMS. 2025', row 6"
2025-07-12,2025-07-18,2025,290.10,272.50,224.80,242.10,137.20,HISTORICO_PRECIOS_COMBUSTIBLES_TERCER_TRIMESTRE_2025_Data_Cruda_1.xlsx,observed,official_xlsx,verified_official_source,3ER. TRIMS. 2025,7,12 - 18 DE JULIO DE 2025,verified_against_official_xlsx,"Uploaded MICM XLSX: HISTORICO_PRECIOS_COMBUSTIBLES_TERCER_TRIMESTRE_2025_Data_Cruda_1.xlsx, worksheet '3ER. TRIMS. 2025', row 7"
2025-07-19,2025-07-25,2025,290.10,272.50,224.80,242.10,137.20,HISTORICO_PRECIOS_COMBUSTIBLES_TERCER_TRIMESTRE_2025_Data_Cruda_1.xlsx,observed,official_xlsx,verified_official_source,3ER. TRIMS. 2025,8,19 - 25 DE JULIO DE 2025,verified_against_official_xlsx,"Uploaded MICM XLSX: HISTORICO_PRECIOS_COMBUSTIBLES_TERCER_TRIMESTRE_2025_Data_Cruda_1.xlsx, worksheet '3ER. TRIMS. 2025', row 8"
2025-07-26,2025-08-01,2025,290.10,272.50,224.80,242.10,137.20,HISTORICO_PRECIOS_COMBUSTIBLES_TERCER_TRIMESTRE_2025_Data_Cruda_1.xlsx,observed,official_xlsx,verified_official_source,3ER. TRIMS. 2025,9,26 JUL - 01 AGO. DE 2025,verified_against_official_xlsx,"Uploaded MICM XLSX: HISTORICO_PRECIOS_COMBUSTIBLES_TERCER_TRIMESTRE_2025_Data_Cruda_1.xlsx, worksheet '3ER. TRIMS. 2025', row 9"
2025-08-02,2025-08-08,2025,290.10,272.50,224.80,242.10,137.20,HISTORICO_PRECIOS_COMBUSTIBLES_TERCER_TRIMESTRE_2025_Data_Cruda_1.xlsx,observed,official_xlsx,verified_official_source,3ER. TRIMS. 2025,10,02 - 08 DE AGOSTO DE 2025,verified_against_official_xlsx,"Uploaded MICM XLSX: HISTORICO_PRECIOS_COMBUSTIBLES_TERCER_TRIMESTRE_2025_Data_Cruda_1.xlsx, worksheet '3ER. TRIMS. 2025', row 10"
2025-08-09,2025-08-15,2025,290.10,272.50,224.80,242.10,137.20,HISTORICO_PRECIOS_COMBUSTIBLES_TERCER_TRIMESTRE_2025_Data_Cruda_1.xlsx,observed,official_xlsx,verified_official_source,3ER. TRIMS. 2025,11,09 - 15 DE AGOSTO DE 2025,verified_against_official_xlsx,"Uploaded MICM XLSX: HISTORICO_PRECIOS_COMBUSTIBLES_TERCER_TRIMESTRE_2025_Data_Cruda_1.xlsx, worksheet '3ER. TRIMS. 2025', row 11"
2025-08-16,2025-08-22,2025,290.10,272.50,224.80,242.10,137.20,HISTORICO_PRECIOS_COMBUSTIBLES_TERCER_TRIMESTRE_2025_Data_Cruda_1.xlsx,observed,official_xlsx,verified_official_source,3ER. TRIMS. 2025,12,16 - 22 DE AGOSTO DE 2025,verified_against_official_xlsx,"Uploaded MICM XLSX: HISTORICO_PRECIOS_COMBUSTIBLES_TERCER_TRIMESTRE_2025_Data_Cruda_1.xlsx, worksheet '3ER. TRIMS. 2025', row 12"
2025-08-23,2025-08-29,2025,290.10,272.50,224.80,242.10,137.20,HISTORICO_PRECIOS_COMBUSTIBLES_TERCER_TRIMESTRE_2025_Data_Cruda_1.xlsx,observed,official_xlsx,verified_official_source,3ER. TRIMS. 2025,13,23 - 29 DE AGOSTO DE 2025,verified_against_official_xlsx,"Uploaded MICM XLSX: HISTORICO_PRECIOS_COMBUSTIBLES_TERCER_TRIMESTRE_2025_Data_Cruda_1.xlsx, worksheet '3ER. TRIMS. 2025', row 13"
2025-08-30,2025-09-05,2025,290.10,272.50,224.80,242.10,137.20,HISTORICO_PRECIOS_COMBUSTIBLES_TERCER_TRIMESTRE_2025_Data_Cruda_1.xlsx,observed,official_xlsx,verified_official_source,3ER. TRIMS. 2025,14,30 AGO. - 05 DE SEPT. 2025,verified_against_official_xlsx,"Uploaded MICM XLSX: HISTORICO_PRECIOS_COMBUSTIBLES_TERCER_TRIMESTRE_2025_Data_Cruda_1.xlsx, worksheet '3ER. TRIMS. 2025', row 14"
2025-09-06,2025-09-12,2025,290.10,272.50,224.80,242.10,137.20,HISTORICO_PRECIOS_COMBUSTIBLES_TERCER_TRIMESTRE_2025_Data_Cruda_1.xlsx,observed,official_xlsx,verified_official_source,3ER. TRIMS. 2025,15,06 - 12 DE SEPT. DE 2025,verified_against_official_xlsx,"Uploaded MICM XLSX: HISTORICO_PRECIOS_COMBUSTIBLES_TERCER_TRIMESTRE_2025_Data_Cruda_1.xlsx, worksheet '3ER. TRIMS. 2025', row 15"
2025-09-13,2025-09-19,2025,290.10,272.50,224.80,242.10,137.20,HISTORICO_PRECIOS_COMBUSTIBLES_TERCER_TRIMESTRE_2025_Data_Cruda_1.xlsx,observed,official_xlsx,verified_official_source,3ER. TRIMS. 2025,17,13 - 19 DE SEPT. DE 2025,verified_against_official_xlsx,"Uploaded MICM XLSX: HISTORICO_PRECIOS_COMBUSTIBLES_TERCER_TRIMESTRE_2025_Data_Cruda_1.xlsx, worksheet '3ER. TRIMS. 2025', row 17"
2025-09-20,2025-09-26,2025,290.10,272.50,224.80,242.10,137.20,HISTORICO_PRECIOS_COMBUSTIBLES_TERCER_TRIMESTRE_2025_Data_Cruda_1.xlsx,observed,official_xlsx,verified_official_source,3ER. TRIMS. 2025,18,20 - 26 DE SEPT. DE 2025,verified_against_official_xlsx,"Uploaded MICM XLSX: HISTORICO_PRECIOS_COMBUSTIBLES_TERCER_TRIMESTRE_2025_Data_Cruda_1.xlsx, worksheet '3ER. TRIMS. 2025', row 18"
2025-09-27,2025-10-03,2025,290.10,272.50,224.80,242.10,137.20,HISTORICO_PRECIOS_COMBUSTIBLES_TERCER_TRIMESTRE_2025_Data_Cruda_1.xlsx,observed,official_xlsx,verified_official_source,3ER. TRIMS. 2025,19,27 SEPT.- 03 OCT. DE 2025,verified_against_official_xlsx,"Uploaded MICM XLSX: HISTORICO_PRECIOS_COMBUSTIBLES_TERCER_TRIMESTRE_2025_Data_Cruda_1.xlsx, worksheet '3ER. TRIMS. 2025', row 19"
2025-10-04,2025-10-10,2025,290.10,272.50,224.80,242.00,137.00,HISTORICO_PRECIOS_COMBUSTIBLES_CUARTO_TRIMESTRE_2025_Data_Cruda_1 (2).xlsx,observed,official_xlsx,verified_official_source,3ER. TRIMS. 2025,6,04 - 10 DE OCTUBRE DE 2025,verified_against_official_xlsx,"Uploaded MICM XLSX: HISTORICO_PRECIOS_COMBUSTIBLES_CUARTO_TRIMESTRE_2025_Data_Cruda_1 (2).xlsx, worksheet '3ER. TRIMS. 2025', row 6"
2025-10-11,2025-10-17,2025,290.00,272.00,224.00,242.00,137.00,HISTORICO_PRECIOS_COMBUSTIBLES_CUARTO_TRIMESTRE_2025_Data_Cruda_1 (2).xlsx,observed,official_xlsx,verified_official_source,3ER. TRIMS. 2025,7,11 - 17 DE OCTUBRE DE 2025,verified_against_official_xlsx,"Uploaded MICM XLSX: HISTORICO_PRECIOS_COMBUSTIBLES_CUARTO_TRIMESTRE_2025_Data_Cruda_1 (2).xlsx, worksheet '3ER. TRIMS. 2025', row 7"
2025-10-18,2025-10-24,2025,290.00,272.00,224.00,242.00,137.00,HISTORICO_PRECIOS_COMBUSTIBLES_CUARTO_TRIMESTRE_2025_Data_Cruda_1 (2).xlsx,observed,official_xlsx,verified_official_source,3ER. TRIMS. 2025,8,18 - 24 DE OCTUBRE DE 2025,verified_against_official_xlsx,"Uploaded MICM XLSX: HISTORICO_PRECIOS_COMBUSTIBLES_CUARTO_TRIMESTRE_2025_Data_Cruda_1 (2).xlsx, worksheet '3ER. TRIMS. 2025', row 8"
2025-10-25,2025-10-31,2025,290.00,272.00,224.00,242.00,137.00,HISTORICO_PRECIOS_COMBUSTIBLES_CUARTO_TRIMESTRE_2025_Data_Cruda_1 (2).xlsx,observed,official_xlsx,verified_official_source,3ER. TRIMS. 2025,9,25 - 31 DE OCTUBRE DE 2025,verified_against_official_xlsx,"Uploaded MICM XLSX: HISTORICO_PRECIOS_COMBUSTIBLES_CUARTO_TRIMESTRE_2025_Data_Cruda_1 (2).xlsx, worksheet '3ER. TRIMS. 2025', row 9"
2025-11-01,2025-11-07,2025,290.00,272.00,224.00,242.00,137.00,HISTORICO_PRECIOS_COMBUSTIBLES_CUARTO_TRIMESTRE_2025_Data_Cruda_1 (2).xlsx,observed,official_xlsx,verified_official_source,3ER. TRIMS. 2025,10,01 - 07 DE NOVIEMBRE DE 2025,verified_against_official_xlsx,"Uploaded MICM XLSX: HISTORICO_PRECIOS_COMBUSTIBLES_CUARTO_TRIMESTRE_2025_Data_Cruda_1 (2).xlsx, worksheet '3ER. TRIMS. 2025', row 10"
2025-11-08,2025-11-14,2025,290.00,272.00,224.00,242.00,137.00,HISTORICO_PRECIOS_COMBUSTIBLES_CUARTO_TRIMESTRE_2025_Data_Cruda_1 (2).xlsx,observed,official_xlsx,verified_official_source,3ER. TRIMS. 2025,11,08 - 14 DE NOVIEMBRE DE 2025,verified_against_official_xlsx,"Uploaded MICM XLSX: HISTORICO_PRECIOS_COMBUSTIBLES_CUARTO_TRIMESTRE_2025_Data_Cruda_1 (2).xlsx, worksheet '3ER. TRIMS. 2025', row 11"
2025-11-15,2025-11-21,2025,290.10,272.50,224.80,242.00,137.00,HISTORICO_PRECIOS_COMBUSTIBLES_CUARTO_TRIMESTRE_2025_Data_Cruda_1 (2).xlsx,observed,official_xlsx,verified_official_source,3ER. TRIMS. 2025,12,15 - 21 DE NOVIEMBRE DE 2025,verified_against_official_xlsx,"Uploaded MICM XLSX: HISTORICO_PRECIOS_COMBUSTIBLES_CUARTO_TRIMESTRE_2025_Data_Cruda_1 (2).xlsx, worksheet '3ER. TRIMS. 2025', row 12"
2025-11-22,2025-11-28,2025,290.00,272.00,224.00,242.00,137.00,HISTORICO_PRECIOS_COMBUSTIBLES_CUARTO_TRIMESTRE_2025_Data_Cruda_1 (2).xlsx,observed,official_xlsx,verified_official_source,3ER. TRIMS. 2025,13,22 - 28 DE NOVIEMBRE DE 2025,verified_against_official_xlsx,"Uploaded MICM XLSX: HISTORICO_PRECIOS_COMBUSTIBLES_CUARTO_TRIMESTRE_2025_Data_Cruda_1 (2).xlsx, worksheet '3ER. TRIMS. 2025', row 13"
2025-11-29,2025-12-05,2025,290.00,272.00,224.00,242.00,137.00,HISTORICO_PRECIOS_COMBUSTIBLES_CUARTO_TRIMESTRE_2025_Data_Cruda_1 (2).xlsx,observed,official_xlsx,verified_with_period_note,3ER. TRIMS. 2025,14,29 - 05 DE DICIEMBRE DE 2025,canonical_date_retained_over_source_period_error,"Uploaded MICM XLSX: HISTORICO_PRECIOS_COMBUSTIBLES_CUARTO_TRIMESTRE_2025_Data_Cruda_1 (2).xlsx, worksheet '3ER. TRIMS. 2025', row 14"
2025-12-06,2025-12-12,2025,290.10,272.00,224.00,242.00,137.20,HISTORICO_PRECIOS_COMBUSTIBLES_CUARTO_TRIMESTRE_2025_Data_Cruda_1 (2).xlsx,observed,official_xlsx,verified_official_source,3ER. TRIMS. 2025,15,06 - 12 DE DICIEMBRE DE 2025,verified_against_official_xlsx,"Uploaded MICM XLSX: HISTORICO_PRECIOS_COMBUSTIBLES_CUARTO_TRIMESTRE_2025_Data_Cruda_1 (2).xlsx, worksheet '3ER. TRIMS. 2025', row 15"
2025-12-13,2025-12-19,2025,290.00,272.00,224.00,242.00,137.20,HISTORICO_PRECIOS_COMBUSTIBLES_CUARTO_TRIMESTRE_2025_Data_Cruda_1 (2).xlsx,observed,official_xlsx,verified_official_source,3ER. TRIMS. 2025,16,13 - 19 DE DICIEMBRE DE 2025,verified_against_official_xlsx,"Uploaded MICM XLSX: HISTORICO_PRECIOS_COMBUSTIBLES_CUARTO_TRIMESTRE_2025_Data_Cruda_1 (2).xlsx, worksheet '3ER. TRIMS. 2025', row 16"
2025-12-20,2025-12-26,2025,290.10,272.50,224.00,242.00,137.20,HISTORICO_PRECIOS_COMBUSTIBLES_CUARTO_TRIMESTRE_2025_Data_Cruda_1 (2).xlsx,observed,official_xlsx,verified_official_source,3ER. TRIMS. 2025,17,20 - 26 DE DICIEMBRE DE 2025,verified_against_official_xlsx,"Uploaded MICM XLSX: HISTORICO_PRECIOS_COMBUSTIBLES_CUARTO_TRIMESTRE_2025_Data_Cruda_1 (2).xlsx, worksheet '3ER. TRIMS. 2025', row 17"
2025-12-27,2026-01-02,2025,290.00,272.00,224.00,242.00,137.20,HISTORICO_PRECIOS_COMBUSTIBLES_CUARTO_TRIMESTRE_2025_Data_Cruda_1 (2).xlsx,observed,official_xlsx,verified_with_period_note,3ER. TRIMS. 2025,18,27 - 05 DE ENERO DE 2026,canonical_date_retained_over_source_period_error,"Uploaded MICM XLSX: HISTORICO_PRECIOS_COMBUSTIBLES_CUARTO_TRIMESTRE_2025_Data_Cruda_1 (2).xlsx, worksheet '3ER. TRIMS. 2025', row 18"
2026-01-03,2026-01-09,2026,290.10,272.50,224.80,242.00,137.00,HISTORICO_PRECIOS_COMBUSTIBLES_PRIMER_TRIMESTRE_2026_Data_Cruda_1 (1).xlsx,observed,official_xlsx,verified_official_source,3ER. TRIMS. 2025,6,03 - 09 DE ENERO DE 2026,verified_against_official_xlsx,"Uploaded MICM XLSX: HISTORICO_PRECIOS_COMBUSTIBLES_PRIMER_TRIMESTRE_2026_Data_Cruda_1 (1).xlsx, worksheet '3ER. TRIMS. 2025', row 6"
2026-01-10,2026-01-16,2026,290.00,272.00,224.00,242.00,137.00,HISTORICO_PRECIOS_COMBUSTIBLES_PRIMER_TRIMESTRE_2026_Data_Cruda_1 (1).xlsx,observed,official_xlsx,verified_official_source,3ER. TRIMS. 2025,7,10 - 16 DE ENERO DE 2026,verified_against_official_xlsx,"Uploaded MICM XLSX: HISTORICO_PRECIOS_COMBUSTIBLES_PRIMER_TRIMESTRE_2026_Data_Cruda_1 (1).xlsx, worksheet '3ER. TRIMS. 2025', row 7"
2026-01-17,2026-01-23,2026,290.00,272.00,224.00,242.00,137.00,HISTORICO_PRECIOS_COMBUSTIBLES_PRIMER_TRIMESTRE_2026_Data_Cruda_1 (1).xlsx,observed,official_xlsx,verified_official_source,3ER. TRIMS. 2025,8,17 - 23 DE ENERO DE 2026,verified_against_official_xlsx,"Uploaded MICM XLSX: HISTORICO_PRECIOS_COMBUSTIBLES_PRIMER_TRIMESTRE_2026_Data_Cruda_1 (1).xlsx, worksheet '3ER. TRIMS. 2025', row 8"
2026-01-24,2026-01-30,2026,290.00,272.00,224.00,242.00,137.00,HISTORICO_PRECIOS_COMBUSTIBLES_PRIMER_TRIMESTRE_2026_Data_Cruda_1 (1).xlsx,observed,official_xlsx,verified_official_source,3ER. TRIMS. 2025,9,24 - 30 DE ENERO DE 2026,verified_against_official_xlsx,"Uploaded MICM XLSX: HISTORICO_PRECIOS_COMBUSTIBLES_PRIMER_TRIMESTRE_2026_Data_Cruda_1 (1).xlsx, worksheet '3ER. TRIMS. 2025', row 9"
2026-01-31,2026-02-06,2026,290.00,272.00,224.00,242.00,137.00,HISTORICO_PRECIOS_COMBUSTIBLES_PRIMER_TRIMESTRE_2026_Data_Cruda_1 (1).xlsx,observed,official_xlsx,verified_with_period_note,3ER. TRIMS. 2025,10,31 ENERO - 06 DE FEBRERO DE 2026,canonical_date_retained_with_source_period_note,"Uploaded MICM XLSX: HISTORICO_PRECIOS_COMBUSTIBLES_PRIMER_TRIMESTRE_2026_Data_Cruda_1 (1).xlsx, worksheet '3ER. TRIMS. 2025', row 10"
2026-02-07,2026-02-13,2026,290.00,272.00,224.00,242.00,137.00,HISTORICO_PRECIOS_COMBUSTIBLES_PRIMER_TRIMESTRE_2026_Data_Cruda_1 (1).xlsx,observed,official_xlsx,verified_official_source,3ER. TRIMS. 2025,11,07 - 13 DE FEBRERO DE 2026,verified_against_official_xlsx,"Uploaded MICM XLSX: HISTORICO_PRECIOS_COMBUSTIBLES_PRIMER_TRIMESTRE_2026_Data_Cruda_1 (1).xlsx, worksheet '3ER. TRIMS. 2025', row 11"
2026-02-14,2026-02-20,2026,290.10,272.50,224.80,242.00,137.00,HISTORICO_PRECIOS_COMBUSTIBLES_PRIMER_TRIMESTRE_2026_Data_Cruda_1 (1).xlsx,observed,official_xlsx,verified_official_source,3ER. TRIMS. 2025,12,14 - 20 DE FEBRERO DE 2026,verified_against_official_xlsx,"Uploaded MICM XLSX: HISTORICO_PRECIOS_COMBUSTIBLES_PRIMER_TRIMESTRE_2026_Data_Cruda_1 (1).xlsx, worksheet '3ER. TRIMS. 2025', row 12"
2026-02-21,2026-02-27,2026,290.00,272.00,224.00,242.00,137.00,HISTORICO_PRECIOS_COMBUSTIBLES_PRIMER_TRIMESTRE_2026_Data_Cruda_1 (1).xlsx,observed,official_xlsx,verified_official_source,3ER. TRIMS. 2025,13,21 - 27 DE FEBRERO DE 2026,verified_against_official_xlsx,"Uploaded MICM XLSX: HISTORICO_PRECIOS_COMBUSTIBLES_PRIMER_TRIMESTRE_2026_Data_Cruda_1 (1).xlsx, worksheet '3ER. TRIMS. 2025', row 13"
2026-02-28,2026-03-06,2026,290.00,272.00,224.00,242.00,137.00,HISTORICO_PRECIOS_COMBUSTIBLES_PRIMER_TRIMESTRE_2026_Data_Cruda_1 (1).xlsx,observed,official_xlsx,verified_official_source,3ER. TRIMS. 2025,14,28 FEB. - 06 DE MARZO DE 2026,verified_against_official_xlsx,"Uploaded MICM XLSX: HISTORICO_PRECIOS_COMBUSTIBLES_PRIMER_TRIMESTRE_2026_Data_Cruda_1 (1).xlsx, worksheet '3ER. TRIMS. 2025', row 14"
2026-03-07,2026-03-13,2026,290.10,272.00,224.00,242.00,137.20,HISTORICO_PRECIOS_COMBUSTIBLES_PRIMER_TRIMESTRE_2026_Data_Cruda_1 (1).xlsx,observed,official_xlsx,verified_official_source,3ER. TRIMS. 2025,15,07 - 13 MARZO DE 2026,verified_against_official_xlsx,"Uploaded MICM XLSX: HISTORICO_PRECIOS_COMBUSTIBLES_PRIMER_TRIMESTRE_2026_Data_Cruda_1 (1).xlsx, worksheet '3ER. TRIMS. 2025', row 15"
2026-03-14,2026-03-20,2026,295.00,277.00,229.00,247.00,137.20,HISTORICO_PRECIOS_COMBUSTIBLES_PRIMER_TRIMESTRE_2026_Data_Cruda_1 (1).xlsx,observed,official_xlsx,verified_official_source,3ER. TRIMS. 2025,16,14 - 20 MARZO DE 2026,verified_against_official_xlsx,"Uploaded MICM XLSX: HISTORICO_PRECIOS_COMBUSTIBLES_PRIMER_TRIMESTRE_2026_Data_Cruda_1 (1).xlsx, worksheet '3ER. TRIMS. 2025', row 16"
2026-03-21,2026-03-27,2026,305.00,287.00,239.00,257.00,137.20,HISTORICO_PRECIOS_COMBUSTIBLES_PRIMER_TRIMESTRE_2026_Data_Cruda_1 (1).xlsx,observed,official_xlsx,verified_official_source,3ER. TRIMS. 2025,17,21 - 27 MARZO DE 2026,verified_against_official_xlsx,"Uploaded MICM XLSX: HISTORICO_PRECIOS_COMBUSTIBLES_PRIMER_TRIMESTRE_2026_Data_Cruda_1 (1).xlsx, worksheet '3ER. TRIMS. 2025', row 17"
2026-03-28,2026-04-03,2026,305.00,287.00,239.00,257.00,137.20,HISTORICO_PRECIOS_COMBUSTIBLES_PRIMER_TRIMESTRE_2026_Data_Cruda_1 (1).xlsx,observed,official_xlsx,verified_official_source,3ER. TRIMS. 2025,18,28 DE MARZO AL 03 ABRIL DE 2026,verified_against_official_xlsx,"Uploaded MICM XLSX: HISTORICO_PRECIOS_COMBUSTIBLES_PRIMER_TRIMESTRE_2026_Data_Cruda_1 (1).xlsx, worksheet '3ER. TRIMS. 2025', row 18"
2026-04-04,2026-04-10,2026,305.10,287.50,239.80,257.10,137.20,HISTORICO_PRECIOS_COMBUSTIBLES_SEGUNDO_TRIMESTRE_2026_data_cruda.xlsx,observed,official_xlsx,verified_official_source,2DO. TRIMESTRE 2026,5,04 - 10 DE ABRIL DE 2026,verified_against_official_xlsx,"Uploaded MICM XLSX: HISTORICO_PRECIOS_COMBUSTIBLES_SEGUNDO_TRIMESTRE_2026_data_cruda.xlsx, worksheet '2DO. TRIMESTRE 2026', row 5"
2026-04-11,2026-04-17,2026,314.10,294.50,246.80,266.10,137.20,HISTORICO_PRECIOS_COMBUSTIBLES_SEGUNDO_TRIMESTRE_2026_data_cruda.xlsx,observed,official_xlsx,verified_official_source,2DO. TRIMESTRE 2026,6,11 - 17 DE ABRIL DE 2026,verified_against_official_xlsx,"Uploaded MICM XLSX: HISTORICO_PRECIOS_COMBUSTIBLES_SEGUNDO_TRIMESTRE_2026_data_cruda.xlsx, worksheet '2DO. TRIMESTRE 2026', row 6"
2026-04-18,2026-04-24,2026,314.10,294.50,246.80,266.10,137.20,HISTORICO_PRECIOS_COMBUSTIBLES_SEGUNDO_TRIMESTRE_2026_data_cruda.xlsx,observed,official_xlsx,verified_official_source,2DO. TRIMESTRE 2026,7,18 - 24 DE ABRIL DE 2026,verified_against_official_xlsx,"Uploaded MICM XLSX: HISTORICO_PRECIOS_COMBUSTIBLES_SEGUNDO_TRIMESTRE_2026_data_cruda.xlsx, worksheet '2DO. TRIMESTRE 2026', row 7"
2026-04-25,2026-05-01,2026,314.10,294.50,246.80,266.10,137.20,HISTORICO_PRECIOS_COMBUSTIBLES_SEGUNDO_TRIMESTRE_2026_data_cruda.xlsx,observed,official_xlsx,verified_official_source,2DO. TRIMESTRE 2026,8,25 DE ABRIL - 01 DE MAYO DE 2026,verified_against_official_xlsx,"Uploaded MICM XLSX: HISTORICO_PRECIOS_COMBUSTIBLES_SEGUNDO_TRIMESTRE_2026_data_cruda.xlsx, worksheet '2DO. TRIMESTRE 2026', row 8"
2026-05-02,2026-05-08,2026,323.10,301.50,253.80,275.10,137.20,HISTORICO_PRECIOS_COMBUSTIBLES_SEGUNDO_TRIMESTRE_2026_data_cruda.xlsx,observed,official_xlsx,verified_official_source,2DO. TRIMESTRE 2026,9,02 - 08 DE MAYO DE 2026,verified_against_official_xlsx,"Uploaded MICM XLSX: HISTORICO_PRECIOS_COMBUSTIBLES_SEGUNDO_TRIMESTRE_2026_data_cruda.xlsx, worksheet '2DO. TRIMESTRE 2026', row 9"
2026-05-09,2026-05-15,2026,323.10,301.50,253.80,275.10,137.20,HISTORICO_PRECIOS_COMBUSTIBLES_SEGUNDO_TRIMESTRE_2026_data_cruda.xlsx,observed,official_xlsx,verified_official_source,2DO. TRIMESTRE 2026,10,09 - 15 DE MAYO DE 2026,verified_against_official_xlsx,"Uploaded MICM XLSX: HISTORICO_PRECIOS_COMBUSTIBLES_SEGUNDO_TRIMESTRE_2026_data_cruda.xlsx, worksheet '2DO. TRIMESTRE 2026', row 10"
2026-05-16,2026-05-22,2026,331.10,305.50,257.80,283.10,137.20,HISTORICO_PRECIOS_COMBUSTIBLES_SEGUNDO_TRIMESTRE_2026_data_cruda.xlsx,observed,official_xlsx,verified_official_source,2DO. TRIMESTRE 2026,11,16 - 22 DE MAYO DE 2026,verified_against_official_xlsx,"Uploaded MICM XLSX: HISTORICO_PRECIOS_COMBUSTIBLES_SEGUNDO_TRIMESTRE_2026_data_cruda.xlsx, worksheet '2DO. TRIMESTRE 2026', row 11"
2026-05-23,2026-05-29,2026,331.10,305.50,257.80,283.10,137.20,HISTORICO_PRECIOS_COMBUSTIBLES_SEGUNDO_TRIMESTRE_2026_data_cruda.xlsx,observed,official_xlsx,verified_with_period_note,2DO. TRIMESTRE 2026,12,23 - 29 DE MAYO 2026,canonical_date_retained_with_source_period_note,"Uploaded MICM XLSX: HISTORICO_PRECIOS_COMBUSTIBLES_SEGUNDO_TRIMESTRE_2026_data_cruda.xlsx, worksheet '2DO. TRIMESTRE 2026', row 12"
2026-05-30,2026-06-05,2026,335.10,307.50,259.80,287.10,137.20,HISTORICO_PRECIOS_COMBUSTIBLES_SEGUNDO_TRIMESTRE_2026_data_cruda.xlsx,observed,official_xlsx,verified_official_source,2DO. TRIMESTRE 2026,13,30 DE MAYO - 05 DE JUNIO 2026,verified_against_official_xlsx,"Uploaded MICM XLSX: HISTORICO_PRECIOS_COMBUSTIBLES_SEGUNDO_TRIMESTRE_2026_data_cruda.xlsx, worksheet '2DO. TRIMESTRE 2026', row 13"
2026-06-06,2026-06-12,2026,335.10,307.50,259.80,287.10,137.20,HISTORICO_PRECIOS_COMBUSTIBLES_SEGUNDO_TRIMESTRE_2026_data_cruda.xlsx,observed,official_xlsx,verified_official_source,2DO. TRIMESTRE 2026,14,06 - 12 DE JUNIO 2026,verified_against_official_xlsx,"Uploaded MICM XLSX: HISTORICO_PRECIOS_COMBUSTIBLES_SEGUNDO_TRIMESTRE_2026_data_cruda.xlsx, worksheet '2DO. TRIMESTRE 2026', row 14"
2026-06-13,2026-06-19,2026,341.10,310.50,262.80,293.10,137.20,HISTORICO_PRECIOS_COMBUSTIBLES_SEGUNDO_TRIMESTRE_2026_data_cruda.xlsx,observed,official_xlsx,verified_official_source,2DO. TRIMESTRE 2026,15,13 - 19 DE JUNIO 2026,verified_against_official_xlsx,"Uploaded MICM XLSX: HISTORICO_PRECIOS_COMBUSTIBLES_SEGUNDO_TRIMESTRE_2026_data_cruda.xlsx, worksheet '2DO. TRIMESTRE 2026', row 15"
2026-06-20,2026-06-26,2026,341.10,310.50,262.80,293.10,137.20,HISTORICO_PRECIOS_COMBUSTIBLES_SEGUNDO_TRIMESTRE_2026_data_cruda.xlsx,observed,official_xlsx,verified_official_source,2DO. TRIMESTRE 2026,16,20 - 26 DE JUNIO 2026,verified_against_official_xlsx,"Uploaded MICM XLSX: HISTORICO_PRECIOS_COMBUSTIBLES_SEGUNDO_TRIMESTRE_2026_data_cruda.xlsx, worksheet '2DO. TRIMESTRE 2026', row 16"
2026-06-27,2026-07-03,2026,341.10,310.50,262.80,293.10,137.20,HISTORICO_PRECIOS_COMBUSTIBLES_SEGUNDO_TRIMESTRE_2026_data_cruda.xlsx,observed,official_xlsx,verified_with_period_note,2DO. TRIMESTRE 2026,17,27 DE JUNIO - 03 JULIO 2026,canonical_date_retained_with_source_period_note,"Uploaded MICM XLSX: HISTORICO_PRECIOS_COMBUSTIBLES_SEGUNDO_TRIMESTRE_2026_data_cruda.xlsx, worksheet '2DO. TRIMESTRE 2026', row 17"
